COD_DANE,NOMBRE_MPI,DPTO_CNMBR,baseline_forest,pixeles_totales
05001,MEDELLÍN,ANTIOQUIA,22873.59,421441
05002,ABEJORRAL,ANTIOQUIA,39185.28,569829
05004,ABRIAQUÍ,ANTIOQUIA,27077.489999999998,333937
05021,ALEJANDRÍA,ANTIOQUIA,10993.32,145065
05030,AMAGÁ,ANTIOQUIA,7353.45,94551
05031,AMALFI,ANTIOQUIA,113080.59,1362026
05034,ANDES,ANTIOQUIA,37477.979999999996,451823
05036,ANGELÓPOLIS,ANTIOQUIA,7641.36,92019
05038,ANGOSTURA,ANTIOQUIA,29259.719999999998,381142
05040,ANORÍ,ANTIOQUIA,137376.81,1593152
05042,SANTA FÉ DE ANTIOQUIA,ANTIOQUIA,34770.24,591074
05044,ANZÁ,ANTIOQUIA,17444.61,287677
05045,APARTADÓ,ANTIOQUIA,50291.369999999995,603078
05051,ARBOLETES,ANTIOQUIA,43251.659999999996,851509
05055,ARGELIA,ANTIOQUIA,22508.55,275664
05059,ARMENIA,ANTIOQUIA,7726.049999999999,124104
05079,BARBOSA,ANTIOQUIA,16912.26,231344
05086,BELMIRA,ANTIOQUIA,23606.73,332954
05088,BELLO,ANTIOQUIA,9473.039999999999,166153
05091,BETANIA,ANTIOQUIA,16528.5,202712
05093,BETULIA,ANTIOQUIA,18226.89,294870
05101,CIUDAD BOLÍVAR,ANTIOQUIA,22492.26,296244
05107,BRICEÑO,ANTIOQUIA,35257.5,423897
05113,BURITICÁ,ANTIOQUIA,23192.46,399786
05120,CÁCERES,ANTIOQUIA,124989.65999999999,2113528
05125,CAICEDO,ANTIOQUIA,16273.529999999999,224996
05129,CALDAS,ANTIOQUIA,12151.98,149227
05134,CAMPAMENTO,ANTIOQUIA,20353.41,261530
05138,CAÑASGORDAS,ANTIOQUIA,35126.28,410489
05142,CARACOLÍ,ANTIOQUIA,21860.28,295699
05145,CARAMANTA,ANTIOQUIA,6743.79,103380
05147,CAREPA,ANTIOQUIA,32089.14,436310
05148,EL CARMEN DE VIBORAL,ANTIOQUIA,35346.869999999995,460118
05150,CAROLINA,ANTIOQUIA,12176.01,168393
05154,CAUCASIA,ANTIOQUIA,64074.869999999995,1612868
05172,CHIGORODÓ,ANTIOQUIA,51578.46,812712
05190,CISNEROS,ANTIOQUIA,3686.31,52760
05197,COCORNÁ,ANTIOQUIA,23193.989999999998,289983
05206,CONCEPCIÓN,ANTIOQUIA,16725.239999999998,227288
05209,CONCORDIA,ANTIOQUIA,15259.949999999999,278511
05212,COPACABANA,ANTIOQUIA,4752.45,76302
05234,DABEIBA,ANTIOQUIA,193302.81,2202038
05237,DONMATÍAS,ANTIOQUIA,15465.06,222898
05240,EBÉJICO,ANTIOQUIA,19763.82,267289
05250,EL BAGRE,ANTIOQUIA,149400.81,1760560
05264,ENTRERRÍOS,ANTIOQUIA,16676.91,241100
05266,ENVIGADO,ANTIOQUIA,5506.11,89380
05282,FREDONIA,ANTIOQUIA,19101.059999999998,285508
05284,FRONTINO,ANTIOQUIA,134681.13,1556190
05306,GIRALDO,ANTIOQUIA,6740.82,105068
05308,GIRARDOTA,ANTIOQUIA,5679.63,93202
05310,GÓMEZ PLATA,ANTIOQUIA,27835.469999999998,373931
05313,GRANADA,ANTIOQUIA,15296.039999999999,213891
05315,GUADALUPE,ANTIOQUIA,9337.77,133104
05318,GUARNE,ANTIOQUIA,9444.6,170767
05321,GUATAPÉ,ANTIOQUIA,5257.26,93707
05347,HELICONIA,ANTIOQUIA,10651.32,129140
05353,HISPANIA,ANTIOQUIA,4270.7699999999995,60841
05360,ITAGÜÍ,ANTIOQUIA,579.24,22081
05361,ITUANGO,ANTIOQUIA,270561.6,3200252
05364,JARDÍN,ANTIOQUIA,18514.71,225907
05368,JERICÓ,ANTIOQUIA,13584.689999999999,230264
05376,LA CEJA,ANTIOQUIA,9204.119999999999,149162
05380,LA ESTRELLA,ANTIOQUIA,2641.95,41371
05390,LA PINTADA,ANTIOQUIA,4157.28,60996
05400,LA UNIÓN,ANTIOQUIA,12216.33,188510
05411,LIBORINA,ANTIOQUIA,17849.16,243492
05425,MACEO,ANTIOQUIA,37334.97,512863
05440,MARINILLA,ANTIOQUIA,6102.54,126278
05467,MONTEBELLO,ANTIOQUIA,6904.889999999999,85423
05475,MURINDÓ,ANTIOQUIA,122034.51,1423246
05480,MUTATÁ,ANTIOQUIA,96909.93,1209735
05483,NARIÑO,ANTIOQUIA,27110.07,355849
05490,NECOCLÍ,ANTIOQUIA,90236.61,1416487
05495,NECHÍ,ANTIOQUIA,66160.8,1058364
05501,OLAYA,ANTIOQUIA,7054.469999999999,97855
05541,PEÑOL,ANTIOQUIA,7407.54,133077
05543,PEQUE,ANTIOQUIA,34999.11,488662
05576,PUEBLORRICO,ANTIOQUIA,6437.07,84718
05579,PUERTO BERRÍO,ANTIOQUIA,79906.41,1373271
05585,PUERTO NARE,ANTIOQUIA,36748.08,651872
05591,PUERTO TRIUNFO,ANTIOQUIA,18031.68,415542
05604,REMEDIOS,ANTIOQUIA,172757.79,2215993
05607,RETIRO,ANTIOQUIA,20196.18,272033
05615,RIONEGRO,ANTIOQUIA,9445.14,220272
05628,SABANALARGA,ANTIOQUIA,22059.54,299132
05631,SABANETA,ANTIOQUIA,1092.42,17603
05642,SALGAR,ANTIOQUIA,24432.12,323785
05647,SAN ANDRÉS DE CUERQUÍA,ANTIOQUIA,19141.92,232846
05649,SAN CARLOS,ANTIOQUIA,67667.22,806346
05652,SAN FRANCISCO,ANTIOQUIA,35389.53,398404
05656,SAN JERÓNIMO,ANTIOQUIA,13587.84,171131
05658,SAN JOSÉ DE LA MONTAÑA,ANTIOQUIA,10274.22,141918
05659,SAN JUAN DE URABÁ,ANTIOQUIA,16679.16,284604
05660,SAN LUIS,ANTIOQUIA,49470.93,583233
05664,SAN PEDRO DE LOS MILAGROS,ANTIOQUIA,18206.46,264684
05665,SAN PEDRO DE URABÁ,ANTIOQUIA,28591.92,680015
05667,SAN RAFAEL,ANTIOQUIA,33801.659999999996,409431
05670,SAN ROQUE,ANTIOQUIA,36308.79,478053
05674,SAN VICENTE FERRER,ANTIOQUIA,15372.09,259219
05679,SANTA BÁRBARA,ANTIOQUIA,15959.25,220418
05686,SANTA ROSA DE OSOS,ANTIOQUIA,63447.299999999996,973285
05690,SANTO DOMINGO,ANTIOQUIA,23469.66,299314
05697,EL SANTUARIO,ANTIOQUIA,4837.23,93966
05736,SEGOVIA,ANTIOQUIA,109219.76999999999,1278136
05756,SONSÓN,ANTIOQUIA,108010.26,1513064
05761,SOPETRÁN,ANTIOQUIA,18190.62,246403
05789,TÁMESIS,ANTIOQUIA,16933.86,283283
05790,TARAZÁ,ANTIOQUIA,95317.92,1295415
05792,TARSO,ANTIOQUIA,9050.94,135322
05809,TITIRIBÍ,ANTIOQUIA,10348.38,157716
05819,TOLEDO,ANTIOQUIA,11972.97,151377
05837,TURBO,ANTIOQUIA,213208.02,3292836
05842,URAMITA,ANTIOQUIA,23407.2,299206
05847,URRAO,ANTIOQUIA,230206.13999999998,2880401
05854,VALDIVIA,ANTIOQUIA,51225.75,639650
05856,VALPARAÍSO,ANTIOQUIA,9167.76,141721
05858,VEGACHÍ,ANTIOQUIA,49372.47,608989
05861,VENECIA,ANTIOQUIA,12337.56,161375
05873,VIGÍA DEL FUERTE,ANTIOQUIA,157780.16999999998,1866714
05885,YALÍ,ANTIOQUIA,40136.58,496439
05887,YARUMAL,ANTIOQUIA,61181.28,802387
05890,YOLOMBÓ,ANTIOQUIA,85338.36,1062714
05893,YONDÓ,ANTIOQUIA,143220.6,2134883
05895,ZARAGOZA,ANTIOQUIA,99771.84,1316491
08001,BARRANQUILLA,ATLÁNTICO,755.4599999999999,175625
08078,BARANOA,ATLÁNTICO,2530.62,138114
08137,CAMPO DE LA CRUZ,ATLÁNTICO,336.59999999999997,113675
08141,CANDELARIA,ATLÁNTICO,525.24,154363
08296,GALAPA,ATLÁNTICO,2236.5,111048
08372,JUAN DE ACOSTA,ATLÁNTICO,5557.23,191197
08421,LURUACO,ATLÁNTICO,8003.07,254410
08433,MALAMBO,ATLÁNTICO,1103.1299999999999,111474
08436,MANATÍ,ATLÁNTICO,2187.99,243540
08520,PALMAR DE VARELA,ATLÁNTICO,645.48,105043
08549,PIOJÓ,ATLÁNTICO,9473.31,298996
08558,POLONUEVO,ATLÁNTICO,344.52,84023
08560,PONEDERA,ATLÁNTICO,915.8399999999999,234896
08573,PUERTO COLOMBIA,ATLÁNTICO,1965.1499999999999,79034
08606,REPELÓN,ATLÁNTICO,10129.949999999999,410828
08634,SABANAGRANDE,ATLÁNTICO,178.92,49068
08638,SABANALARGA,ATLÁNTICO,4969.8,450262
08675,SANTA LUCÍA,ATLÁNTICO,388.53,65137
08685,SANTO TOMÁS,ATLÁNTICO,385.38,73974
08758,SOLEDAD,ATLÁNTICO,154.26,67599
08770,SUAN,ATLÁNTICO,306.71999999999997,48274
08832,TUBARÁ,ATLÁNTICO,10074.779999999999,208141
08849,USIACURÍ,ATLÁNTICO,3026.3399999999997,115333
11001,"BOGOTÁ, D.C.","BOGOTÁ, D.C.",38731.68,1819960
13001,CARTAGENA DE INDIAS,BOLÍVAR,18691.29,678787
13006,ACHÍ,BOLÍVAR,70796.34,1076355
13030,ALTOS DEL ROSARIO,BOLÍVAR,18956.88,343604
13042,ARENAL,BOLÍVAR,41893.11,522124
13052,ARJONA,BOLÍVAR,15399.9,666969
13062,ARROYOHONDO,BOLÍVAR,2576.3399999999997,186088
13074,BARRANCO DE LOBA,BOLÍVAR,26912.789999999997,487513
13140,CALAMAR,BOLÍVAR,5732.01,290126
13160,CANTAGALLO,BOLÍVAR,82690.02,993785
13188,CICUCO,BOLÍVAR,3191.58,150861
13212,CÓRDOBA,BOLÍVAR,19549.71,677182
13222,CLEMENCIA,BOLÍVAR,3435.48,97029
13244,EL CARMEN DE BOLÍVAR,BOLÍVAR,79034.84999999999,1073087
13248,EL GUAMO,BOLÍVAR,18005.04,435067
13268,EL PEÑÓN,BOLÍVAR,23230.62,360976
13300,HATILLO DE LOBA,BOLÍVAR,8182.259999999999,219929
13430,MAGANGUÉ,BOLÍVAR,33030.0,1279793
13433,MAHATES,BOLÍVAR,12442.59,490961
13440,MARGARITA,BOLÍVAR,13722.57,332474
13442,MARÍA LA BAJA,BOLÍVAR,27069.75,636954
13458,MONTECRISTO,BOLÍVAR,207639.81,2363418
13468,SANTA CRUZ DE MOMPOX,BOLÍVAR,25211.79,738564
13473,MORALES,BOLÍVAR,85841.28,1522783
13490,NOROSÍ,BOLÍVAR,39933.99,470832
13549,PINILLOS,BOLÍVAR,37558.979999999996,877742
13580,REGIDOR,BOLÍVAR,11501.279999999999,207537
13600,RÍO VIEJO,BOLÍVAR,70990.73999999999,955630
13620,SAN CRISTÓBAL,BOLÍVAR,353.25,48081
13647,SAN ESTANISLAO,BOLÍVAR,5345.099999999999,240512
13650,SAN FERNANDO,BOLÍVAR,18603.09,359369
13654,SAN JACINTO,BOLÍVAR,37748.34,502445
13655,SAN JACINTO DEL CAUCA,BOLÍVAR,42772.68,643950
13657,SAN JUAN NEPOMUCENO,BOLÍVAR,48262.68,716425
13667,SAN MARTÍN DE LOBA,BOLÍVAR,34780.68,509489
13670,SAN PABLO,BOLÍVAR,182326.32,2279285
13673,SANTA CATALINA,BOLÍVAR,7004.07,187257
13683,SANTA ROSA,BOLÍVAR,5386.7699999999995,175781
13688,SANTA ROSA DEL SUR,BOLÍVAR,217467.81,2689452
13744,SIMITÍ,BOLÍVAR,97848.81,1529258
13760,SOPLAVIENTO,BOLÍVAR,717.3,105174
13780,TALAIGUA NUEVO,BOLÍVAR,4174.11,282500
13810,TIQUISIO,BOLÍVAR,70932.15,862493
13836,TURBACO,BOLÍVAR,7261.469999999999,230165
13838,TURBANA,BOLÍVAR,4727.07,217045
13873,VILLANUEVA,BOLÍVAR,8148.15,151246
13894,ZAMBRANO,BOLÍVAR,20063.88,350723
15001,TUNJA,BOYACÁ,666.9,134460
15022,ALMEIDA,BOYACÁ,3516.2999999999997,64723
15047,AQUITANIA,BOYACÁ,47766.33,1058206
15051,ARCABUCO,BOYACÁ,7536.78,154978
15087,BELÉN,BOYACÁ,7607.25,183360
15090,BERBEO,BOYACÁ,4257.36,65146
15092,BETÉITIVA,BOYACÁ,4707.63,114498
15097,BOAVITA,BOYACÁ,7206.12,163379
15104,BOYACÁ,BOYACÁ,516.3299999999999,53949
15106,BRICEÑO,BOYACÁ,5455.08,72611
15109,BUENAVISTA,BOYACÁ,8249.31,123769
15114,BUSBANZÁ,BOYACÁ,967.5,28488
15131,CALDAS,BOYACÁ,2984.58,88747
15135,CAMPOHERMOSO,BOYACÁ,22261.95,335317
15162,CERINZA,BOYACÁ,2248.38,71483
15172,CHINAVITA,BOYACÁ,8020.98,153150
15176,CHIQUINQUIRÁ,BOYACÁ,8317.08,185422
15180,CHISCAS,BOYACÁ,26454.239999999998,741248
15183,CHITA,BOYACÁ,39005.82,761297
15185,CHITARAQUE,BOYACÁ,12727.71,178249
15187,CHIVATÁ,BOYACÁ,93.6,55649
15189,CIÉNEGA,BOYACÁ,1988.6399999999999,60649
15204,CÓMBITA,BOYACÁ,2511.99,155414
15212,COPER,BOYACÁ,13599.09,168380
15215,CORRALES,BOYACÁ,2515.14,68379
15218,COVARACHÍA,BOYACÁ,2815.38,115234
15223,CUBARÁ,BOYACÁ,104734.89,1301435
15224,CUCAITA,BOYACÁ,364.14,47341
15226,CUÍTIVA,BOYACÁ,817.74,49574
15232,CHÍQUIZA,BOYACÁ,2985.39,130932
15236,CHIVOR,BOYACÁ,8217.0,121973
15238,DUITAMA,BOYACÁ,10258.47,263058
15244,EL COCUY,BOYACÁ,6812.639999999999,267973
15248,EL ESPINO,BOYACÁ,4693.05,78070
15272,FIRAVITOBA,BOYACÁ,1179.09,122850
15276,FLORESTA,BOYACÁ,3349.17,99052
15293,GACHANTIVÁ,BOYACÁ,3941.64,99093
15296,GÁMEZA,BOYACÁ,3605.85,138944
15299,GARAGOA,BOYACÁ,11868.21,217286
15317,GUACAMAYAS,BOYACÁ,3616.83,64841
15322,GUATEQUE,BOYACÁ,1097.9099999999999,40548
15325,GUAYATÁ,BOYACÁ,7268.759999999999,112203
15332,GÜICÁN DE LA SIERRA,BOYACÁ,28830.149999999998,1070904
15362,IZA,BOYACÁ,590.76,38467
15367,JENESANO,BOYACÁ,679.3199999999999,66277
15368,JERICÓ,BOYACÁ,3230.8199999999997,148016
15377,LABRANZAGRANDE,BOYACÁ,45761.759999999995,652754
15380,LA CAPILLA,BOYACÁ,1981.8899999999999,63926
15401,LA VICTORIA,BOYACÁ,2508.39,31476
15403,LA UVITA,BOYACÁ,7228.44,181652
15407,VILLA DE LEYVA,BOYACÁ,4259.61,142267
15425,MACANAL,BOYACÁ,12806.189999999999,224458
15442,MARIPÍ,BOYACÁ,13973.22,180589
15455,MIRAFLORES,BOYACÁ,17261.55,290463
15464,MONGUA,BOYACÁ,22560.93,405330
15466,MONGUÍ,BOYACÁ,1820.4299999999998,77323
15469,MONIQUIRÁ,BOYACÁ,18648.0,245321
15476,MOTAVITA,BOYACÁ,435.78,67456
15480,MUZO,BOYACÁ,12188.25,154906
15491,NOBSA,BOYACÁ,2636.19,62361
15494,NUEVO COLÓN,BOYACÁ,1108.62,57730
15500,OICATÁ,BOYACÁ,342.9,67749
15507,OTANCHE,BOYACÁ,45052.74,533978
15511,PACHAVITA,BOYACÁ,1877.22,74875
15514,PÁEZ,BOYACÁ,26928.09,380613
15516,PAIPA,BOYACÁ,14437.619999999999,342941
15518,PAJARITO,BOYACÁ,27099.989999999998,352198
15522,PANQUEBA,BOYACÁ,2214.54,44660
15531,PAUNA,BOYACÁ,22420.98,283928
15533,PAYA,BOYACÁ,33381.72,498326
15537,PAZ DE RÍO,BOYACÁ,5579.46,137932
15542,PESCA,BOYACÁ,9063.539999999999,295542
15550,PISBA,BOYACÁ,41588.01,522236
15572,PUERTO BOYACÁ,BOYACÁ,76921.47,1701970
15580,QUÍPAMA,BOYACÁ,15076.439999999999,187997
15599,RAMIRIQUÍ,BOYACÁ,5669.37,141146
15600,RÁQUIRA,BOYACÁ,9486.0,247929
15621,RONDÓN,BOYACÁ,13629.869999999999,231790
15632,SABOYÁ,BOYACÁ,10093.949999999999,279501
15638,SÁCHICA,BOYACÁ,206.82,71830
15646,SAMACÁ,BOYACÁ,4936.139999999999,188277
15660,SAN EDUARDO,BOYACÁ,8119.44,122920
15664,SAN JOSÉ DE PARE,BOYACÁ,6629.4,83673
15667,SAN LUIS DE GACENO,BOYACÁ,26552.879999999997,527247
15673,SAN MATEO,BOYACÁ,9435.69,139344
15676,SAN MIGUEL DE SEMA,BOYACÁ,6262.65,105627
15681,SAN PABLO DE BORBUR,BOYACÁ,17577.09,220211
15686,SANTANA,BOYACÁ,6330.96,76436
15690,SANTA MARÍA,BOYACÁ,24246.27,347495
15693,SANTA ROSA DE VITERBO,BOYACÁ,4252.41,131188
15696,SANTA SOFÍA,BOYACÁ,2467.44,87208
15720,SATIVANORTE,BOYACÁ,4857.48,181466
15723,SATIVASUR,BOYACÁ,1512.6299999999999,61525
15740,SIACHOQUE,BOYACÁ,1142.37,133914
15753,SOATÁ,BOYACÁ,4410.72,138417
15755,SOCOTÁ,BOYACÁ,37016.1,678331
15757,SOCHA,BOYACÁ,6094.26,168818
15759,SOGAMOSO,BOYACÁ,4429.71,233360
15761,SOMONDOCO,BOYACÁ,3993.5699999999997,66012
15762,SORA,BOYACÁ,232.64999999999998,53763
15763,SOTAQUIRÁ,BOYACÁ,16253.91,328310
15764,SORACÁ,BOYACÁ,222.92999999999998,62648
15774,SUSACÓN,BOYACÁ,6661.71,205448
15776,SUTAMARCHÁN,BOYACÁ,1627.11,116299
15778,SUTATENZA,BOYACÁ,879.75,46180
15790,TASCO,BOYACÁ,7825.139999999999,235644
15798,TENZA,BOYACÁ,1347.03,51492
15804,TIBANÁ,BOYACÁ,2823.48,136832
15806,TIBASOSA,BOYACÁ,2577.7799999999997,105345
15808,TINJACÁ,BOYACÁ,3163.41,89629
15810,TIPACOQUE,BOYACÁ,1869.03,80929
15814,TOCA,BOYACÁ,1245.24,189045
15816,TOGÜÍ,BOYACÁ,8637.119999999999,114082
15820,TÓPAGA,BOYACÁ,1777.77,37794
15822,TOTA,BOYACÁ,4306.32,220207
15832,TUNUNGUÁ,BOYACÁ,2900.79,32837
15835,TURMEQUÉ,BOYACÁ,1362.87,89518
15837,TUTA,BOYACÁ,1878.9299999999998,185984
15839,TUTAZÁ,BOYACÁ,4205.97,137169
15842,ÚMBITA,BOYACÁ,4297.7699999999995,164055
15861,VENTAQUEMADA,BOYACÁ,3891.33,179749
15879,VIRACACHÁ,BOYACÁ,1682.55,70302
15897,ZETAQUIRA,BOYACÁ,17505.0,282414
17001,MANIZALES,CALDAS,36904.32,494930
17013,AGUADAS,CALDAS,36850.409999999996,534298
17042,ANSERMA,CALDAS,16456.5,234720
17050,ARANZAZU,CALDAS,13257.81,167903
17088,BELALCÁZAR,CALDAS,9217.08,127189
17174,CHINCHINÁ,CALDAS,10055.25,122702
17272,FILADELFIA,CALDAS,16111.08,216214
17380,LA DORADA,CALDAS,23896.079999999998,617109
17388,LA MERCED,CALDAS,7616.88,99462
17433,MANZANARES,CALDAS,17557.649999999998,222234
17442,MARMATO,CALDAS,2380.41,41410
17444,MARQUETALIA,CALDAS,8414.55,101421
17446,MARULANDA,CALDAS,27673.289999999997,422381
17486,NEIRA,CALDAS,31234.32,414527
17495,NORCASIA,CALDAS,18788.94,255698
17513,PÁCORA,CALDAS,22124.25,288922
17524,PALESTINA,CALDAS,9752.22,125927
17541,PENSILVANIA,CALDAS,43906.95,560674
17614,RIOSUCIO,CALDAS,33056.82,431262
17616,RISARALDA,CALDAS,7059.69,100854
17653,SALAMINA,CALDAS,26328.51,435755
17662,SAMANÁ,CALDAS,69971.04,851765
17665,SAN JOSÉ,CALDAS,5029.29,68376
17777,SUPÍA,CALDAS,9257.85,136347
17867,VICTORIA,CALDAS,41212.71,627844
17873,VILLAMARÍA,CALDAS,30015.36,510585
17877,VITERBO,CALDAS,6911.73,126624
18001,FLORENCIA,CAQUETÁ,204126.3,2849203
18029,ALBANIA,CAQUETÁ,14935.32,461439
18094,BELÉN DE LOS ANDAQUÍES,CAQUETÁ,92801.61,1332068
18150,CARTAGENA DEL CHAIRÁ,CAQUETÁ,1191897.63,14302826
18205,CURILLO,CAQUETÁ,28104.21,446272
18247,EL DONCELLO,CAQUETÁ,74823.3,1237337
18256,EL PAUJÍL,CAQUETÁ,71615.87999999999,1381162
18410,LA MONTAÑITA,CAQUETÁ,112771.34999999999,1902513
18460,MILÁN,CAQUETÁ,67977.09,1364826
18479,MORELIA,CAQUETÁ,16244.64,517043
18592,PUERTO RICO,CAQUETÁ,320997.87,4639626
18610,SAN JOSÉ DEL FRAGUA,CAQUETÁ,114188.58,1463989
18753,SAN VICENTE DEL CAGUÁN,CAQUETÁ,1684860.21,22595898
18756,SOLANO,CAQUETÁ,4174247.25,47306631
18785,SOLITA,CAQUETÁ,30470.67,533159
18860,VALPARAÍSO,CAQUETÁ,65597.31,1487164
19001,POPAYÁN,CAUCA,32515.469999999998,536575
19022,ALMAGUER,CAUCA,17274.78,264342
19050,ARGELIA,CAUCA,73098.9,865808
19075,BALBOA,CAUCA,25244.46,461141
19100,BOLÍVAR,CAUCA,41200.56,890579
19110,BUENOS AIRES,CAUCA,31476.6,486150
19130,CAJIBÍO,CAUCA,44391.78,617112
19137,CALDONO,CAUCA,29287.079999999998,396575
19142,CALOTO,CAUCA,15119.82,296129
19212,CORINTO,CAUCA,22674.96,364582
19256,EL TAMBO,CAUCA,238518.63,3059399
19290,FLORENCIA,CAUCA,2984.85,63230
19300,GUACHENÉ,CAUCA,2106.18,112575
19318,GUAPI,CAUCA,251783.91,2863495
19355,INZÁ,CAUCA,79027.56,968715
19364,JAMBALÓ,CAUCA,19851.12,262164
19392,LA SIERRA,CAUCA,15217.56,232721
19397,LA VEGA,CAUCA,40937.58,576340
19418,LÓPEZ DE MICAY,CAUCA,331023.77999999997,3760679
19450,MERCADERES,CAUCA,18526.5,778824
19455,MIRANDA,CAUCA,10017.81,212215
19473,MORALES,CAUCA,43444.259999999995,571575
19513,PADILLA,CAUCA,1231.2,77952
19517,PÁEZ,CAUCA,151403.22,2005754
19532,PATÍA,CAUCA,34471.35,843144
19533,PIAMONTE,CAUCA,106464.87,1234141
19548,PIENDAMÓ - TUNÍA,CAUCA,14834.97,202600
19573,PUERTO TEJADA,CAUCA,1245.69,122112
19585,PURACÉ,CAUCA,58322.07,948095
19622,ROSAS,CAUCA,12730.68,188861
19693,SAN SEBASTIÁN,CAUCA,32927.76,467954
19698,SANTANDER DE QUILICHAO,CAUCA,28181.61,579307
19701,SANTA ROSA,CAUCA,358482.14999999997,4042451
19743,SILVIA,CAUCA,42233.58,761357
19760,SOTARÁ PAISPAMBA,CAUCA,38589.93,576375
19780,SUÁREZ,CAUCA,29810.879999999997,438532
19785,SUCRE,CAUCA,9743.67,151701
19807,TIMBÍO,CAUCA,15697.349999999999,224928
19809,TIMBIQUÍ,CAUCA,202056.12,2296023
19821,TORIBÍO,CAUCA,37959.479999999996,550505
19824,TOTORÓ,CAUCA,24735.42,452163
19845,VILLA RICA,CAUCA,1229.3999999999999,91247
20001,VALLEDUPAR,CESAR,202406.58,4760947
20011,AGUACHICA,CESAR,27312.57,991720
20013,AGUSTÍN CODAZZI,CESAR,101419.2,1989726
20032,ASTREA,CESAR,19447.11,723205
20045,BECERRIL,CESAR,73472.84999999999,1389928
20060,BOSCONIA,CESAR,11841.75,665903
20175,CHIMICHAGUA,CESAR,78361.65,1559289
20178,CHIRIGUANÁ,CESAR,62764.649999999994,1263130
20228,CURUMANÍ,CESAR,61210.619999999995,1036712
20238,EL COPEY,CESAR,63743.759999999995,1086597
20250,EL PASO,CESAR,27987.12,922785
20295,GAMARRA,CESAR,5372.01,369420
20310,GONZÁLEZ,CESAR,4955.3099999999995,82179
20383,LA GLORIA,CESAR,38526.659999999996,908035
20400,LA JAGUA DE IBIRICO,CESAR,50072.4,856964
20443,MANAURE BALCÓN DEL CESAR,CESAR,11692.26,155449
20517,PAILITAS,CESAR,36557.729999999996,601861
20550,PELAYA,CESAR,23044.59,479032
20570,PUEBLO BELLO,CESAR,60792.03,845668
20614,RÍO DE ORO,CESAR,23924.52,585934
20621,LA PAZ,CESAR,67505.76,1218812
20710,SAN ALBERTO,CESAR,27274.77,621014
20750,SAN DIEGO,CESAR,32512.41,733546
20770,SAN MARTÍN,CESAR,35506.53,1121482
20787,TAMALAMEQUE,CESAR,23023.17,581048
23001,MONTERÍA,CÓRDOBA,45592.2,3543812
23068,AYAPEL,CÓRDOBA,75450.06,2219689
23079,BUENAVISTA,CÓRDOBA,10879.56,942849
23090,CANALETE,CÓRDOBA,14951.88,474568
23162,CERETÉ,CÓRDOBA,1672.3799999999999,328927
23168,CHIMÁ,CÓRDOBA,4207.7699999999995,366599
23182,CHINÚ,CÓRDOBA,8041.86,708686
23189,CIÉNAGA DE ORO,CÓRDOBA,11541.24,725183
23300,COTORRA,CÓRDOBA,722.88,99693
23350,LA APARTADA,CÓRDOBA,5578.83,324064
23417,LORICA,CÓRDOBA,19582.559999999998,1076162
23419,LOS CÓRDOBAS,CÓRDOBA,16225.47,413668
23464,MOMIL,CÓRDOBA,2631.7799999999997,179743
23466,MONTELÍBANO,CÓRDOBA,86982.3,1749566
23500,MOÑITOS,CÓRDOBA,11213.73,230035
23555,PLANETA RICA,CÓRDOBA,15522.75,1287820
23570,PUEBLO NUEVO,CÓRDOBA,18650.88,959689
23574,PUERTO ESCONDIDO,CÓRDOBA,14695.74,464844
23580,PUERTO LIBERTADOR,CÓRDOBA,113000.84999999999,1857707
23586,PURÍSIMA DE LA CONCEPCIÓN,CÓRDOBA,1523.79,133266
23660,SAHAGÚN,CÓRDOBA,8742.96,1091198
23670,SAN ANDRÉS DE SOTAVENTO,CÓRDOBA,4020.21,234018
23672,SAN ANTERO,CÓRDOBA,9206.279999999999,234869
23675,SAN BERNARDO DEL VIENTO,CÓRDOBA,9946.26,357169
23678,SAN CARLOS,CÓRDOBA,6863.94,504961
23682,SAN JOSÉ DE URÉ,CÓRDOBA,30630.239999999998,592863
23686,SAN PELAYO,CÓRDOBA,5832.9,503973
23807,TIERRALTA,CÓRDOBA,415047.24,5566281
23815,TUCHÍN,CÓRDOBA,4348.62,120447
23855,VALENCIA,CÓRDOBA,44837.1,1037329
25001,AGUA DE DIOS,CUNDINAMARCA,3457.62,96420
25019,ALBÁN,CUNDINAMARCA,4529.97,57069
25035,ANAPOIMA,CUNDINAMARCA,8879.58,139082
25040,ANOLAIMA,CUNDINAMARCA,9824.85,135746
25053,ARBELÁEZ,CUNDINAMARCA,11275.83,159754
25086,BELTRÁN,CUNDINAMARCA,13447.08,198454
25095,BITUIMA,CUNDINAMARCA,5500.53,68514
25099,BOJACÁ,CUNDINAMARCA,4761.0,114818
25120,CABRERA,CUNDINAMARCA,26864.1,472906
25123,CACHIPAY,CUNDINAMARCA,4818.42,60005
25126,CAJICÁ,CUNDINAMARCA,1323.72,57105
25148,CAPARRAPÍ,CUNDINAMARCA,49230.54,691631
25151,CÁQUEZA,CUNDINAMARCA,3696.66,125081
25154,CARMEN DE CARUPA,CUNDINAMARCA,12642.39,335389
25168,CHAGUANÍ,CUNDINAMARCA,15248.789999999999,193130
25175,CHÍA,CUNDINAMARCA,2637.54,90375
25178,CHIPAQUE,CUNDINAMARCA,7115.94,168895
25181,CHOACHÍ,CUNDINAMARCA,12845.519999999999,238377
25183,CHOCONTÁ,CUNDINAMARCA,8888.039999999999,336984
25200,COGUA,CUNDINAMARCA,5078.07,149161
25214,COTA,CUNDINAMARCA,2105.0099999999998,60295
25224,CUCUNUBÁ,CUNDINAMARCA,3396.87,123365
25245,EL COLEGIO,CUNDINAMARCA,10638.449999999999,132699
25258,EL PEÑÓN,CUNDINAMARCA,12773.609999999999,150616
25260,EL ROSAL,CUNDINAMARCA,3033.81,97917
25269,FACATATIVÁ,CUNDINAMARCA,6932.429999999999,177352
25279,FÓMEQUE,CUNDINAMARCA,24594.57,516309
25281,FOSCA,CUNDINAMARCA,6377.4,124727
25286,FUNZA,CUNDINAMARCA,1636.6499999999999,76062
25288,FÚQUENE,CUNDINAMARCA,3716.91,87019
25290,FUSAGASUGÁ,CUNDINAMARCA,12809.97,217582
25293,GACHALÁ,CUNDINAMARCA,30162.69,432040
25295,GACHANCIPÁ,CUNDINAMARCA,1579.32,48200
25297,GACHETÁ,CUNDINAMARCA,13678.74,290555
25299,GAMA,CUNDINAMARCA,6706.62,120853
25307,GIRARDOT,CUNDINAMARCA,5810.76,145985
25312,GRANADA,CUNDINAMARCA,2556.9,68101
25317,GUACHETÁ,CUNDINAMARCA,6096.87,191181
25320,GUADUAS,CUNDINAMARCA,55053.99,857558
25322,GUASCA,CUNDINAMARCA,19949.399999999998,404747
25324,GUATAQUÍ,CUNDINAMARCA,6810.21,102018
25326,GUATAVITA,CUNDINAMARCA,12710.25,283322
25328,GUAYABAL DE SÍQUIMA,CUNDINAMARCA,5808.78,69456
25335,GUAYABETAL,CUNDINAMARCA,18036.09,249904
25339,GUTIÉRREZ,CUNDINAMARCA,27665.82,508269
25368,JERUSALÉN,CUNDINAMARCA,17209.98,248924
25372,JUNÍN,CUNDINAMARCA,18874.8,385808
25377,LA CALERA,CUNDINAMARCA,16999.29,366917
25386,LA MESA,CUNDINAMARCA,11524.14,166270
25394,LA PALMA,CUNDINAMARCA,17994.059999999998,214299
25398,LA PEÑA,CUNDINAMARCA,11847.96,144244
25402,LA VEGA,CUNDINAMARCA,14134.32,174502
25407,LENGUAZAQUE,CUNDINAMARCA,4903.29,174809
25426,MACHETÁ,CUNDINAMARCA,10975.859999999999,257342
25430,MADRID,CUNDINAMARCA,3640.8599999999997,134209
25436,MANTA,CUNDINAMARCA,5012.73,121155
25438,MEDINA,CUNDINAMARCA,63101.61,1342720
25473,MOSQUERA,CUNDINAMARCA,2558.16,118891
25483,NARIÑO,CUNDINAMARCA,3377.0699999999997,61885
25486,NEMOCÓN,CUNDINAMARCA,2903.13,110461
25488,NILO,CUNDINAMARCA,15194.34,251975
25489,NIMAIMA,CUNDINAMARCA,5823.2699999999995,66855
25491,NOCAIMA,CUNDINAMARCA,6585.57,77418
25506,VENECIA,CUNDINAMARCA,11201.22,137024
25513,PACHO,CUNDINAMARCA,30541.23,452159
25518,PAIME,CUNDINAMARCA,16697.97,195062
25524,PANDI,CUNDINAMARCA,6416.639999999999,80405
25530,PARATEBUENO,CUNDINAMARCA,31199.219999999998,993233
25535,PASCA,CUNDINAMARCA,13338.18,304763
25572,PUERTO SALGAR,CUNDINAMARCA,26506.98,579792
25580,PULÍ,CUNDINAMARCA,17581.5,221831
25592,QUEBRADANEGRA,CUNDINAMARCA,6844.86,89641
25594,QUETAME,CUNDINAMARCA,9236.25,154615
25596,QUIPILE,CUNDINAMARCA,10307.52,143334
25599,APULO,CUNDINAMARCA,8485.74,136841
25612,RICAURTE,CUNDINAMARCA,4120.74,143780
25645,SAN ANTONIO DEL TEQUENDAMA,CUNDINAMARCA,7444.53,99372
25649,SAN BERNARDO,CUNDINAMARCA,15214.23,277017
25653,SAN CAYETANO,CUNDINAMARCA,21632.85,323293
25658,SAN FRANCISCO,CUNDINAMARCA,10171.89,133335
25662,SAN JUAN DE RIOSECO,CUNDINAMARCA,26746.379999999997,352493
25718,SASAIMA,CUNDINAMARCA,10696.23,125294
25736,SESQUILÉ,CUNDINAMARCA,5490.45,158507
25740,SIBATÉ,CUNDINAMARCA,5199.66,137010
25743,SILVANIA,CUNDINAMARCA,11525.31,182382
25745,SIMIJACA,CUNDINAMARCA,3791.79,108679
25754,SOACHA,CUNDINAMARCA,6641.91,210299
25758,SOPÓ,CUNDINAMARCA,3993.66,124698
25769,SUBACHOQUE,CUNDINAMARCA,8737.92,234891
25772,SUESCA,CUNDINAMARCA,2869.74,194584
25777,SUPATÁ,CUNDINAMARCA,11318.49,146412
25779,SUSA,CUNDINAMARCA,4436.37,116996
25781,SUTATAUSA,CUNDINAMARCA,3025.98,72845
25785,TABIO,CUNDINAMARCA,3200.22,84413
25793,TAUSA,CUNDINAMARCA,7683.929999999999,226738
25797,TENA,CUNDINAMARCA,4280.94,57751
25799,TENJO,CUNDINAMARCA,2904.21,128182
25805,TIBACUY,CUNDINAMARCA,6701.67,95069
25807,TIBIRITA,CUNDINAMARCA,2114.1,63510
25815,TOCAIMA,CUNDINAMARCA,11397.51,275689
25817,TOCANCIPÁ,CUNDINAMARCA,2305.44,82229
25823,TOPAIPÍ,CUNDINAMARCA,13930.56,161444
25839,UBALÁ,CUNDINAMARCA,30615.39,586327
25841,UBAQUE,CUNDINAMARCA,4966.11,120144
25843,VILLA DE SAN DIEGO DE UBATÉ,CUNDINAMARCA,3240.9,114872
25845,UNE,CUNDINAMARCA,8627.039999999999,234565
25851,ÚTICA,CUNDINAMARCA,7778.34,103434
25862,VERGARA,CUNDINAMARCA,14079.689999999999,162433
25867,VIANÍ,CUNDINAMARCA,6058.8,75355
25871,VILLAGÓMEZ,CUNDINAMARCA,5389.38,70745
25873,VILLAPINZÓN,CUNDINAMARCA,6573.0599999999995,253974
25875,VILLETA,CUNDINAMARCA,12654.0,158192
25878,VIOTÁ,CUNDINAMARCA,18931.77,225860
25885,YACOPÍ,CUNDINAMARCA,82924.37999999999,1075248
25898,ZIPACÓN,CUNDINAMARCA,3134.79,60912
25899,ZIPAQUIRÁ,CUNDINAMARCA,9679.14,218762
27001,QUIBDÓ,CHOCÓ,346482.89999999997,3935584
27006,ACANDÍ,CHOCÓ,70429.77,898668
27025,ALTO BAUDÓ,CHOCÓ,205100.55,2298083
27050,ATRATO,CHOCÓ,41384.25,472870
27073,BAGADÓ,CHOCÓ,80522.91,906068
27075,BAHÍA SOLANO,CHOCÓ,89477.37,1004039
27077,BAJO BAUDÓ,CHOCÓ,339525.72,3894827
27099,BOJAYÁ,CHOCÓ,361545.3,4075226
27135,EL CANTÓN DEL SAN PABLO,CHOCÓ,37701.45,426484
27150,CARMEN DEL DARIÉN,CHOCÓ,323283.69,3785179
27160,CÉRTEGUI,CHOCÓ,42241.409999999996,474713
27205,CONDOTO,CHOCÓ,45831.24,524244
27245,EL CARMEN DE ATRATO,CHOCÓ,78259.14,932026
27250,EL LITORAL DEL SAN JUAN,CHOCÓ,403594.64999999997,4625917
27361,ISTMINA,CHOCÓ,186081.3,2104946
27372,JURADÓ,CHOCÓ,124526.97,1405678
27413,LLORÓ,CHOCÓ,83460.87,945735
27425,MEDIO ATRATO,CHOCÓ,177550.83,2034725
27430,MEDIO BAUDÓ,CHOCÓ,136838.88,1536736
27450,MEDIO SAN JUAN,CHOCÓ,64850.13,742988
27491,NÓVITA,CHOCÓ,90765.0,1059004
27493,NUEVO BELÉN DE BAJIRÁ,CHOCÓ,94610.16,1449888
27495,NUQUÍ,CHOCÓ,70330.86,788797
27580,RÍO IRÓ,CHOCÓ,31946.399999999998,364461
27600,RÍO QUITO,CHOCÓ,69380.37,783675
27615,RIOSUCIO,CHOCÓ,603040.86,6895314
27660,SAN JOSÉ DEL PALMAR,CHOCÓ,156430.62,1773671
27745,SIPÍ,CHOCÓ,155060.63999999998,1766132
27787,TADÓ,CHOCÓ,69551.19,801655
27800,UNGUÍA,CHOCÓ,98187.3,1340913
27810,UNIÓN PANAMERICANA,CHOCÓ,17352.36,199298
41001,NEIVA,HUILA,72000.54,1421677
41006,ACEVEDO,HUILA,47868.03,583297
41013,AGRADO,HUILA,10793.43,306189
41016,AIPE,HUILA,28385.46,890957
41020,ALGECIRAS,HUILA,50146.02,659916
41026,ALTAMIRA,HUILA,8450.73,202398
41078,BARAYA,HUILA,50998.5,880291
41132,CAMPOALEGRE,HUILA,22618.98,517973
41206,COLOMBIA,HUILA,128799.26999999999,1775876
41244,ELÍAS,HUILA,5716.08,89930
41298,GARZÓN,HUILA,48154.59,678428
41306,GIGANTE,HUILA,33774.21,563584
41319,GUADALUPE,HUILA,20678.13,279156
41349,HOBO,HUILA,8383.32,217348
41357,ÍQUIRA,HUILA,27199.89,398960
41359,ISNOS,HUILA,30421.079999999998,414275
41378,LA ARGENTINA,HUILA,32308.11,398466
41396,LA PLATA,HUILA,66553.38,910950
41483,NÁTAGA,HUILA,11218.5,147579
41503,OPORAPA,HUILA,13588.38,174188
41518,PAICOL,HUILA,15135.119999999999,311294
41524,PALERMO,HUILA,40331.61,989806
41530,PALESTINA,HUILA,18615.87,220080
41548,PITAL,HUILA,11949.3,216576
41551,PITALITO,HUILA,50695.74,704886
41615,RIVERA,HUILA,14940.449999999999,281210
41660,SALADOBLANCO,HUILA,44575.29,521566
41668,SAN AGUSTÍN,HUILA,132133.32,1553619
41676,SANTA MARÍA,HUILA,28704.96,379829
41770,SUAZA,HUILA,32254.289999999997,480440
41791,TARQUI,HUILA,22259.61,405724
41797,TESALIA,HUILA,16065.63,410627
41799,TELLO,HUILA,29960.91,593984
41801,TERUEL,HUILA,36766.71,527874
41807,TIMANÁ,HUILA,15155.64,207664
41872,VILLAVIEJA,HUILA,7245.45,609214
41885,YAGUARÁ,HUILA,8190.8099999999995,372535
44001,RIOHACHA,LA GUAJIRA,212749.83,3519477
44035,ALBANIA,LA GUAJIRA,35700.479999999996,621962
44078,BARRANCAS,LA GUAJIRA,63215.189999999995,911726
44090,DIBULLA,LA GUAJIRA,134284.77,1993234
44098,DISTRACCIÓN,LA GUAJIRA,16233.029999999999,263900
44110,EL MOLINO,LA GUAJIRA,17532.18,275415
44279,FONSECA,LA GUAJIRA,32490.36,538803
44378,HATONUEVO,LA GUAJIRA,12356.01,244400
44420,LA JAGUA DEL PILAR,LA GUAJIRA,11454.66,204124
44430,MAICAO,LA GUAJIRA,47686.409999999996,2015177
44560,MANAURE,LA GUAJIRA,5703.12,1846760
44650,SAN JUAN DEL CESAR,LA GUAJIRA,58345.47,1491871
44847,URIBIA,LA GUAJIRA,8559.72,9000383
44855,URUMITA,LA GUAJIRA,20132.01,279978
44874,VILLANUEVA,LA GUAJIRA,15476.039999999999,295710
47001,SANTA MARTA,MAGDALENA,200533.13999999998,2674403
47030,ALGARROBO,MAGDALENA,11516.22,461793
47053,ARACATACA,MAGDALENA,116977.76999999999,1980473
47058,ARIGUANÍ,MAGDALENA,20788.92,1284340
47161,CERRO DE SAN ANTONIO,MAGDALENA,1901.61,201366
47170,CHIVOLO,MAGDALENA,13235.49,609333
47189,CIÉNAGA,MAGDALENA,114605.45999999999,1515459
47205,CONCORDIA,MAGDALENA,836.4599999999999,124363
47245,EL BANCO,MAGDALENA,30875.309999999998,922863
47258,EL PIÑÓN,MAGDALENA,8407.08,633154
47268,EL RETÉN,MAGDALENA,14947.109999999999,298286
47288,FUNDACIÓN,MAGDALENA,73356.03,1105029
47318,GUAMAL,MAGDALENA,23057.1,639556
47460,NUEVA GRANADA,MAGDALENA,8744.67,955276
47541,PEDRAZA,MAGDALENA,3645.18,347264
47545,PIJIÑO DEL CARMEN,MAGDALENA,14648.039999999999,750147
47551,PIVIJAY,MAGDALENA,44472.869999999995,1864952
47555,PLATO,MAGDALENA,33090.299999999996,1653352
47570,PUEBLOVIEJO,MAGDALENA,20602.62,773850
47605,REMOLINO,MAGDALENA,18156.239999999998,676822
47660,SABANAS DE SAN ÁNGEL,MAGDALENA,44208.63,1407133
47675,SALAMINA,MAGDALENA,1196.9099999999999,193841
47692,SAN SEBASTIÁN DE BUENAVISTA,MAGDALENA,15517.349999999999,495967
47703,SAN ZENÓN,MAGDALENA,9569.25,304689
47707,SANTA ANA,MAGDALENA,21831.48,1270281
47720,SANTA BÁRBARA DE PINTO,MAGDALENA,6197.49,560866
47745,SITIONUEVO,MAGDALENA,18180.809999999998,1105333
47798,TENERIFE,MAGDALENA,11701.08,558638
47960,ZAPAYÁN,MAGDALENA,3588.8399999999997,423562
47980,ZONA BANANERA,MAGDALENA,30388.5,496193
50001,VILLAVICENCIO,META,38327.85,1441817
50006,ACACÍAS,META,63558.54,1259777
50110,BARRANCA DE UPÍA,META,13357.08,452884
50124,CABUYARO,META,21634.02,1024462
50150,CASTILLA LA NUEVA,META,12533.85,576961
50223,CUBARRAL,META,72908.28,1297987
50226,CUMARAL,META,14421.15,700696
50245,EL CALVARIO,META,21860.01,303195
50251,EL CASTILLO,META,31971.329999999998,636809
50270,EL DORADO,META,5618.16,131540
50287,FUENTE DE ORO,META,14276.43,639748
50313,GRANADA,META,6660.2699999999995,390313
50318,GUAMAL,META,33382.619999999995,667878
50325,MAPIRIPÁN,META,769157.64,13365709
50330,MESETAS,META,189385.19999999998,2554932
50350,LA MACARENA,META,669197.52,9088160
50370,URIBE,META,610011.1799999999,7236945
50400,LEJANÍAS,META,62049.689999999995,913911
50450,PUERTO CONCORDIA,META,74270.06999999999,1409047
50568,PUERTO GAITÁN,META,327333.6,19307155
50573,PUERTO LÓPEZ,META,137325.33,7746758
50577,PUERTO LLERAS,META,104063.76,2840215
50590,PUERTO RICO,META,257658.66,3820007
50606,RESTREPO,META,13044.15,409490
50680,SAN CARLOS DE GUAROA,META,33224.85,905659
50683,SAN JUAN DE ARAMA,META,48982.5,1307478
50686,SAN JUANITO,META,20177.91,274730
50689,SAN MARTÍN,META,137416.77,6646997
50711,VISTAHERMOSA,META,401964.12,5399084
52001,PASTO,NARIÑO,79096.31999999999,1226336
52019,ALBÁN,NARIÑO,3064.23,43090
52022,ALDANA,NARIÑO,1745.37,53048
52036,ANCUYA,NARIÑO,2297.88,76807
52051,ARBOLEDA,NARIÑO,3650.7599999999998,67152
52079,BARBACOAS,NARIÑO,271543.77,3042400
52083,BELÉN,NARIÑO,2296.17,46679
52110,BUESACO,NARIÑO,39777.39,709538
52203,COLÓN,NARIÑO,4403.79,68929
52207,CONSACÁ,NARIÑO,9442.26,133078
52210,CONTADERO,NARIÑO,1156.23,48160
52215,CÓRDOBA,NARIÑO,25596.45,339665
52224,CUASPUD CARLOSAMA,NARIÑO,1495.8899999999999,63677
52227,CUMBAL,NARIÑO,61580.61,1019286
52233,CUMBITARA,NARIÑO,26902.17,395977
52240,CHACHAGÜÍ,NARIÑO,7116.66,163158
52250,EL CHARCO,NARIÑO,240416.81999999998,2776133
52254,EL PEÑOL,NARIÑO,3545.5499999999997,135058
52256,EL ROSARIO,NARIÑO,40630.59,580288
52258,EL TABLÓN DE GÓMEZ,NARIÑO,24888.96,342507
52260,EL TAMBO,NARIÑO,11861.73,274688
52287,FUNES,NARIÑO,31306.14,440243
52317,GUACHUCAL,NARIÑO,5076.36,173448
52320,GUAITARILLA,NARIÑO,1807.02,130119
52323,GUALMATÁN,NARIÑO,1617.6599999999999,33391
52352,ILES,NARIÑO,1772.01,89753
52354,IMUÉS,NARIÑO,924.2099999999999,91122
52356,IPIALES,NARIÑO,125515.70999999999,1752396
52378,LA CRUZ,NARIÑO,14982.66,266612
52381,LA FLORIDA,NARIÑO,8259.119999999999,152016
52385,LA LLANADA,NARIÑO,22326.48,273061
52390,LA TOLA,NARIÑO,32174.19,463185
52399,LA UNIÓN,NARIÑO,8013.599999999999,158623
52405,LEIVA,NARIÑO,17467.11,346323
52411,LINARES,NARIÑO,7766.46,151221
52418,LOS ANDES,NARIÑO,86497.37999999999,1066464
52427,MAGÜÍ,NARIÑO,177513.03,2013866
52435,MALLAMA,NARIÑO,47682.54,633873
52473,MOSQUERA,NARIÑO,59976.45,854933
52480,NARIÑO,NARIÑO,867.3299999999999,28223
52490,OLAYA HERRERA,NARIÑO,87105.78,1116835
52506,OSPINA,NARIÑO,1011.9599999999999,72269
52520,FRANCISCO PIZARRO,NARIÑO,50265.18,584183
52540,POLICARPA,NARIÑO,33987.69,484190
52560,POTOSÍ,NARIÑO,32730.66,432910
52565,PROVIDENCIA,NARIÑO,3096.99,44574
52573,PUERRES,NARIÑO,31555.71,390435
52585,PUPIALES,NARIÑO,4724.099999999999,144521
52612,RICAURTE,NARIÑO,104745.59999999999,1175472
52621,ROBERTO PAYÁN,NARIÑO,139003.74,1622210
52678,SAMANIEGO,NARIÑO,55170.9,674294
52683,SANDONÁ,NARIÑO,6909.48,113306
52685,SAN BERNARDO,NARIÑO,4630.679999999999,72731
52687,SAN LORENZO,NARIÑO,13131.63,277955
52693,SAN PABLO,NARIÑO,6698.969999999999,124873
52694,SAN PEDRO DE CARTAGO,NARIÑO,3328.3799999999997,62082
52696,SANTA BÁRBARA,NARIÑO,117024.48,1364844
52699,SANTACRUZ,NARIÑO,47739.06,602309
52720,SAPUYES,NARIÑO,3637.08,128765
52786,TAMINANGO,NARIÑO,6602.219999999999,261666
52788,TANGUA,NARIÑO,10364.22,243029
52835,SAN ANDRÉS DE TUMACO,NARIÑO,339662.25,4015572
52838,TÚQUERRES,NARIÑO,10750.23,241101
52885,YACUANQUER,NARIÑO,3266.2799999999997,114546
54001,SAN JOSÉ DE CÚCUTA,NORTE DE SANTANDER,67223.79,1279768
54003,ÁBREGO,NORTE DE SANTANDER,85097.34,1560882
54051,ARBOLEDAS,NORTE DE SANTANDER,37590.659999999996,514439
54099,BOCHALEMA,NORTE DE SANTANDER,14215.32,192014
54109,BUCARASICA,NORTE DE SANTANDER,22935.6,305712
54125,CÁCOTA,NORTE DE SANTANDER,6085.349999999999,156511
54128,CÁCHIRA,NORTE DE SANTANDER,50578.2,694710
54172,CHINÁCOTA,NORTE DE SANTANDER,13080.779999999999,187440
54174,CHITAGÁ,NORTE DE SANTANDER,87265.08,1334616
54206,CONVENCIÓN,NORTE DE SANTANDER,88838.28,1054263
54223,CUCUTILLA,NORTE DE SANTANDER,29453.76,422670
54239,DURANIA,NORTE DE SANTANDER,14713.199999999999,197403
54245,EL CARMEN,NORTE DE SANTANDER,164052.72,1955155
54250,EL TARRA,NORTE DE SANTANDER,64231.38,796202
54261,EL ZULIA,NORTE DE SANTANDER,36738.09,570412
54313,GRAMALOTE,NORTE DE SANTANDER,11217.779999999999,168155
54344,HACARÍ,NORTE DE SANTANDER,37215.45,473466
54347,HERRÁN,NORTE DE SANTANDER,6002.91,120564
54377,LABATECA,NORTE DE SANTANDER,20526.93,288449
54385,LA ESPERANZA,NORTE DE SANTANDER,38918.34,755862
54398,LA PLAYA,NORTE DE SANTANDER,15846.21,273628
54405,LOS PATIOS,NORTE DE SANTANDER,7084.71,142534
54418,LOURDES,NORTE DE SANTANDER,7208.73,97744
54480,MUTISCUA,NORTE DE SANTANDER,6530.849999999999,179016
54498,OCAÑA,NORTE DE SANTANDER,41387.31,625641
54518,PAMPLONA,NORTE DE SANTANDER,18712.17,336159
54520,PAMPLONITA,NORTE DE SANTANDER,12790.26,192686
54553,PUERTO SANTANDER,NORTE DE SANTANDER,1844.46,50777
54599,RAGONVALIA,NORTE DE SANTANDER,5821.29,110164
54660,SALAZAR,NORTE DE SANTANDER,42040.619999999995,557233
54670,SAN CALIXTO,NORTE DE SANTANDER,35335.89,449893
54673,SAN CAYETANO,NORTE DE SANTANDER,8015.849999999999,156886
54680,SANTIAGO,NORTE DE SANTANDER,13054.949999999999,194682
54720,SARDINATA,NORTE DE SANTANDER,138662.82,1657729
54743,SILOS,NORTE DE SANTANDER,6328.26,441980
54800,TEORAMA,NORTE DE SANTANDER,89003.06999999999,1048680
54810,TIBÚ,NORTE DE SANTANDER,246421.08,3030548
54820,TOLEDO,NORTE DE SANTANDER,134097.03,1691330
54871,VILLA CARO,NORTE DE SANTANDER,28562.76,452686
54874,VILLA DEL ROSARIO,NORTE DE SANTANDER,3083.7599999999998,103482
63001,ARMENIA,QUINDÍO,8112.42,135947
63111,BUENAVISTA,QUINDÍO,3500.1,42891
63130,CALARCÁ,QUINDÍO,17537.399999999998,246707
63190,CIRCASIA,QUINDÍO,6847.2,101715
63212,CÓRDOBA,QUINDÍO,8467.199999999999,105187
63272,FILANDIA,QUINDÍO,8568.539999999999,119501
63302,GÉNOVA,QUINDÍO,25865.55,331367
63401,LA TEBAIDA,QUINDÍO,5373.63,100211
63470,MONTENEGRO,QUINDÍO,9994.77,167326
63548,PIJAO,QUINDÍO,21639.69,277935
63594,QUIMBAYA,QUINDÍO,10357.199999999999,149441
63690,SALENTO,QUINDÍO,28002.329999999998,389258
66001,PEREIRA,RISARALDA,37060.02,681874
66045,APÍA,RISARALDA,13656.15,168241
66075,BALBOA,RISARALDA,8894.88,133994
66088,BELÉN DE UMBRÍA,RISARALDA,14833.89,202630
66170,DOSQUEBRADAS,RISARALDA,5277.51,78634
66318,GUÁTICA,RISARALDA,7706.61,113159
66383,LA CELIA,RISARALDA,8606.789999999999,103693
66400,LA VIRGINIA,RISARALDA,2412.54,36944
66440,MARSELLA,RISARALDA,13298.49,167481
66456,MISTRATÓ,RISARALDA,55455.75,633781
66572,PUEBLO RICO,RISARALDA,59678.909999999996,688606
66594,QUINCHÍA,RISARALDA,11207.25,157292
66682,SANTA ROSA DE CABAL,RISARALDA,43352.1,609674
66687,SANTUARIO,RISARALDA,16327.26,214041
68001,BUCARAMANGA,SANTANDER,10287.449999999999,173283
68013,AGUADA,SANTANDER,6428.25,84625
68020,ALBANIA,SANTANDER,13822.289999999999,186834
68051,ARATOCA,SANTANDER,6363.8099999999995,191137
68077,BARBOSA,SANTANDER,3369.87,52546
68079,BARICHARA,SANTANDER,5008.32,154544
68081,BARRANCABERMEJA,SANTANDER,80264.52,1495181
68092,BETULIA,SANTANDER,31972.86,485837
68101,BOLÍVAR,SANTANDER,78793.11,1136145
68121,CABRERA,SANTANDER,4087.89,73821
68132,CALIFORNIA,SANTANDER,3282.5699999999997,50725
68147,CAPITANEJO,SANTANDER,3163.41,95961
68152,CARCASÍ,SANTANDER,11811.33,291403
68160,CEPITÁ,SANTANDER,4294.26,121560
68162,CERRITO,SANTANDER,7677.99,473966
68167,CHARALÁ,SANTANDER,31999.77,471500
68169,CHARTA,SANTANDER,10156.77,142797
68176,CHIMA,SANTANDER,14751.99,194906
68179,CHIPATÁ,SANTANDER,5355.09,106776
68190,CIMITARRA,SANTANDER,198719.72999999998,3572462
68207,CONCEPCIÓN,SANTANDER,10263.69,379427
68209,CONFINES,SANTANDER,4991.49,80358
68211,CONTRATACIÓN,SANTANDER,12496.05,154368
68217,COROMORO,SANTANDER,46249.47,649486
68229,CURITÍ,SANTANDER,10048.949999999999,274891
68235,EL CARMEN DE CHUCURÍ,SANTANDER,83898.62999999999,1040391
68245,EL GUACAMAYO,SANTANDER,8151.57,104578
68250,EL PEÑÓN,SANTANDER,36818.28,447898
68255,EL PLAYÓN,SANTANDER,40445.909999999996,513119
68264,ENCINO,SANTANDER,29741.579999999998,450230
68266,ENCISO,SANTANDER,4779.2699999999995,84189
68271,FLORIÁN,SANTANDER,15527.519999999999,198521
68276,FLORIDABLANCA,SANTANDER,7213.95,112878
68296,GALÁN,SANTANDER,13712.49,227119
68298,GÁMBITA,SANTANDER,49167.0,683793
68307,GIRÓN,SANTANDER,24910.379999999997,554465
68318,GUACA,SANTANDER,11890.98,303534
68320,GUADALUPE,SANTANDER,11583.63,164620
68322,GUAPOTÁ,SANTANDER,4899.42,75733
68324,GUAVATÁ,SANTANDER,7932.87,94223
68327,GÜEPSA,SANTANDER,2375.73,33896
68344,HATO,SANTANDER,14604.48,190252
68368,JESÚS MARÍA,SANTANDER,7697.969999999999,100754
68370,JORDÁN,SANTANDER,2148.93,44918
68377,LA BELLEZA,SANTANDER,31411.8,376902
68385,LANDÁZURI,SANTANDER,52761.42,664083
68397,LA PAZ,SANTANDER,26655.39,319882
68406,LEBRIJA,SANTANDER,35966.43,620394
68418,LOS SANTOS,SANTANDER,4100.58,326713
68425,MACARAVITA,SANTANDER,5315.04,115755
68432,MÁLAGA,SANTANDER,2145.42,64329
68444,MATANZA,SANTANDER,19959.21,265750
68464,MOGOTES,SANTANDER,33712.74,544585
68468,MOLAGAVITA,SANTANDER,8929.71,203099
68498,OCAMONTE,SANTANDER,5619.15,84597
68500,OIBA,SANTANDER,23262.84,323786
68502,ONZAGA,SANTANDER,36384.21,550285
68522,PALMAR,SANTANDER,1180.71,22159
68524,PALMAS DEL SOCORRO,SANTANDER,4198.95,65882
68533,PÁRAMO,SANTANDER,3674.16,82120
68547,PIEDECUESTA,SANTANDER,31147.829999999998,545942
68549,PINCHOTE,SANTANDER,3777.5699999999997,62495
68572,PUENTE NACIONAL,SANTANDER,19362.149999999998,282939
68573,PUERTO PARRA,SANTANDER,49937.4,858442
68575,PUERTO WILCHES,SANTANDER,94835.25,1671784
68615,RIONEGRO,SANTANDER,65037.509999999995,1317711
68655,SABANA DE TORRES,SANTANDER,77115.42,1611441
68669,SAN ANDRÉS,SANTANDER,17494.649999999998,316960
68673,SAN BENITO,SANTANDER,5123.61,66484
68679,SAN GIL,SANTANDER,6836.67,165264
68682,SAN JOAQUÍN,SANTANDER,9493.65,161027
68684,SAN JOSÉ DE MIRANDA,SANTANDER,1686.87,84756
68686,SAN MIGUEL,SANTANDER,5686.469999999999,80110
68689,SAN VICENTE DE CHUCURÍ,SANTANDER,93406.41,1257480
68705,SANTA BÁRBARA,SANTANDER,14441.939999999999,201171
68720,SANTA HELENA DEL OPÓN,SANTANDER,36776.97,420699
68745,SIMACOTA,SANTANDER,72023.12999999999,1018640
68755,SOCORRO,SANTANDER,10025.19,143837
68770,SUAITA,SANTANDER,25262.82,318734
68773,SUCRE,SANTANDER,45983.25,587648
68780,SURATÁ,SANTANDER,25696.35,409324
68820,TONA,SANTANDER,12923.46,372713
68855,VALLE DE SAN JOSÉ,SANTANDER,5820.21,91272
68861,VÉLEZ,SANTANDER,38685.51,503714
68867,VETAS,SANTANDER,2561.13,104172
68872,VILLANUEVA,SANTANDER,1223.82,109859
68895,ZAPATOCA,SANTANDER,17330.22,410396
70001,SINCELEJO,SUCRE,7551.63,316827
70110,BUENAVISTA,SUCRE,1165.68,165916
70124,CAIMITO,SUCRE,12053.25,466516
70204,COLOSÓ,SUCRE,7611.12,148658
70215,COROZAL,SUCRE,3287.97,323961
70221,COVEÑAS,SUCRE,2359.7999999999997,64113
70230,CHALÁN,SUCRE,5491.17,94865
70233,EL ROBLE,SUCRE,5408.73,224624
70235,GALERAS,SUCRE,6863.219999999999,364444
70265,GUARANDA,SUCRE,20274.84,409003
70400,LA UNIÓN,SUCRE,3865.3199999999997,262802
70418,LOS PALMITOS,SUCRE,3351.7799999999997,225330
70429,MAJAGUAL,SUCRE,42990.21,955491
70473,MORROA,SUCRE,7929.45,192599
70508,OVEJAS,SUCRE,29395.98,521469
70523,PALMITO,SUCRE,3592.44,197875
70670,SAMPUÉS,SUCRE,3180.6,242135
70678,SAN BENITO ABAD,SUCRE,78714.72,1690562
70702,SAN JUAN DE BETULIA,SUCRE,1473.6599999999999,190437
70708,SAN MARCOS,SUCRE,34888.32,1097034
70713,SAN ONOFRE,SUCRE,46408.77,1174166
70717,SAN PEDRO,SUCRE,87.84,241336
70742,SAN LUIS DE SINCÉ,SUCRE,4121.73,474563
70771,SUCRE,SUCRE,73924.11,1280001
70820,SANTIAGO DE TOLÚ,SUCRE,6635.79,342806
70823,SAN JOSÉ DE TOLUVIEJO,SUCRE,6016.95,322909
73001,IBAGUÉ,TOLIMA,96068.97,1544470
73024,ALPUJARRA,TOLIMA,25929.539999999997,561804
73026,ALVARADO,TOLIMA,17023.23,386291
73030,AMBALEMA,TOLIMA,9160.109999999999,267170
73043,ANZOÁTEGUI,TOLIMA,30344.039999999997,526872
73055,ARMERO,TOLIMA,23748.84,494645
73067,ATACO,TOLIMA,66224.61,1139648
73124,CAJAMARCA,TOLIMA,40125.42,570153
73148,CARMEN DE APICALÁ,TOLIMA,10788.21,213963
73152,CASABIANCA,TOLIMA,12335.49,196340
73168,CHAPARRAL,TOLIMA,157212.9,2354606
73200,COELLO,TOLIMA,18663.39,385303
73217,COYAIMA,TOLIMA,17500.41,749689
73226,CUNDAY,TOLIMA,40188.96,568974
73236,DOLORES,TOLIMA,43088.04,730573
73268,ESPINAL,TOLIMA,4016.8799999999997,242732
73270,FALAN,TOLIMA,13992.119999999999,203549
73275,FLANDES,TOLIMA,813.6899999999999,108554
73283,FRESNO,TOLIMA,19722.239999999998,246623
73319,GUAMO,TOLIMA,8467.56,566979
73347,HERVEO,TOLIMA,24758.46,362263
73349,HONDA,TOLIMA,21753.18,342322
73352,ICONONZO,TOLIMA,18195.21,241289
73408,LÉRIDA,TOLIMA,14783.849999999999,305199
73411,LÍBANO,TOLIMA,24800.309999999998,316895
73443,SAN SEBASTIÁN DE MARIQUITA,TOLIMA,20454.48,329399
73449,MELGAR,TOLIMA,13822.019999999999,226728
73461,MURILLO,TOLIMA,17625.6,475644
73483,NATAGAIMA,TOLIMA,29628.09,963266
73504,ORTEGA,TOLIMA,51903.54,1068924
73520,PALOCABILDO,TOLIMA,5788.62,72984
73547,PIEDRAS,TOLIMA,14100.3,397571
73555,PLANADAS,TOLIMA,152340.93,1963119
73563,PRADO,TOLIMA,25044.57,474085
73585,PURIFICACIÓN,TOLIMA,20836.26,450784
73616,RIOBLANCO,TOLIMA,164781.0,2290764
73622,RONCESVALLES,TOLIMA,49488.57,869386
73624,ROVIRA,TOLIMA,57862.619999999995,828970
73671,SALDAÑA,TOLIMA,2950.29,216593
73675,SAN ANTONIO,TOLIMA,32301.809999999998,429601
73678,SAN LUIS,TOLIMA,16851.69,462146
73686,SANTA ISABEL,TOLIMA,11475.63,303128
73770,SUÁREZ,TOLIMA,10150.289999999999,213133
73854,VALLE DE SAN JUAN,TOLIMA,10450.26,221817
73861,VENADILLO,TOLIMA,18098.64,375481
73870,VILLAHERMOSA,TOLIMA,19663.649999999998,313353
73873,VILLARRICA,TOLIMA,40781.79,482548
76001,SANTIAGO DE CALI,VALLE DEL CAUCA,27389.34,629693
76020,ALCALÁ,VALLE DEL CAUCA,4516.74,69919
76036,ANDALUCÍA,VALLE DEL CAUCA,4254.12,123719
76041,ANSERMANUEVO,VALLE DEL CAUCA,18936.09,342445
76054,ARGELIA,VALLE DEL CAUCA,8077.41,101785
76100,BOLÍVAR,VALLE DEL CAUCA,57480.21,832786
76109,BUENAVENTURA,VALLE DEL CAUCA,608751.0,7037234
76111,GUADALAJARA DE BUGA,VALLE DEL CAUCA,51764.939999999995,924678
76113,BUGALAGRANDE,VALLE DEL CAUCA,20053.8,444435
76122,CAICEDONIA,VALLE DEL CAUCA,12466.26,187134
76126,CALIMA,VALLE DEL CAUCA,70351.38,887891
76130,CANDELARIA,VALLE DEL CAUCA,3105.72,331670
76147,CARTAGO,VALLE DEL CAUCA,10169.279999999999,278285
76233,DAGUA,VALLE DEL CAUCA,72932.4,1025146
76243,EL ÁGUILA,VALLE DEL CAUCA,16597.17,210597
76246,EL CAIRO,VALLE DEL CAUCA,17653.5,240076
76248,EL CERRITO,VALLE DEL CAUCA,25034.94,494600
76250,EL DOVIO,VALLE DEL CAUCA,16323.21,264615
76275,FLORIDA,VALLE DEL CAUCA,23733.899999999998,449294
76306,GINEBRA,VALLE DEL CAUCA,19753.02,300840
76318,GUACARÍ,VALLE DEL CAUCA,9519.029999999999,181871
76364,JAMUNDÍ,VALLE DEL CAUCA,38794.409999999996,703383
76377,LA CUMBRE,VALLE DEL CAUCA,13342.769999999999,285731
76400,LA UNIÓN,VALLE DEL CAUCA,4003.3799999999997,135455
76403,LA VICTORIA,VALLE DEL CAUCA,12525.3,296665
76497,OBANDO,VALLE DEL CAUCA,8243.64,240628
76520,PALMIRA,VALLE DEL CAUCA,47743.56,1124837
76563,PRADERA,VALLE DEL CAUCA,19664.82,399226
76606,RESTREPO,VALLE DEL CAUCA,6825.42,153524
76616,RIOFRÍO,VALLE DEL CAUCA,21052.71,344905
76622,ROLDANILLO,VALLE DEL CAUCA,9189.18,263231
76670,SAN PEDRO,VALLE DEL CAUCA,12532.14,226302
76736,SEVILLA,VALLE DEL CAUCA,38850.03,601854
76823,TORO,VALLE DEL CAUCA,7975.62,196983
76828,TRUJILLO,VALLE DEL CAUCA,21496.05,344566
76834,TULUÁ,VALLE DEL CAUCA,61407.99,1018491
76845,ULLOA,VALLE DEL CAUCA,3199.5899999999997,46953
76863,VERSALLES,VALLE DEL CAUCA,12001.949999999999,224778
76869,VIJES,VALLE DEL CAUCA,5895.09,126377
76890,YOTOCO,VALLE DEL CAUCA,15578.64,366785
76892,YUMBO,VALLE DEL CAUCA,7277.58,257955
76895,ZARZAL,VALLE DEL CAUCA,17434.71,412254
81001,ARAUCA,ARAUCA,111416.12999999999,6493703
81065,ARAUQUITA,ARAUCA,179611.56,3423724
81220,CRAVO NORTE,ARAUCA,37764.0,5837080
81300,FORTUL,ARAUCA,73647.45,1302672
81591,PUERTO RONDÓN,ARAUCA,64375.29,2560083
81736,SARAVENA,ARAUCA,58319.64,1063142
81794,TAME,ARAUCA,288035.64,6088497
85001,YOPAL,CASANARE,81549.0,2786009
85010,AGUAZUL,CASANARE,56006.369999999995,1618708
85015,CHÁMEZA,CASANARE,27013.5,347766
85125,HATO COROZAL,CASANARE,109140.75,6180573
85136,LA SALINA,CASANARE,15689.43,224695
85139,MANÍ,CASANARE,51300.63,4208977
85162,MONTERREY,CASANARE,25040.969999999998,874205
85225,NUNCHÍA,CASANARE,39536.189999999995,1236903
85230,OROCUÉ,CASANARE,57207.15,5326327
85250,PAZ DE ARIPORO,CASANARE,145992.06,13575668
85263,PORE,CASANARE,21892.95,877074
85279,RECETOR,CASANARE,14308.74,203457
85300,SABANALARGA,CASANARE,19072.35,449870
85315,SÁCAMA,CASANARE,29305.17,350784
85325,SAN LUIS DE PALENQUE,CASANARE,57001.5,3351183
85400,TÁMARA,CASANARE,89850.59999999999,1225618
85410,TAURAMENA,CASANARE,70902.09,2675409
85430,TRINIDAD,CASANARE,60964.02,3327113
85440,VILLANUEVA,CASANARE,30316.14,935158
86001,MOCOA,PUTUMAYO,127491.29999999999,1456616
86219,COLÓN,PUTUMAYO,4760.19,71764
86320,ORITO,PUTUMAYO,184188.33,2164002
86568,PUERTO ASÍS,PUTUMAYO,258831.72,3148646
86569,PUERTO CAICEDO,PUTUMAYO,87820.92,1034729
86571,PUERTO GUZMÁN,PUTUMAYO,430493.31,5114611
86573,PUERTO LEGUÍZAMO,PUTUMAYO,1005748.02,12195877
86749,SIBUNDOY,PUTUMAYO,7602.929999999999,109068
86755,SAN FRANCISCO,PUTUMAYO,39247.29,454721
86757,SAN MIGUEL,PUTUMAYO,30175.92,423795
86760,SANTIAGO,PUTUMAYO,31505.76,381505
86865,VALLE DEL GUAMUEZ,PUTUMAYO,67268.34,909648
86885,VILLAGARZÓN,PUTUMAYO,132525.72,1559406
88001,SAN ANDRÉS,"ARCHIPIÉLAGO DE SAN ANDRÉS, PROVIDENCIA Y SANTA CATALINA",1986.57,30597
88564,PROVIDENCIA,"ARCHIPIÉLAGO DE SAN ANDRÉS, PROVIDENCIA Y SANTA CATALINA",1816.56,25171
91001,LETICIA,AMAZONAS,604295.28,6894104
91263,EL ENCANTO,AMAZONAS,1047483.36,12189158
91405,LA CHORRERA,AMAZONAS,1267899.39,14165980
91407,LA PEDRERA,AMAZONAS,1333124.19,15217216
91430,LA VICTORIA,AMAZONAS,142276.22999999998,1598387
91460,MIRITÍ - PARANÁ,AMAZONAS,1681051.05,18820523
91530,PUERTO ALEGRÍA,AMAZONAS,836810.19,9502944
91536,PUERTO ARICA,AMAZONAS,1347207.3,15459682
91540,PUERTO NARIÑO,AMAZONAS,137642.94,1684811
91669,PUERTO SANTANDER,AMAZONAS,1458344.52,16457075
91798,TARAPACÁ,AMAZONAS,887712.2999999999,10243515
94001,INÍRIDA,GUAINÍA,1486740.42,17720513
94343,BARRANCOMINAS,GUAINÍA,1426018.5899999999,16038469
94883,SAN FELIPE,GUAINÍA,268947.63,3230266
94884,PUERTO COLOMBIA,GUAINÍA,1554854.5799999998,17393895
94885,LA GUADALUPE,GUAINÍA,92413.8,1276055
94886,CACAHUAL,GUAINÍA,195441.03,2583185
94887,PANA PANA,GUAINÍA,1018504.98,11359797
94888,MORICHAL,GUAINÍA,846505.44,9517644
95001,SAN JOSÉ DEL GUAVIARE,GUAVIARE,1544200.2,18731199
95015,CALAMAR,GUAVIARE,1338319.89,15142377
95025,EL RETORNO,GUAVIARE,1185184.6199999999,13897017
95200,MIRAFLORES,GUAVIARE,1259968.41,14312190
97001,MITÚ,VAUPÉS,1612945.89,18067242
97161,CARURÚ,VAUPÉS,624676.5,7108579
97511,PACOA,VAUPÉS,1395115.29,15604681
97666,TARAIRA,VAUPÉS,642647.4299999999,7244093
97777,PAPUNAHUA,VAUPÉS,553477.77,6190364
97889,YAVARATÉ,VAUPÉS,460997.19,5181863
99001,PUERTO CARREÑO,VICHADA,161715.33,13574955
99524,LA PRIMAVERA,VICHADA,182780.63999999998,20739123
99624,SANTA ROSALÍA,VICHADA,39449.43,4130105
99773,CUMARIBO,VICHADA,4221788.49,73092661
