COD_DANE,year,proyectos_berkeley_co
05034,2007,1
05034,2008,1
05034,2009,1
05034,2010,1
05034,2011,1
05034,2012,1
05034,2013,1
05034,2014,1
05034,2015,1
05034,2016,1
05034,2017,1
05034,2018,1
05034,2019,1
05034,2020,1
05034,2021,1
05034,2022,1
05034,2023,1
05034,2024,1
05079,2014,1
05079,2015,1
05079,2016,1
05079,2017,1
05079,2018,1
05079,2019,1
05079,2020,1
05079,2021,1
05079,2022,1
05079,2023,1
05079,2024,1
05120,2002,1
05120,2003,1
05120,2004,1
05120,2005,1
05120,2006,1
05120,2007,1
05120,2008,1
05120,2009,1
05120,2010,1
05120,2011,1
05120,2012,1
05120,2013,1
05120,2014,1
05120,2015,1
05120,2016,1
05120,2017,1
05120,2018,1
05120,2019,1
05120,2020,1
05120,2021,1
05120,2022,1
05120,2023,1
05120,2024,1
05480,2013,1
05480,2014,1
05480,2015,1
05480,2016,1
05480,2017,1
05480,2018,1
05480,2019,1
05480,2020,1
05480,2021,1
05480,2022,1
05480,2023,1
05480,2024,1
05642,2018,1
05642,2019,1
05642,2020,1
05642,2021,1
05642,2022,1
05642,2023,1
05642,2024,1
05858,2007,1
05858,2008,1
05858,2009,1
05858,2010,1
05858,2011,1
05858,2012,1
05858,2013,1
05858,2014,1
05858,2015,1
05858,2016,1
05858,2017,1
05858,2018,1
05858,2019,1
05858,2020,1
05858,2021,1
05858,2022,1
05858,2023,1
05858,2024,1
05887,2016,1
05887,2017,1
05887,2018,1
05887,2019,1
05887,2020,1
05887,2021,1
05887,2022,1
05887,2023,1
05887,2024,1
13212,2007,1
13212,2008,1
13212,2009,1
13212,2010,1
13212,2011,1
13212,2012,1
13212,2013,1
13212,2014,1
13212,2015,1
13212,2016,1
13212,2017,1
13212,2018,1
13212,2019,1
13212,2020,1
13212,2021,1
13212,2022,1
13212,2023,1
13212,2024,1
15236,2015,1
15236,2016,1
15236,2017,1
15236,2018,1
15236,2019,1
15236,2020,1
15236,2021,1
15236,2022,1
15236,2023,1
15236,2024,1
17174,2003,1
17174,2004,1
17174,2005,1
17174,2006,1
17174,2007,1
17174,2008,1
17174,2009,1
17174,2010,1
17174,2011,1
17174,2012,1
17174,2013,1
17174,2014,1
17174,2015,1
17174,2016,1
17174,2017,1
17174,2018,1
17174,2019,1
17174,2020,1
17174,2021,1
17174,2022,1
17174,2023,1
17174,2024,1
17665,2007,1
17665,2008,1
17665,2009,1
17665,2010,1
17665,2011,1
17665,2012,1
17665,2013,1
17665,2014,1
17665,2015,1
17665,2016,1
17665,2017,1
17665,2018,1
17665,2019,1
17665,2020,1
17665,2021,1
17665,2022,1
17665,2023,1
17665,2024,1
19100,2007,1
19100,2008,1
19100,2009,1
19100,2010,1
19100,2011,1
19100,2012,1
19100,2013,1
19100,2014,1
19100,2015,1
19100,2016,1
19100,2017,1
19100,2018,1
19100,2019,1
19100,2020,1
19100,2021,1
19100,2022,1
19100,2023,1
19100,2024,1
19785,2007,1
19785,2008,1
19785,2009,1
19785,2010,1
19785,2011,1
19785,2012,1
19785,2013,1
19785,2014,1
19785,2015,1
19785,2016,1
19785,2017,1
19785,2018,1
19785,2019,1
19785,2020,1
19785,2021,1
19785,2022,1
19785,2023,1
19785,2024,1
23807,2007,1
23807,2008,1
23807,2009,1
23807,2010,1
23807,2011,1
23807,2012,1
23807,2013,1
23807,2014,1
23807,2015,1
23807,2016,1
23807,2017,1
23807,2018,1
23807,2019,1
23807,2020,1
23807,2021,1
23807,2022,1
23807,2023,1
23807,2024,1
27150,2014,1
27150,2015,1
27150,2016,1
27150,2017,1
27150,2018,1
27150,2019,1
27150,2020,1
27150,2021,1
27150,2022,1
27150,2023,1
27150,2024,1
27205,2019,1
27205,2020,1
27205,2021,1
27205,2022,1
27205,2023,1
27205,2024,1
41206,2002,1
41206,2003,1
41206,2004,1
41206,2005,1
41206,2006,1
41206,2007,3
41206,2008,3
41206,2009,4
41206,2010,4
41206,2011,5
41206,2012,7
41206,2013,8
41206,2014,9
41206,2015,10
41206,2016,10
41206,2017,12
41206,2018,13
41206,2019,13
41206,2020,13
41206,2021,13
41206,2022,13
41206,2023,13
41206,2024,14
44110,2017,1
44110,2018,1
44110,2019,1
44110,2020,1
44110,2021,1
44110,2022,1
44110,2023,1
44110,2024,1
47707,2015,1
47707,2016,1
47707,2017,1
47707,2018,1
47707,2019,1
47707,2020,1
47707,2021,1
47707,2022,1
47707,2023,1
47707,2024,1
52001,2011,1
52001,2012,1
52001,2013,1
52001,2014,1
52001,2015,1
52001,2016,1
52001,2017,1
52001,2018,1
52001,2019,1
52001,2020,1
52001,2021,1
52001,2022,1
52001,2023,1
52001,2024,1
52215,2007,1
52215,2008,1
52215,2009,1
52215,2010,1
52215,2011,1
52215,2012,1
52215,2013,1
52215,2014,1
52215,2015,1
52215,2016,1
52215,2017,1
52215,2018,1
52215,2019,1
52215,2020,1
52215,2021,1
52215,2022,1
52215,2023,1
52215,2024,1
63212,2007,1
63212,2008,1
63212,2009,1
63212,2010,1
63212,2011,1
63212,2012,1
63212,2013,1
63212,2014,1
63212,2015,1
63212,2016,1
63212,2017,1
63212,2018,1
63212,2019,1
63212,2020,1
63212,2021,1
63212,2022,1
63212,2023,1
63212,2024,1
68077,2014,1
68077,2015,1
68077,2016,1
68077,2017,1
68077,2018,1
68077,2019,1
68077,2020,1
68077,2021,1
68077,2022,1
68077,2023,1
68077,2024,1
68101,2007,1
68101,2008,1
68101,2009,1
68101,2010,1
68101,2011,1
68101,2012,1
68101,2013,1
68101,2014,1
68101,2015,1
68101,2016,1
68101,2017,1
68101,2018,1
68101,2019,1
68101,2020,1
68101,2021,1
68101,2022,1
68101,2023,1
68101,2024,1
68432,2013,1
68432,2014,1
68432,2015,1
68432,2016,1
68432,2017,1
68432,2018,1
68432,2019,1
68432,2020,1
68432,2021,1
68432,2022,1
68432,2023,1
68432,2024,1
68773,2007,1
68773,2008,1
68773,2009,1
68773,2010,1
68773,2011,1
68773,2012,1
68773,2013,1
68773,2014,1
68773,2015,1
68773,2016,1
68773,2017,1
68773,2018,1
68773,2019,1
68773,2020,1
68773,2021,1
68773,2022,1
68773,2023,1
68773,2024,1
70771,2007,1
70771,2008,1
70771,2009,1
70771,2010,1
70771,2011,1
70771,2012,1
70771,2013,1
70771,2014,1
70771,2015,1
70771,2016,1
70771,2017,1
70771,2018,1
70771,2019,1
70771,2020,1
70771,2021,1
70771,2022,1
70771,2023,1
70771,2024,1
76100,2007,1
76100,2008,1
76100,2009,1
76100,2010,1
76100,2011,1
76100,2012,1
76100,2013,1
76100,2014,1
76100,2015,1
76100,2016,1
76100,2017,1
76100,2018,1
76100,2019,1
76100,2020,1
76100,2021,1
76100,2022,1
76100,2023,1
76100,2024,1
76126,2013,1
76126,2014,1
76126,2015,1
76126,2016,1
76126,2017,1
76126,2018,1
76126,2019,1
76126,2020,1
76126,2021,1
76126,2022,1
76126,2023,1
76126,2024,1
76563,2009,1
76563,2010,1
76563,2011,1
76563,2012,1
76563,2013,1
76563,2014,1
76563,2015,1
76563,2016,1
76563,2017,1
76563,2018,1
76563,2019,1
76563,2020,1
76563,2021,1
76563,2022,1
76563,2023,1
76563,2024,1
81220,2002,1
81220,2003,1
81220,2004,1
81220,2005,1
81220,2006,1
81220,2007,1
81220,2008,1
81220,2009,1
81220,2010,1
81220,2011,1
81220,2012,1
81220,2013,1
81220,2014,1
81220,2015,1
81220,2016,1
81220,2017,1
81220,2018,1
81220,2019,1
81220,2020,1
81220,2021,1
81220,2022,1
81220,2023,1
81220,2024,1
