COD_DANE,NOMBRE_MPI,DPTO_CNMBR,loss_pixels,loss_area_ha
05001,MEDELLÍN,ANTIOQUIA,3025,272.25
05002,ABEJORRAL,ANTIOQUIA,2638,237.42
05004,ABRIAQUÍ,ANTIOQUIA,35,3.15
05021,ALEJANDRÍA,ANTIOQUIA,84,7.56
05030,AMAGÁ,ANTIOQUIA,151,13.59
05031,AMALFI,ANTIOQUIA,427,38.43
05034,ANDES,ANTIOQUIA,1907,171.63
05036,ANGELÓPOLIS,ANTIOQUIA,1535,138.15
05038,ANGOSTURA,ANTIOQUIA,1773,159.57
05040,ANORÍ,ANTIOQUIA,3674,330.65999999999997
05042,SANTA FÉ DE ANTIOQUIA,ANTIOQUIA,497,44.73
05044,ANZÁ,ANTIOQUIA,5540,498.59999999999997
05045,APARTADÓ,ANTIOQUIA,248,22.32
05148,EL CARMEN DE VIBORAL,ANTIOQUIA,1521,136.89
05150,CAROLINA,ANTIOQUIA,1789,161.01
05154,CAUCASIA,ANTIOQUIA,375,33.75
05172,CHIGORODÓ,ANTIOQUIA,391,35.19
05190,CISNEROS,ANTIOQUIA,682,61.38
05197,COCORNÁ,ANTIOQUIA,2032,182.88
05206,CONCEPCIÓN,ANTIOQUIA,352,31.68
05209,CONCORDIA,ANTIOQUIA,5552,499.67999999999995
05212,COPACABANA,ANTIOQUIA,987,88.82999999999998
05234,DABEIBA,ANTIOQUIA,163,14.67
05237,DONMATÍAS,ANTIOQUIA,3240,291.59999999999997
05240,EBÉJICO,ANTIOQUIA,11,0.99
05250,EL BAGRE,ANTIOQUIA,2149,193.41
05264,ENTRERRÍOS,ANTIOQUIA,185,16.65
05266,ENVIGADO,ANTIOQUIA,92,8.28
05411,LIBORINA,ANTIOQUIA,404,36.36
05425,MACEO,ANTIOQUIA,7240,651.6
05440,MARINILLA,ANTIOQUIA,29,2.61
05467,MONTEBELLO,ANTIOQUIA,204,18.36
05475,MURINDÓ,ANTIOQUIA,156,14.04
05480,MUTATÁ,ANTIOQUIA,1873,168.57
05483,NARIÑO,ANTIOQUIA,861,77.49
05490,NECOCLÍ,ANTIOQUIA,150,13.5
05495,NECHÍ,ANTIOQUIA,7497,674.73
05501,OLAYA,ANTIOQUIA,70,6.3
05541,PEÑOL,ANTIOQUIA,25,2.25
05543,PEQUE,ANTIOQUIA,143,12.87
05576,PUEBLORRICO,ANTIOQUIA,14,1.2599999999999998
05579,PUERTO BERRÍO,ANTIOQUIA,91,8.19
05585,PUERTO NARE,ANTIOQUIA,113,10.17
05591,PUERTO TRIUNFO,ANTIOQUIA,43,3.8699999999999997
05604,REMEDIOS,ANTIOQUIA,858,77.22
05607,RETIRO,ANTIOQUIA,1224,110.16
05615,RIONEGRO,ANTIOQUIA,690,62.099999999999994
05628,SABANALARGA,ANTIOQUIA,712,64.08
05631,SABANETA,ANTIOQUIA,36,3.2399999999999998
05642,SALGAR,ANTIOQUIA,7,0.6299999999999999
05647,SAN ANDRÉS DE CUERQUÍA,ANTIOQUIA,225,20.25
05649,SAN CARLOS,ANTIOQUIA,1513,136.17
05652,SAN FRANCISCO,ANTIOQUIA,363,32.67
05656,SAN JERÓNIMO,ANTIOQUIA,551,49.589999999999996
05658,SAN JOSÉ DE LA MONTAÑA,ANTIOQUIA,1038,93.41999999999999
05659,SAN JUAN DE URABÁ,ANTIOQUIA,71,6.39
05660,SAN LUIS,ANTIOQUIA,71,6.390000000000001
05664,SAN PEDRO DE LOS MILAGROS,ANTIOQUIA,511,45.99
05665,SAN PEDRO DE URABÁ,ANTIOQUIA,3923,353.07
05667,SAN RAFAEL,ANTIOQUIA,8296,746.64
08001,BARRANQUILLA,ATLÁNTICO,16,1.44
08078,BARANOA,ATLÁNTICO,101,9.09
08137,CAMPO DE LA CRUZ,ATLÁNTICO,15,1.3499999999999999
08141,CANDELARIA,ATLÁNTICO,38,3.42
08296,GALAPA,ATLÁNTICO,873,78.57
08372,JUAN DE ACOSTA,ATLÁNTICO,52,4.68
08421,LURUACO,ATLÁNTICO,1270,114.3
08433,MALAMBO,ATLÁNTICO,176,15.84
08436,MANATÍ,ATLÁNTICO,27,2.4299999999999997
08520,PALMAR DE VARELA,ATLÁNTICO,116,10.44
08549,PIOJÓ,ATLÁNTICO,89,8.01
08558,POLONUEVO,ATLÁNTICO,1656,149.04
08560,PONEDERA,ATLÁNTICO,724,65.16
08573,PUERTO COLOMBIA,ATLÁNTICO,444,39.959999999999994
08606,REPELÓN,ATLÁNTICO,48,4.319999999999999
08634,SABANAGRANDE,ATLÁNTICO,312,28.08
11001,"BOGOTÁ, D.C.","BOGOTÁ, D.C.",258,23.22
13001,CARTAGENA DE INDIAS,BOLÍVAR,1563,140.67
13006,ACHÍ,BOLÍVAR,1456,131.04
13030,ALTOS DEL ROSARIO,BOLÍVAR,764,68.76
13042,ARENAL,BOLÍVAR,781,70.28999999999999
13052,ARJONA,BOLÍVAR,903,81.27
13062,ARROYOHONDO,BOLÍVAR,195,17.55
13074,BARRANCO DE LOBA,BOLÍVAR,204,18.36
13140,CALAMAR,BOLÍVAR,148,13.319999999999999
13160,CANTAGALLO,BOLÍVAR,95,8.549999999999999
13188,CICUCO,BOLÍVAR,126,11.34
13212,CÓRDOBA,BOLÍVAR,1680,151.2
13222,CLEMENCIA,BOLÍVAR,1152,103.67999999999999
13244,EL CARMEN DE BOLÍVAR,BOLÍVAR,641,57.69
13248,EL GUAMO,BOLÍVAR,1361,122.49
13268,EL PEÑÓN,BOLÍVAR,365,32.849999999999994
13300,HATILLO DE LOBA,BOLÍVAR,737,66.33
13430,MAGANGUÉ,BOLÍVAR,924,83.16
13433,MAHATES,BOLÍVAR,3116,280.44
13440,MARGARITA,BOLÍVAR,10064,905.76
13442,MARÍA LA BAJA,BOLÍVAR,2653,238.76999999999998
13458,MONTECRISTO,BOLÍVAR,121,10.889999999999999
13468,SANTA CRUZ DE MOMPOX,BOLÍVAR,45,4.05
13473,MORALES,BOLÍVAR,29,2.6100000000000003
13490,NOROSÍ,BOLÍVAR,8,0.72
13549,PINILLOS,BOLÍVAR,70,6.3
13580,REGIDOR,BOLÍVAR,16,1.44
13600,RÍO VIEJO,BOLÍVAR,19,1.71
13620,SAN CRISTÓBAL,BOLÍVAR,1732,155.88
13647,SAN ESTANISLAO,BOLÍVAR,5017,451.53
13650,SAN FERNANDO,BOLÍVAR,8611,774.99
13654,SAN JACINTO,BOLÍVAR,1262,113.58
13655,SAN JACINTO DEL CAUCA,BOLÍVAR,4639,417.51
13657,SAN JUAN NEPOMUCENO,BOLÍVAR,707,63.629999999999995
13667,SAN MARTÍN DE LOBA,BOLÍVAR,396,35.64
13670,SAN PABLO,BOLÍVAR,2593,233.37
13673,SANTA CATALINA,BOLÍVAR,5701,513.0899999999999
13683,SANTA ROSA,BOLÍVAR,197,17.729999999999997
13688,SANTA ROSA DEL SUR,BOLÍVAR,27,2.4299999999999997
13744,SIMITÍ,BOLÍVAR,3940,354.59999999999997
13760,SOPLAVIENTO,BOLÍVAR,239,21.509999999999998
13780,TALAIGUA NUEVO,BOLÍVAR,46,4.14
13810,TIQUISIO,BOLÍVAR,37,3.33
13836,TURBACO,BOLÍVAR,208,18.72
13838,TURBANA,BOLÍVAR,51,4.59
13873,VILLANUEVA,BOLÍVAR,1158,104.22
13894,ZAMBRANO,BOLÍVAR,49,4.41
15001,TUNJA,BOYACÁ,1111,99.99
15022,ALMEIDA,BOYACÁ,1117,100.53
15047,AQUITANIA,BOYACÁ,30,2.7
15051,ARCABUCO,BOYACÁ,19,1.71
15087,BELÉN,BOYACÁ,20,1.7999999999999998
15090,BERBEO,BOYACÁ,61,5.49
15092,BETÉITIVA,BOYACÁ,110,9.899999999999999
15097,BOAVITA,BOYACÁ,28,2.52
15104,BOYACÁ,BOYACÁ,1132,101.88
15106,BRICEÑO,BOYACÁ,19,1.71
15109,BUENAVISTA,BOYACÁ,14,1.26
15114,BUSBANZÁ,BOYACÁ,46,4.14
15131,CALDAS,BOYACÁ,12,1.08
15135,CAMPOHERMOSO,BOYACÁ,34,3.0599999999999996
15162,CERINZA,BOYACÁ,2034,183.06
15172,CHINAVITA,BOYACÁ,394,35.46
15176,CHIQUINQUIRÁ,BOYACÁ,2216,199.44
15180,CHISCAS,BOYACÁ,423,38.07
15183,CHITA,BOYACÁ,339,30.509999999999998
15185,CHITARAQUE,BOYACÁ,140,12.6
15187,CHIVATÁ,BOYACÁ,444,39.96
15189,CIÉNEGA,BOYACÁ,72,6.48
15204,CÓMBITA,BOYACÁ,409,36.809999999999995
15455,MIRAFLORES,BOYACÁ,1051,94.58999999999999
15464,MONGUA,BOYACÁ,702,63.18
15466,MONGUÍ,BOYACÁ,925,83.25
15469,MONIQUIRÁ,BOYACÁ,3255,292.95
15476,MOTAVITA,BOYACÁ,4698,422.82
15480,MUZO,BOYACÁ,1776,159.84
15491,NOBSA,BOYACÁ,2636,237.23999999999998
15494,NUEVO COLÓN,BOYACÁ,3055,274.95
15500,OICATÁ,BOYACÁ,472,42.48
15507,OTANCHE,BOYACÁ,69,6.21
15511,PACHAVITA,BOYACÁ,298,26.82
15514,PÁEZ,BOYACÁ,840,75.6
15516,PAIPA,BOYACÁ,292,26.28
15518,PAJARITO,BOYACÁ,3436,309.24
15522,PANQUEBA,BOYACÁ,1912,172.07999999999998
15531,PAUNA,BOYACÁ,803,72.27
15533,PAYA,BOYACÁ,886,79.74
15537,PAZ DE RÍO,BOYACÁ,448,40.32
15542,PESCA,BOYACÁ,635,57.15
15550,PISBA,BOYACÁ,5654,508.86
15572,PUERTO BOYACÁ,BOYACÁ,71,6.39
15580,QUÍPAMA,BOYACÁ,44,3.96
15599,RAMIRIQUÍ,BOYACÁ,53,4.77
15600,RÁQUIRA,BOYACÁ,166,14.94
15621,RONDÓN,BOYACÁ,9,0.81
15632,SABOYÁ,BOYACÁ,35,3.15
15638,SÁCHICA,BOYACÁ,59,5.31
15646,SAMACÁ,BOYACÁ,86,7.739999999999999
15660,SAN EDUARDO,BOYACÁ,53,4.77
15664,SAN JOSÉ DE PARE,BOYACÁ,747,67.22999999999999
15667,SAN LUIS DE GACENO,BOYACÁ,129,11.610000000000001
15673,SAN MATEO,BOYACÁ,5695,512.55
15676,SAN MIGUEL DE SEMA,BOYACÁ,2,0.18
15681,SAN PABLO DE BORBUR,BOYACÁ,1410,126.9
15686,SANTANA,BOYACÁ,104,9.36
15690,SANTA MARÍA,BOYACÁ,2953,265.77
15693,SANTA ROSA DE VITERBO,BOYACÁ,2346,211.14
15696,SANTA SOFÍA,BOYACÁ,3235,291.15
15720,SATIVANORTE,BOYACÁ,8667,780.03
15723,SATIVASUR,BOYACÁ,2983,268.46999999999997
15740,SIACHOQUE,BOYACÁ,174,15.66
15753,SOATÁ,BOYACÁ,259,23.309999999999995
15755,SOCOTÁ,BOYACÁ,56,5.04
15757,SOCHA,BOYACÁ,44,3.96
15759,SOGAMOSO,BOYACÁ,24,2.16
15761,SOMONDOCO,BOYACÁ,108,9.72
15762,SORA,BOYACÁ,115,10.35
15763,SOTAQUIRÁ,BOYACÁ,23,2.07
15764,SORACÁ,BOYACÁ,1419,127.71
15774,SUSACÓN,BOYACÁ,31,2.79
15776,SUTAMARCHÁN,BOYACÁ,25,2.25
15778,SUTATENZA,BOYACÁ,136,12.24
15790,TASCO,BOYACÁ,94,8.46
15798,TENZA,BOYACÁ,13,1.17
15804,TIBANÁ,BOYACÁ,66,5.94
15806,TIBASOSA,BOYACÁ,14,1.26
15808,TINJACÁ,BOYACÁ,49,4.41
15810,TIPACOQUE,BOYACÁ,18,1.62
15814,TOCA,BOYACÁ,60,5.3999999999999995
15816,TOGÜÍ,BOYACÁ,1927,173.42999999999998
15820,TÓPAGA,BOYACÁ,2643,237.86999999999998
15822,TOTA,BOYACÁ,893,80.37
15832,TUNUNGUÁ,BOYACÁ,13,1.17
15835,TURMEQUÉ,BOYACÁ,85,7.6499999999999995
15837,TUTA,BOYACÁ,1822,163.98
15839,TUTAZÁ,BOYACÁ,127,11.43
15842,ÚMBITA,BOYACÁ,492,44.28
15861,VENTAQUEMADA,BOYACÁ,150,13.5
15879,VIRACACHÁ,BOYACÁ,169,15.209999999999999
15897,ZETAQUIRA,BOYACÁ,190,17.099999999999998
18150,CARTAGENA DEL CHAIRÁ,CAQUETÁ,1968,177.11999999999998
18205,CURILLO,CAQUETÁ,378,34.02
18247,EL DONCELLO,CAQUETÁ,589,53.01
18256,EL PAUJÍL,CAQUETÁ,2281,205.29
18410,LA MONTAÑITA,CAQUETÁ,4172,375.47999999999996
18460,MILÁN,CAQUETÁ,19206,1728.54
18479,MORELIA,CAQUETÁ,1969,177.20999999999998
18592,PUERTO RICO,CAQUETÁ,3102,279.18
18610,SAN JOSÉ DEL FRAGUA,CAQUETÁ,170,15.3
18753,SAN VICENTE DEL CAGUÁN,CAQUETÁ,389,35.01
18756,SOLANO,CAQUETÁ,263,23.669999999999998
18785,SOLITA,CAQUETÁ,3086,277.74
18860,VALPARAÍSO,CAQUETÁ,5375,483.75
19001,POPAYÁN,CAUCA,518,46.62
19022,ALMAGUER,CAUCA,820,73.8
19050,ARGELIA,CAUCA,1510,135.9
19075,BALBOA,CAUCA,1450,130.5
19100,BOLÍVAR,CAUCA,589,53.01
19110,BUENOS AIRES,CAUCA,6096,548.64
19130,CAJIBÍO,CAUCA,2005,180.45
19137,CALDONO,CAUCA,1227,110.42999999999999
19142,CALOTO,CAUCA,1861,167.48999999999998
19212,CORINTO,CAUCA,9972,897.48
19256,EL TAMBO,CAUCA,3096,278.64
19290,FLORENCIA,CAUCA,173,15.57
19300,GUACHENÉ,CAUCA,717,64.53
19318,GUAPI,CAUCA,87,7.83
19355,INZÁ,CAUCA,64,5.76
19364,JAMBALÓ,CAUCA,258,23.22
19392,LA SIERRA,CAUCA,19,1.71
19397,LA VEGA,CAUCA,711,63.989999999999995
19418,LÓPEZ DE MICAY,CAUCA,11250,1012.5
19450,MERCADERES,CAUCA,143,12.87
19455,MIRANDA,CAUCA,94,8.46
19473,MORALES,CAUCA,22,1.98
19513,PADILLA,CAUCA,1024,92.16
19517,PÁEZ,CAUCA,892,80.28
19532,PATÍA,CAUCA,180,16.2
19533,PIAMONTE,CAUCA,1446,130.14
19548,PIENDAMÓ - TUNÍA,CAUCA,2024,182.16
19573,PUERTO TEJADA,CAUCA,206,18.54
19585,PURACÉ,CAUCA,614,55.26
19622,ROSAS,CAUCA,83,7.47
19693,SAN SEBASTIÁN,CAUCA,28,2.52
19698,SANTANDER DE QUILICHAO,CAUCA,32,2.88
19701,SANTA ROSA,CAUCA,41,3.69
19743,SILVIA,CAUCA,53,4.77
19760,SOTARÁ PAISPAMBA,CAUCA,42,3.78
19780,SUÁREZ,CAUCA,23,2.07
19785,SUCRE,CAUCA,2871,258.39
19807,TIMBÍO,CAUCA,458,41.22
19809,TIMBIQUÍ,CAUCA,73,6.569999999999999
19821,TORIBÍO,CAUCA,35,3.15
19824,TOTORÓ,CAUCA,28,2.52
19845,VILLA RICA,CAUCA,1098,98.82
20001,VALLEDUPAR,CESAR,29,2.61
20011,AGUACHICA,CESAR,267,24.03
20013,AGUSTÍN CODAZZI,CESAR,13,1.17
20032,ASTREA,CESAR,96,8.64
20045,BECERRIL,CESAR,4982,448.38
20060,BOSCONIA,CESAR,406,36.540000000000006
20175,CHIMICHAGUA,CESAR,3899,350.90999999999997
20178,CHIRIGUANÁ,CESAR,1059,95.31
20228,CURUMANÍ,CESAR,42,3.7799999999999994
20238,EL COPEY,CESAR,17985,1618.6499999999999
20250,EL PASO,CESAR,1054,94.86
20295,GAMARRA,CESAR,549,49.41
20310,GONZÁLEZ,CESAR,21,1.8900000000000001
20383,LA GLORIA,CESAR,105,9.45
20400,LA JAGUA DE IBIRICO,CESAR,498,44.82
23660,SAHAGÚN,CÓRDOBA,1596,143.64
23670,SAN ANDRÉS DE SOTAVENTO,CÓRDOBA,140,12.6
23672,SAN ANTERO,CÓRDOBA,474,42.66
23675,SAN BERNARDO DEL VIENTO,CÓRDOBA,1933,173.97
23678,SAN CARLOS,CÓRDOBA,3595,323.55
23682,SAN JOSÉ DE URÉ,CÓRDOBA,5532,497.88
23686,SAN PELAYO,CÓRDOBA,6983,628.47
23807,TIERRALTA,CÓRDOBA,2822,253.98
23815,TUCHÍN,CÓRDOBA,134,12.059999999999999
23855,VALENCIA,CÓRDOBA,2157,194.13
25001,AGUA DE DIOS,CUNDINAMARCA,1192,107.28
25019,ALBÁN,CUNDINAMARCA,496,44.64
25035,ANAPOIMA,CUNDINAMARCA,859,77.31
25040,ANOLAIMA,CUNDINAMARCA,85,7.65
25053,ARBELÁEZ,CUNDINAMARCA,77,6.93
25086,BELTRÁN,CUNDINAMARCA,725,65.25
25095,BITUIMA,CUNDINAMARCA,159,14.309999999999999
25099,BOJACÁ,CUNDINAMARCA,2512,226.07999999999998
25120,CABRERA,CUNDINAMARCA,1517,136.53
25123,CACHIPAY,CUNDINAMARCA,432,38.879999999999995
25126,CAJICÁ,CUNDINAMARCA,2004,180.35999999999999
25148,CAPARRAPÍ,CUNDINAMARCA,4066,365.94
25151,CÁQUEZA,CUNDINAMARCA,3253,292.77
25154,CARMEN DE CARUPA,CUNDINAMARCA,7156,644.04
25168,CHAGUANÍ,CUNDINAMARCA,11603,1044.27
25175,CHÍA,CUNDINAMARCA,4968,447.12
25178,CHIPAQUE,CUNDINAMARCA,1280,115.19999999999999
25181,CHOACHÍ,CUNDINAMARCA,2375,213.75
25183,CHOCONTÁ,CUNDINAMARCA,82,7.38
25200,COGUA,CUNDINAMARCA,332,29.879999999999995
25214,COTA,CUNDINAMARCA,269,24.21
25224,CUCUNUBÁ,CUNDINAMARCA,6483,583.47
25245,EL COLEGIO,CUNDINAMARCA,73,6.57
25258,EL PEÑÓN,CUNDINAMARCA,215,19.349999999999998
25260,EL ROSAL,CUNDINAMARCA,360,32.4
25269,FACATATIVÁ,CUNDINAMARCA,21,1.89
25279,FÓMEQUE,CUNDINAMARCA,60,5.3999999999999995
25281,FOSCA,CUNDINAMARCA,47,4.23
25286,FUNZA,CUNDINAMARCA,2856,257.04
25288,FÚQUENE,CUNDINAMARCA,22,1.98
25290,FUSAGASUGÁ,CUNDINAMARCA,5753,517.77
25293,GACHALÁ,CUNDINAMARCA,278,25.02
25295,GACHANCIPÁ,CUNDINAMARCA,368,33.12
25297,GACHETÁ,CUNDINAMARCA,198,17.82
25299,GAMA,CUNDINAMARCA,538,48.42
25307,GIRARDOT,CUNDINAMARCA,243,21.87
25312,GRANADA,CUNDINAMARCA,96,8.639999999999999
25317,GUACHETÁ,CUNDINAMARCA,60,5.4
25320,GUADUAS,CUNDINAMARCA,54,4.859999999999999
25322,GUASCA,CUNDINAMARCA,11,0.99
25324,GUATAQUÍ,CUNDINAMARCA,3092,278.28
25326,GUATAVITA,CUNDINAMARCA,135,12.15
25328,GUAYABAL DE SÍQUIMA,CUNDINAMARCA,44,3.96
25335,GUAYABETAL,CUNDINAMARCA,59,5.31
25339,GUTIÉRREZ,CUNDINAMARCA,407,36.63
25368,JERUSALÉN,CUNDINAMARCA,79,7.109999999999999
25372,JUNÍN,CUNDINAMARCA,140,12.6
25377,LA CALERA,CUNDINAMARCA,153,13.769999999999998
25386,LA MESA,CUNDINAMARCA,385,34.65
25394,LA PALMA,CUNDINAMARCA,602,54.18
25398,LA PEÑA,CUNDINAMARCA,24,2.16
25402,LA VEGA,CUNDINAMARCA,2641,237.69
25407,LENGUAZAQUE,CUNDINAMARCA,576,51.839999999999996
25426,MACHETÁ,CUNDINAMARCA,9750,877.5
25430,MADRID,CUNDINAMARCA,2225,200.25
25436,MANTA,CUNDINAMARCA,122,10.98
25438,MEDINA,CUNDINAMARCA,230,20.7
25473,MOSQUERA,CUNDINAMARCA,236,21.24
25483,NARIÑO,CUNDINAMARCA,649,58.41
25486,NEMOCÓN,CUNDINAMARCA,7609,684.81
25777,SUPATÁ,CUNDINAMARCA,3284,295.56
25779,SUSA,CUNDINAMARCA,620,55.8
25781,SUTATAUSA,CUNDINAMARCA,616,55.44
25785,TABIO,CUNDINAMARCA,972,87.47999999999999
25793,TAUSA,CUNDINAMARCA,1263,113.67
25797,TENA,CUNDINAMARCA,642,57.779999999999994
25799,TENJO,CUNDINAMARCA,1694,152.45999999999998
25805,TIBACUY,CUNDINAMARCA,1207,108.63
25807,TIBIRITA,CUNDINAMARCA,5493,494.37
25815,TOCAIMA,CUNDINAMARCA,373,33.57
25817,TOCANCIPÁ,CUNDINAMARCA,335,30.15
25823,TOPAIPÍ,CUNDINAMARCA,576,51.839999999999996
25839,UBALÁ,CUNDINAMARCA,215,19.349999999999998
25841,UBAQUE,CUNDINAMARCA,815,73.35
25843,VILLA DE SAN DIEGO DE UBATÉ,CUNDINAMARCA,1128,101.52
25845,UNE,CUNDINAMARCA,203,18.27
25851,ÚTICA,CUNDINAMARCA,393,35.37
25862,VERGARA,CUNDINAMARCA,84,7.56
25867,VIANÍ,CUNDINAMARCA,306,27.54
25871,VILLAGÓMEZ,CUNDINAMARCA,437,39.33
25873,VILLAPINZÓN,CUNDINAMARCA,1871,168.39
25875,VILLETA,CUNDINAMARCA,1460,131.4
25878,VIOTÁ,CUNDINAMARCA,1496,134.64
25885,YACOPÍ,CUNDINAMARCA,2977,267.93
25898,ZIPACÓN,CUNDINAMARCA,859,77.31
25899,ZIPAQUIRÁ,CUNDINAMARCA,416,37.44
27001,QUIBDÓ,CHOCÓ,388,34.92
27006,ACANDÍ,CHOCÓ,631,56.79
27025,ALTO BAUDÓ,CHOCÓ,721,64.89
27050,ATRATO,CHOCÓ,2296,206.64
27073,BAGADÓ,CHOCÓ,4966,446.94
27075,BAHÍA SOLANO,CHOCÓ,14334,1290.06
27077,BAJO BAUDÓ,CHOCÓ,2413,217.17
27099,BOJAYÁ,CHOCÓ,592,53.28
27135,EL CANTÓN DEL SAN PABLO,CHOCÓ,1420,127.8
27150,CARMEN DEL DARIÉN,CHOCÓ,28,2.52
27160,CÉRTEGUI,CHOCÓ,43,3.87
27205,CONDOTO,CHOCÓ,1390,125.1
27245,EL CARMEN DE ATRATO,CHOCÓ,17382,1564.38
27250,EL LITORAL DEL SAN JUAN,CHOCÓ,88,7.92
27361,ISTMINA,CHOCÓ,451,40.589999999999996
27372,JURADÓ,CHOCÓ,52,4.68
27413,LLORÓ,CHOCÓ,3078,277.02
27425,MEDIO ATRATO,CHOCÓ,7623,686.0699999999999
27430,MEDIO BAUDÓ,CHOCÓ,143,12.87
27450,MEDIO SAN JUAN,CHOCÓ,316,28.439999999999998
27491,NÓVITA,CHOCÓ,549,49.41
27493,NUEVO BELÉN DE BAJIRÁ,CHOCÓ,35,3.15
27495,NUQUÍ,CHOCÓ,88,7.92
27580,RÍO IRÓ,CHOCÓ,94,8.459999999999999
27600,RÍO QUITO,CHOCÓ,38,3.42
27615,RIOSUCIO,CHOCÓ,31,2.79
27660,SAN JOSÉ DEL PALMAR,CHOCÓ,325,29.249999999999996
27745,SIPÍ,CHOCÓ,221,19.89
27787,TADÓ,CHOCÓ,110,9.9
27800,UNGUÍA,CHOCÓ,377,33.93
27810,UNIÓN PANAMERICANA,CHOCÓ,69,6.21
41001,NEIVA,HUILA,6,0.54
41006,ACEVEDO,HUILA,1599,143.91
41013,AGRADO,HUILA,215,19.35
41016,AIPE,HUILA,239,21.509999999999998
41020,ALGECIRAS,HUILA,1583,142.47
41026,ALTAMIRA,HUILA,794,71.46
41078,BARAYA,HUILA,969,87.21
41132,CAMPOALEGRE,HUILA,668,60.12
41206,COLOMBIA,HUILA,371,33.39
41244,ELÍAS,HUILA,101,9.09
41298,GARZÓN,HUILA,306,27.54
41306,GIGANTE,HUILA,963,86.66999999999999
41319,GUADALUPE,HUILA,510,45.9
44279,FONSECA,LA GUAJIRA,4031,362.78999999999996
44378,HATONUEVO,LA GUAJIRA,3458,311.21999999999997
44420,LA JAGUA DEL PILAR,LA GUAJIRA,374,33.66
44430,MAICAO,LA GUAJIRA,685,61.65
44560,MANAURE,LA GUAJIRA,431,38.79
44650,SAN JUAN DEL CESAR,LA GUAJIRA,2111,189.98999999999998
44847,URIBIA,LA GUAJIRA,2995,269.55
44855,URUMITA,LA GUAJIRA,3796,341.64
44874,VILLANUEVA,LA GUAJIRA,1411,126.99
47001,SANTA MARTA,MAGDALENA,12605,1134.45
47030,ALGARROBO,MAGDALENA,6023,542.0699999999999
47053,ARACATACA,MAGDALENA,73,6.57
47058,ARIGUANÍ,MAGDALENA,161,14.49
47161,CERRO DE SAN ANTONIO,MAGDALENA,192,17.279999999999998
47170,CHIVOLO,MAGDALENA,932,83.88
47189,CIÉNAGA,MAGDALENA,957,86.13
47205,CONCORDIA,MAGDALENA,131,11.79
47245,EL BANCO,MAGDALENA,198,17.82
47258,EL PIÑÓN,MAGDALENA,417,37.53
47268,EL RETÉN,MAGDALENA,758,68.22
47288,FUNDACIÓN,MAGDALENA,695,62.55
47318,GUAMAL,MAGDALENA,1357,122.13
47460,NUEVA GRANADA,MAGDALENA,589,53.01
47541,PEDRAZA,MAGDALENA,259,23.31
47545,PIJIÑO DEL CARMEN,MAGDALENA,355,31.95
47551,PIVIJAY,MAGDALENA,597,53.73
47555,PLATO,MAGDALENA,2310,207.9
47570,PUEBLOVIEJO,MAGDALENA,356,32.04
47605,REMOLINO,MAGDALENA,905,81.45
47660,SABANAS DE SAN ÁNGEL,MAGDALENA,4864,437.76
47675,SALAMINA,MAGDALENA,102,9.18
47692,SAN SEBASTIÁN DE BUENAVISTA,MAGDALENA,7662,689.5799999999999
47703,SAN ZENÓN,MAGDALENA,7206,648.54
47707,SANTA ANA,MAGDALENA,60,5.3999999999999995
47720,SANTA BÁRBARA DE PINTO,MAGDALENA,54,4.86
47745,SITIONUEVO,MAGDALENA,156,14.04
47798,TENERIFE,MAGDALENA,60,5.4
47960,ZAPAYÁN,MAGDALENA,5638,507.41999999999996
47980,ZONA BANANERA,MAGDALENA,9110,819.9
50001,VILLAVICENCIO,META,4249,382.40999999999997
50006,ACACÍAS,META,1573,141.57
50110,BARRANCA DE UPÍA,META,22,1.98
50124,CABUYARO,META,831,74.78999999999999
50150,CASTILLA LA NUEVA,META,1779,160.10999999999999
50223,CUBARRAL,META,41,3.69
50226,CUMARAL,META,74,6.66
50245,EL CALVARIO,META,60,5.4
50251,EL CASTILLO,META,121,10.89
50270,EL DORADO,META,41,3.69
50287,FUENTE DE ORO,META,8,0.72
50313,GRANADA,META,7,0.63
50318,GUAMAL,META,1159,104.30999999999999
50325,MAPIRIPÁN,META,1334,120.06
50330,MESETAS,META,40,3.6
50350,LA MACARENA,META,5373,483.57
50370,URIBE,META,948,85.32
50400,LEJANÍAS,META,414,37.26
52001,PASTO,NARIÑO,2209,198.81
52019,ALBÁN,NARIÑO,2399,215.91
52022,ALDANA,NARIÑO,9760,878.4
52036,ANCUYA,NARIÑO,6265,563.85
52051,ARBOLEDA,NARIÑO,2829,254.61
52079,BARBACOAS,NARIÑO,3009,270.81
52083,BELÉN,NARIÑO,9710,873.9
52110,BUESACO,NARIÑO,128,11.52
52203,COLÓN,NARIÑO,77,6.93
52207,CONSACÁ,NARIÑO,219,19.71
52210,CONTADERO,NARIÑO,139,12.51
52215,CÓRDOBA,NARIÑO,21,1.8900000000000001
52224,CUASPUD CARLOSAMA,NARIÑO,260,23.4
52227,CUMBAL,NARIÑO,201,18.09
52233,CUMBITARA,NARIÑO,716,64.44
52240,CHACHAGÜÍ,NARIÑO,99,8.91
52250,EL CHARCO,NARIÑO,133,11.969999999999999
52254,EL PEÑOL,NARIÑO,9,0.81
52256,EL ROSARIO,NARIÑO,23,2.0700000000000003
52258,EL TABLÓN DE GÓMEZ,NARIÑO,42,3.78
52260,EL TAMBO,NARIÑO,262,23.58
52287,FUNES,NARIÑO,749,67.41
52317,GUACHUCAL,NARIÑO,6697,602.73
52320,GUAITARILLA,NARIÑO,99,8.91
52323,GUALMATÁN,NARIÑO,1335,120.14999999999999
52352,ILES,NARIÑO,139,12.51
52354,IMUÉS,NARIÑO,223,20.07
52356,IPIALES,NARIÑO,814,73.25999999999999
52378,LA CRUZ,NARIÑO,7432,668.88
52381,LA FLORIDA,NARIÑO,1562,140.57999999999998
52385,LA LLANADA,NARIÑO,1898,170.82
52390,LA TOLA,NARIÑO,52,4.68
52399,LA UNIÓN,NARIÑO,30,2.7
52405,LEIVA,NARIÑO,139,12.509999999999998
52411,LINARES,NARIÑO,127,11.43
52418,LOS ANDES,NARIÑO,22,1.98
52427,MAGÜÍ,NARIÑO,39,3.51
52435,MALLAMA,NARIÑO,2401,216.09
52473,MOSQUERA,NARIÑO,129,11.61
52480,NARIÑO,NARIÑO,19,1.71
52490,OLAYA HERRERA,NARIÑO,60,5.3999999999999995
52506,OSPINA,NARIÑO,211,18.99
52520,FRANCISCO PIZARRO,NARIÑO,80,7.2
52540,POLICARPA,NARIÑO,4012,361.08
52560,POTOSÍ,NARIÑO,2371,213.39
52565,PROVIDENCIA,NARIÑO,28,2.52
52573,PUERRES,NARIÑO,28,2.52
52585,PUPIALES,NARIÑO,626,56.339999999999996
52612,RICAURTE,NARIÑO,1857,167.13
52621,ROBERTO PAYÁN,NARIÑO,60,5.3999999999999995
52678,SAMANIEGO,NARIÑO,399,35.91
52683,SANDONÁ,NARIÑO,178,16.02
52685,SAN BERNARDO,NARIÑO,1826,164.34
52687,SAN LORENZO,NARIÑO,875,78.75
52693,SAN PABLO,NARIÑO,3144,282.96000000000004
54051,ARBOLEDAS,NORTE DE SANTANDER,1762,158.58
54099,BOCHALEMA,NORTE DE SANTANDER,3775,339.75
54109,BUCARASICA,NORTE DE SANTANDER,2990,269.09999999999997
54125,CÁCOTA,NORTE DE SANTANDER,1185,106.65
54128,CÁCHIRA,NORTE DE SANTANDER,596,53.63999999999999
54172,CHINÁCOTA,NORTE DE SANTANDER,1182,106.38
54174,CHITAGÁ,NORTE DE SANTANDER,2753,247.76999999999998
54206,CONVENCIÓN,NORTE DE SANTANDER,4854,436.86
54223,CUCUTILLA,NORTE DE SANTANDER,6126,551.34
54239,DURANIA,NORTE DE SANTANDER,1286,115.74
54245,EL CARMEN,NORTE DE SANTANDER,6461,581.49
54250,EL TARRA,NORTE DE SANTANDER,910,81.89999999999999
54261,EL ZULIA,NORTE DE SANTANDER,428,38.52
54313,GRAMALOTE,NORTE DE SANTANDER,76,6.84
54344,HACARÍ,NORTE DE SANTANDER,298,26.82
54347,HERRÁN,NORTE DE SANTANDER,1221,109.88999999999999
54377,LABATECA,NORTE DE SANTANDER,371,33.39
54385,LA ESPERANZA,NORTE DE SANTANDER,131,11.79
54398,LA PLAYA,NORTE DE SANTANDER,22,1.98
54405,LOS PATIOS,NORTE DE SANTANDER,133,11.969999999999999
54418,LOURDES,NORTE DE SANTANDER,51,4.59
54480,MUTISCUA,NORTE DE SANTANDER,52,4.68
54498,OCAÑA,NORTE DE SANTANDER,217,19.529999999999998
54518,PAMPLONA,NORTE DE SANTANDER,28,2.5199999999999996
54520,PAMPLONITA,NORTE DE SANTANDER,2,0.18
54553,PUERTO SANTANDER,NORTE DE SANTANDER,7,0.63
54599,RAGONVALIA,NORTE DE SANTANDER,189,17.009999999999998
54660,SALAZAR,NORTE DE SANTANDER,140,12.6
54670,SAN CALIXTO,NORTE DE SANTANDER,11548,1039.32
54673,SAN CAYETANO,NORTE DE SANTANDER,1334,120.06
54680,SANTIAGO,NORTE DE SANTANDER,165,14.85
54720,SARDINATA,NORTE DE SANTANDER,276,24.839999999999996
54743,SILOS,NORTE DE SANTANDER,49,4.41
54800,TEORAMA,NORTE DE SANTANDER,9584,862.56
54810,TIBÚ,NORTE DE SANTANDER,453,40.77
54820,TOLEDO,NORTE DE SANTANDER,938,84.41999999999999
54871,VILLA CARO,NORTE DE SANTANDER,15,1.3499999999999999
54874,VILLA DEL ROSARIO,NORTE DE SANTANDER,26,2.34
63190,CIRCASIA,QUINDÍO,4466,401.94
63212,CÓRDOBA,QUINDÍO,2890,260.09999999999997
63272,FILANDIA,QUINDÍO,306,27.54
63302,GÉNOVA,QUINDÍO,377,33.93
63401,LA TEBAIDA,QUINDÍO,518,46.62
63470,MONTENEGRO,QUINDÍO,1322,118.97999999999999
63548,PIJAO,QUINDÍO,242,21.78
63594,QUIMBAYA,QUINDÍO,2460,221.4
63690,SALENTO,QUINDÍO,3932,353.88
66001,PEREIRA,RISARALDA,5106,459.53999999999996
66045,APÍA,RISARALDA,8649,778.41
66075,BALBOA,RISARALDA,16717,1504.53
66088,BELÉN DE UMBRÍA,RISARALDA,241,21.69
66170,DOSQUEBRADAS,RISARALDA,1829,164.60999999999999
66318,GUÁTICA,RISARALDA,21,1.8900000000000001
66383,LA CELIA,RISARALDA,52,4.68
66400,LA VIRGINIA,RISARALDA,75,6.75
66440,MARSELLA,RISARALDA,45,4.05
66456,MISTRATÓ,RISARALDA,16,1.44
66572,PUEBLO RICO,RISARALDA,1196,107.64
66594,QUINCHÍA,RISARALDA,3,0.27
66682,SANTA ROSA DE CABAL,RISARALDA,43,3.87
66687,SANTUARIO,RISARALDA,8,0.72
68001,BUCARAMANGA,SANTANDER,31,2.79
68013,AGUADA,SANTANDER,81,7.29
68020,ALBANIA,SANTANDER,210,18.9
68051,ARATOCA,SANTANDER,43,3.8699999999999997
68077,BARBOSA,SANTANDER,328,29.52
68079,BARICHARA,SANTANDER,154,13.86
68081,BARRANCABERMEJA,SANTANDER,97,8.73
68092,BETULIA,SANTANDER,1077,96.92999999999999
68101,BOLÍVAR,SANTANDER,422,37.980000000000004
68121,CABRERA,SANTANDER,14314,1288.26
68132,CALIFORNIA,SANTANDER,1839,165.51
68147,CAPITANEJO,SANTANDER,2962,266.58
68152,CARCASÍ,SANTANDER,32,2.88
68160,CEPITÁ,SANTANDER,64,5.76
68162,CERRITO,SANTANDER,284,25.56
68167,CHARALÁ,SANTANDER,3308,297.71999999999997
68169,CHARTA,SANTANDER,416,37.44
68176,CHIMA,SANTANDER,4278,385.02
68179,CHIPATÁ,SANTANDER,1255,112.94999999999999
68190,CIMITARRA,SANTANDER,42,3.78
68207,CONCEPCIÓN,SANTANDER,332,29.88
68209,CONFINES,SANTANDER,16,1.44
68211,CONTRATACIÓN,SANTANDER,429,38.61
68217,COROMORO,SANTANDER,43,3.87
68229,CURITÍ,SANTANDER,3136,282.24
68235,EL CARMEN DE CHUCURÍ,SANTANDER,554,49.86
68245,EL GUACAMAYO,SANTANDER,781,70.28999999999999
68250,EL PEÑÓN,SANTANDER,15,1.3499999999999999
68255,EL PLAYÓN,SANTANDER,594,53.459999999999994
68264,ENCINO,SANTANDER,426,38.339999999999996
68266,ENCISO,SANTANDER,21,1.8900000000000001
68271,FLORIÁN,SANTANDER,63,5.67
68276,FLORIDABLANCA,SANTANDER,364,32.76
68296,GALÁN,SANTANDER,37,3.3299999999999996
68298,GÁMBITA,SANTANDER,276,24.84
68307,GIRÓN,SANTANDER,8872,798.48
68318,GUACA,SANTANDER,4,0.36
68320,GUADALUPE,SANTANDER,142,12.78
68322,GUAPOTÁ,SANTANDER,4026,362.34
68324,GUAVATÁ,SANTANDER,158,14.219999999999999
68327,GÜEPSA,SANTANDER,517,46.53
68344,HATO,SANTANDER,206,18.54
68368,JESÚS MARÍA,SANTANDER,101,9.09
68370,JORDÁN,SANTANDER,50,4.5
68377,LA BELLEZA,SANTANDER,9968,897.12
68385,LANDÁZURI,SANTANDER,1479,133.10999999999999
68397,LA PAZ,SANTANDER,488,43.92
68755,SOCORRO,SANTANDER,1209,108.81
68770,SUAITA,SANTANDER,2011,180.98999999999998
68773,SUCRE,SANTANDER,1764,158.76
68780,SURATÁ,SANTANDER,800,72.0
68820,TONA,SANTANDER,810,72.89999999999999
68855,VALLE DE SAN JOSÉ,SANTANDER,2225,200.25
68861,VÉLEZ,SANTANDER,637,57.33
68867,VETAS,SANTANDER,2241,201.69
68872,VILLANUEVA,SANTANDER,2175,195.75
68895,ZAPATOCA,SANTANDER,3193,287.37
70001,SINCELEJO,SUCRE,6621,595.89
70110,BUENAVISTA,SUCRE,12102,1089.18
70124,CAIMITO,SUCRE,7139,642.51
70204,COLOSÓ,SUCRE,2142,192.77999999999997
70215,COROZAL,SUCRE,4004,360.35999999999996
70221,COVEÑAS,SUCRE,83,7.47
70230,CHALÁN,SUCRE,1063,95.67
70233,EL ROBLE,SUCRE,309,27.810000000000002
70235,GALERAS,SUCRE,110,9.899999999999999
70265,GUARANDA,SUCRE,15,1.35
70400,LA UNIÓN,SUCRE,2710,243.89999999999998
70418,LOS PALMITOS,SUCRE,27,2.4299999999999997
70429,MAJAGUAL,SUCRE,59,5.31
70473,MORROA,SUCRE,63,5.67
70508,OVEJAS,SUCRE,34,3.06
70523,PALMITO,SUCRE,29,2.61
70670,SAMPUÉS,SUCRE,24,2.16
70678,SAN BENITO ABAD,SUCRE,66,5.9399999999999995
70702,SAN JUAN DE BETULIA,SUCRE,50,4.5
70708,SAN MARCOS,SUCRE,68,6.12
70713,SAN ONOFRE,SUCRE,83,7.47
70717,SAN PEDRO,SUCRE,130,11.7
70742,SAN LUIS DE SINCÉ,SUCRE,3855,346.95
70771,SUCRE,SUCRE,11829,1064.61
70820,SANTIAGO DE TOLÚ,SUCRE,512,46.08
70823,SAN JOSÉ DE TOLUVIEJO,SUCRE,5948,535.3199999999999
73001,IBAGUÉ,TOLIMA,84,7.56
73024,ALPUJARRA,TOLIMA,136,12.24
73026,ALVARADO,TOLIMA,1487,133.83
73030,AMBALEMA,TOLIMA,20,1.8
73043,ANZOÁTEGUI,TOLIMA,132,11.879999999999999
73055,ARMERO,TOLIMA,613,55.17
73067,ATACO,TOLIMA,16,1.44
73124,CAJAMARCA,TOLIMA,17,1.53
73148,CARMEN DE APICALÁ,TOLIMA,14,1.26
73152,CASABIANCA,TOLIMA,23,2.07
73168,CHAPARRAL,TOLIMA,310,27.9
73200,COELLO,TOLIMA,52,4.68
73217,COYAIMA,TOLIMA,112,10.08
73226,CUNDAY,TOLIMA,66,5.9399999999999995
73236,DOLORES,TOLIMA,35,3.15
73268,ESPINAL,TOLIMA,20,1.8
73270,FALAN,TOLIMA,93,8.37
73275,FLANDES,TOLIMA,123,11.07
73283,FRESNO,TOLIMA,3159,284.31
73319,GUAMO,TOLIMA,162,14.579999999999998
73347,HERVEO,TOLIMA,253,22.769999999999996
73349,HONDA,TOLIMA,439,39.51
73352,ICONONZO,TOLIMA,8013,721.17
73408,LÉRIDA,TOLIMA,190,17.099999999999998
73411,LÍBANO,TOLIMA,439,39.51
73443,SAN SEBASTIÁN DE MARIQUITA,TOLIMA,549,49.410000000000004
73449,MELGAR,TOLIMA,549,49.41
73461,MURILLO,TOLIMA,169,15.209999999999999
73483,NATAGAIMA,TOLIMA,28,2.52
73504,ORTEGA,TOLIMA,1063,95.67
73520,PALOCABILDO,TOLIMA,11204,1008.36
73547,PIEDRAS,TOLIMA,1929,173.60999999999999
73555,PLANADAS,TOLIMA,1147,103.22999999999999
73563,PRADO,TOLIMA,666,59.940000000000005
76250,EL DOVIO,VALLE DEL CAUCA,6366,572.9399999999999
76275,FLORIDA,VALLE DEL CAUCA,567,51.03
76306,GINEBRA,VALLE DEL CAUCA,8436,759.24
76318,GUACARÍ,VALLE DEL CAUCA,3093,278.37
76364,JAMUNDÍ,VALLE DEL CAUCA,229,20.61
76377,LA CUMBRE,VALLE DEL CAUCA,439,39.51
76400,LA UNIÓN,VALLE DEL CAUCA,545,49.05
76403,LA VICTORIA,VALLE DEL CAUCA,202,18.18
76497,OBANDO,VALLE DEL CAUCA,517,46.53
76520,PALMIRA,VALLE DEL CAUCA,7718,694.62
76563,PRADERA,VALLE DEL CAUCA,6280,565.1999999999999
76606,RESTREPO,VALLE DEL CAUCA,4790,431.09999999999997
76616,RIOFRÍO,VALLE DEL CAUCA,4803,432.27
76622,ROLDANILLO,VALLE DEL CAUCA,935,84.14999999999999
76670,SAN PEDRO,VALLE DEL CAUCA,6295,566.55
76736,SEVILLA,VALLE DEL CAUCA,151,13.59
76823,TORO,VALLE DEL CAUCA,68,6.12
76828,TRUJILLO,VALLE DEL CAUCA,219,19.71
76834,TULUÁ,VALLE DEL CAUCA,21,1.89
76845,ULLOA,VALLE DEL CAUCA,70,6.299999999999999
76863,VERSALLES,VALLE DEL CAUCA,191,17.189999999999998
76869,VIJES,VALLE DEL CAUCA,336,30.24
76890,YOTOCO,VALLE DEL CAUCA,1049,94.41
76892,YUMBO,VALLE DEL CAUCA,89,8.01
76895,ZARZAL,VALLE DEL CAUCA,103,9.27
81001,ARAUCA,ARAUCA,214,19.259999999999998
81065,ARAUQUITA,ARAUCA,608,54.72
81220,CRAVO NORTE,ARAUCA,2148,193.32
81300,FORTUL,ARAUCA,157,14.129999999999997
81591,PUERTO RONDÓN,ARAUCA,3333,299.96999999999997
81736,SARAVENA,ARAUCA,5030,452.7
81794,TAME,ARAUCA,8813,793.17
85001,YOPAL,CASANARE,56,5.04
85010,AGUAZUL,CASANARE,27,2.4299999999999997
85015,CHÁMEZA,CASANARE,23,2.07
85125,HATO COROZAL,CASANARE,40,3.6
85136,LA SALINA,CASANARE,263,23.669999999999998
85139,MANÍ,CASANARE,129,11.61
85162,MONTERREY,CASANARE,79,7.109999999999999
85225,NUNCHÍA,CASANARE,105,9.45
85230,OROCUÉ,CASANARE,207,18.63
85250,PAZ DE ARIPORO,CASANARE,2818,253.61999999999998
85263,PORE,CASANARE,69,6.21
85279,RECETOR,CASANARE,16,1.44
85300,SABANALARGA,CASANARE,3166,284.94
85315,SÁCAMA,CASANARE,12935,1164.1499999999999
85325,SAN LUIS DE PALENQUE,CASANARE,381,34.29
85400,TÁMARA,CASANARE,174,15.66
85410,TAURAMENA,CASANARE,1161,104.49
85430,TRINIDAD,CASANARE,2356,212.04
85440,VILLANUEVA,CASANARE,84,7.5600000000000005
86001,MOCOA,PUTUMAYO,105,9.45
86219,COLÓN,PUTUMAYO,98,8.82
86320,ORITO,PUTUMAYO,189,17.009999999999998
94001,INÍRIDA,GUAINÍA,23506,2115.54
94343,BARRANCOMINAS,GUAINÍA,3128,281.52
94883,SAN FELIPE,GUAINÍA,1406,126.53999999999999
94884,PUERTO COLOMBIA,GUAINÍA,2683,241.46999999999997
94885,LA GUADALUPE,GUAINÍA,1403,126.27
94886,CACAHUAL,GUAINÍA,762,68.58
94887,PANA PANA,GUAINÍA,218,19.62
94888,MORICHAL,GUAINÍA,566,50.94
95001,SAN JOSÉ DEL GUAVIARE,GUAVIARE,408,36.72
95015,CALAMAR,GUAVIARE,171,15.39
95025,EL RETORNO,GUAVIARE,1447,130.23
95200,MIRAFLORES,GUAVIARE,6929,623.61
97001,MITÚ,VAUPÉS,3005,270.45
97161,CARURÚ,VAUPÉS,11161,1004.49
97511,PACOA,VAUPÉS,1305,117.44999999999999
97666,TARAIRA,VAUPÉS,758,68.22
97777,PAPUNAHUA,VAUPÉS,539,48.51
97889,YAVARATÉ,VAUPÉS,110,9.9
99001,PUERTO CARREÑO,VICHADA,89,8.01
99524,LA PRIMAVERA,VICHADA,103,9.27
99624,SANTA ROSALÍA,VICHADA,301,27.09
99773,CUMARIBO,VICHADA,32,2.88
