category,country,first_issuance_at,first_retirement_at,is_compliance,issued,listed_at,name,project_id,project_type,project_type_source,project_url,proponent,protocol,protocol_unassigned,registry,retired,status,vintage_start,vintage_end,credit_rows,startDate,endDate,fuente
fuel-switching,Colombia,,,False,0.0,,Electric Mobility Program Colombia,VCS5908,Unknown,carbonplan,https://registry.verra.org/app/projectDetail/VCS/5908,Grutter Consulting AG,['vm0038'],,verra,0.0,listed,,,,,,carbonplan_offsetsdb
forest,Colombia,,,False,0.0,,"PROJECT URAMIA – COMMUNITY-LED FOREST CONSERVATION REDD+ PROJECT IN CHOCÓ, COLOMBIA",VCS5901,REDD+,carbonplan,https://registry.verra.org/app/projectDetail/VCS/5901,Multiple Proponents,['vm0048'],,verra,0.0,listed,,,,,,carbonplan_offsetsdb
ghg-management,Colombia,,,False,0.0,,El Estero biogas recovery and utilization,VCS5756,Unknown,carbonplan,https://registry.verra.org/app/projectDetail/VCS/5756,EXTRACTORA EL ESTERO S.A.S.,['ams-iii-h'],,verra,0.0,listed,,,,,,carbonplan_offsetsdb
forest,Colombia,,,False,0.0,,CO2ROZO,VCS5680,REDD+,carbonplan,https://registry.verra.org/app/projectDetail/VCS/5680,FUNDACIÓN CATARUBEN,"['vm0007', 'vm0042']",,verra,0.0,listed,,,,,,carbonplan_offsetsdb
forest,Colombia,,,False,0.0,,Green and Carbon Capture project,VCS5632,Afforestation + Reforestation,carbonplan,https://registry.verra.org/app/projectDetail/VCS/5632,Scellec Teca Colombia SAS,['vm0047'],,verra,0.0,listed,,,,,,carbonplan_offsetsdb
agriculture,Colombia,,,False,0.0,,Boomitra grassland Restoration in Colombia,VCS5335,Grassland Management,berkeley,https://registry.verra.org/app/projectDetail/VCS/5335,Boomitra Inc,['vm0042'],,verra,0.0,listed,,,,,,carbonplan_offsetsdb
forest,Colombia,,,False,0.0,,Sembrando Futuro Restoration Project,VCS5324,Afforestation + Reforestation,carbonplan,https://registry.verra.org/app/projectDetail/VCS/5324,Fundación Grupo Argos,['vm0047'],,verra,0.0,completed,,,,,,carbonplan_offsetsdb
forest,Colombia,,,False,0.0,,Bella Bosque Vichada Afforestation Project,VCS5305,Afforestation + Reforestation,carbonplan,https://registry.verra.org/app/projectDetail/VCS/5305,Multiple Proponents,['vm0047'],,verra,0.0,listed,,,,,,carbonplan_offsetsdb
forest,Colombia,,,False,0.0,,Sembrando Futuro 2.0,VCS5169,Afforestation + Reforestation,berkeley,https://registry.verra.org/app/projectDetail/VCS/5169,Terraformation Inc.,['vm0047'],,verra,0.0,listed,,,,,,carbonplan_offsetsdb
forest,Colombia,,,False,0.0,,"MÜSESI project for active restoration in areas of the Sierra Nevada Santa Marta, Colombia",VCS4894,Afforestation + Reforestation,berkeley,https://registry.verra.org/app/projectDetail/VCS/4894,ALLCOT A.G.,['vm0047'],,verra,0.0,listed,,,,,,carbonplan_offsetsdb
agriculture,Colombia,,,False,0.0,,NATURAL SILVOPASTORAL SYSTEMS IN THE COLOMBIAN ORINOQUIA REGION,VCS4777,Sustainable Agriculture,berkeley,https://registry.verra.org/app/projectDetail/VCS/4777,Agropecuaria Bambusa SAS,['vm0042'],,verra,0.0,listed,,,,,,carbonplan_offsetsdb
forest,Colombia,,,False,0.0,,RESTORED PRODUCTIVE LANDSCAPES IN THE MAGDALENA RIVER MIDDLE BASIN IN COLOMBIA,VCS4748,Afforestation + Reforestation,berkeley,https://registry.verra.org/app/projectDetail/VCS/4748,FUNDACIÓN PROYECTO PRIMATES - FPP,['ar-acm0003'],,verra,0.0,listed,,,,,,carbonplan_offsetsdb
forest,Colombia,,,False,0.0,,"NatureRe assisted natural regeneration project in degraded lands in Antioquia, Colombia",VCS4732,Afforestation + Reforestation,berkeley,https://registry.verra.org/app/projectDetail/VCS/4732,Multiple Proponents,['ar-acm0003'],,verra,0.0,registered,,,,,,carbonplan_offsetsdb
forest,Colombia,,,False,0.0,,REDD+ Esteros y Manglares,VCS4536,REDD+,berkeley,https://registry.verra.org/app/projectDetail/VCS/4536,Multiple Proponents,['vm0007'],,verra,0.0,completed,,,,,,carbonplan_offsetsdb
forest,Colombia,,,False,0.0,,REDD++ Manglares del Bajo Baudo,VCS4480,REDD+,berkeley,https://registry.verra.org/app/projectDetail/VCS/4480,Multiple Proponents,['vm0007'],,verra,0.0,listed,,,,,,carbonplan_offsetsdb
forest,Colombia,,,False,0.0,,Project MATANI REDD+ DIOS MAYOR DE LOS PUEBLOS CABILLARI CONSERVACION ANCESTRAL,VCS4419,REDD+,berkeley,https://registry.verra.org/app/projectDetail/VCS/4419,Multiple Proponents,['vm0015'],,verra,0.0,completed,,,,,,carbonplan_offsetsdb
forest,Colombia,,,False,0.0,,Carbon In Flavor and Arome Forests (C-BOSAR),VCS3970,Afforestation + Reforestation,berkeley,https://registry.verra.org/app/projectDetail/VCS/3970,Multiple Proponents,['ar-acm0003'],,verra,0.0,registered,,,,,,carbonplan_offsetsdb
agriculture,Colombia,,,False,0.0,,CARBONO VIVO- A REGENERATIVE LIVESTOCK CARBON PROJECT WITH A PARTICIPATORY APPROACH IN COLOMBIA,VCS3927,Grassland Management,berkeley,https://registry.verra.org/app/projectDetail/VCS/3927,Multiple Proponents,['vm0042'],,verra,0.0,listed,,,,,,carbonplan_offsetsdb
forest,Colombia,,,False,0.0,,THE FOREST CARBON PROJECT AGROREFORESTADORA RANCHO VICTORIA S. A,VCS3849,Afforestation + Reforestation,berkeley,https://registry.verra.org/app/projectDetail/VCS/3849,AGROREFORESTADORA RANCHO VICTORIA S.A,['ar-acm0003'],,verra,0.0,completed,,,,,,carbonplan_offsetsdb
forest,Colombia,,,False,0.0,,PROJECT MATANI REDD+ DIOS MAYOR DE LOS PUEBLOS CABILLARI,VCS3690,REDD+,berkeley,https://registry.verra.org/app/projectDetail/VCS/3690,Multiple Proponents,['vm0015'],,verra,0.0,completed,,,,,,carbonplan_offsetsdb
forest,Colombia,,,False,0.0,,Kúvay Macärö Vidi REDD+ Carurú -KUMAVI REDD+,VCS3646,REDD+,berkeley,https://registry.verra.org/app/projectDetail/VCS/3646,"RESGUARDO INDÍGENA ARARÁ, BACATÍ, CARURÚ Y LAGOS DE JAMAICURÚ","['vm0015', 'vm0037']",,verra,0.0,completed,,,,,,carbonplan_offsetsdb
forest,Colombia,,,False,0.0,,Finca la Paz II,VCS3594,Afforestation + Reforestation,berkeley,https://registry.verra.org/app/projectDetail/VCS/3594,Col La Paz SAS,['vm0047'],,verra,0.0,listed,,,,,,carbonplan_offsetsdb
forest,Colombia,,,False,0.0,,REDD+ Project for the Conservation of Lowland Forest in the  Magdalena Medio Region of Colombia,VCS3564,REDD+,berkeley,https://registry.verra.org/app/projectDetail/VCS/3564,Fundación Biodiversa Colombia (FBC),['vm0015'],,verra,0.0,completed,,,,,,carbonplan_offsetsdb
forest,Colombia,,,False,0.0,,ACABA REDD+ Project,VCS3475,REDD+,berkeley,https://registry.verra.org/app/projectDetail/VCS/3475,"Consejo Comunitario General Del Río Baudo y sus Afluentes, ACABA",['vm0009'],,verra,0.0,listed,,,,,,carbonplan_offsetsdb
forest,Colombia,2026-04-24 00:00:00+00:00,,False,19871.0,,"Sustainable Agroforestry Cacao Meta, Colombia",VCS3450,Afforestation + Reforestation,berkeley,https://registry.verra.org/app/projectDetail/VCS/3450,Multiple Proponents,['ar-acm0003'],,verra,0.0,registered,2021.0,2021.0,1.0,2021.0,2021.0,carbonplan_offsetsdb
forest,Colombia,,,False,0.0,,Bajo Atrato REDD+ Project,VCS3210,REDD+,berkeley,https://registry.verra.org/app/projectDetail/VCS/3210,Multiple Proponents,['vm0009'],,verra,0.0,listed,,,,,,carbonplan_offsetsdb
forest,Colombia,,,False,0.0,,ASATIQ Vaupés Maloca REDD+ Project,VCS3215,REDD+,berkeley,https://registry.verra.org/app/projectDetail/VCS/3215,Association of Traditional Indigenous Authorities of Querarí (ASATIQ),['vm0009'],,verra,0.0,listed,,,,,,carbonplan_offsetsdb
forest,Colombia,,,False,0.0,,ASATRIZY Vaupés Maloca REDD+ Project,VCS3216,REDD+,berkeley,https://registry.verra.org/app/projectDetail/VCS/3216,Association of Traditional Indigenous Authorities of the Yapú Zone (ASATRIZY),['vm0009'],,verra,0.0,listed,,,,,,carbonplan_offsetsdb
forest,Colombia,,,False,0.0,,REDD+ Project in the Alto Predio Putumayo Indigenous Reservation in Colombia,VCS3217,Unknown,carbonplan,https://registry.verra.org/app/projectDetail/VCS/3217,"Asociación de Autoridades Tradicionales y Cabildos De Los Pueblos Indígenas Murui, Muinane, Coreguaje y Nasa Del Municipio De Leguizamo y Puerto Asis, Alto Resguardo Predio Putumayo - ACILAPP",['vm0009'],,verra,0.0,listed,,,,,,carbonplan_offsetsdb
forest,Colombia,,,False,0.0,,Origen Atrato-Baudó REDD+ Project,VCS3218,REDD+,berkeley,https://registry.verra.org/app/projectDetail/VCS/3218,Multiple Proponents,['vm0009'],,verra,0.0,listed,,,,,,carbonplan_offsetsdb
forest,Colombia,,,False,0.0,,Proyecto REDD++ PANI,VCS3145,REDD+,berkeley,https://registry.verra.org/app/projectDetail/VCS/3145,Multiple Proponents,['vm0007'],,verra,0.0,listed,,,,,,carbonplan_offsetsdb
forest,Colombia,,,False,0.0,,CRIMA PREDIO PUTUMAYO Y ANDOQUE DE ADUCHE REDD+  PROJECT,VCS2872,REDD+,berkeley,https://registry.verra.org/app/projectDetail/VCS/2872,Multiple Proponents,['vm0007'],,verra,0.0,completed,,,,,,carbonplan_offsetsdb
forest,Colombia,2025-12-18 00:00:00+00:00,2025-12-18 00:00:00+00:00,False,2598.0,,Saving Colombia's Cloud Forest,VCS2750,Afforestation + Reforestation,berkeley,https://registry.verra.org/app/projectDetail/VCS/2750,"Saving Nature, Inc.",['ar-acm0003'],,verra,2598.0,registered,2017.0,2022.0,20.0,2017.0,2022.0,carbonplan_offsetsdb
forest,Colombia,2023-09-29 00:00:00+00:00,2023-12-21 00:00:00+00:00,False,397194.0,,CONDOTO REDD+,VCS2723,REDD+,berkeley,https://registry.verra.org/app/projectDetail/VCS/2723,Multiple Proponents,['vm0007'],,verra,370340.0,unknown,2019.0,2021.0,95.0,2019.0,2021.0,carbonplan_offsetsdb
forest,Colombia,2022-12-26 00:00:00+00:00,2023-03-24 00:00:00+00:00,False,1220754.0,,Cumare carbon project,VCS2532,Afforestation + Reforestation,berkeley,https://registry.verra.org/app/projectDetail/VCS/2532,Reforestadora Cumare S.A.S.,['ar-acm0003'],,verra,291464.0,registered,2017.0,2023.0,61.0,2017.0,2023.0,carbonplan_offsetsdb
forest,Colombia,2022-06-20 00:00:00+00:00,2022-12-28 00:00:00+00:00,False,609543.0,,"AFFORESTATION OF DEGRADED GRASSLANDS IN VICHADA, COLOMBIA",VCS2512,Afforestation + Reforestation,berkeley,https://registry.verra.org/app/projectDetail/VCS/2512,Forest First Colombia S.A.S.,['ar-acm0003'],,verra,476254.0,registered,2017.0,2022.0,134.0,2017.0,2022.0,carbonplan_offsetsdb
forest,Colombia,,,False,0.0,,NAYA REDD+,VCS2459,REDD+,berkeley,https://registry.verra.org/app/projectDetail/VCS/2459,Multiple Proponents,['vm0007'],,verra,0.0,completed,,,,,,carbonplan_offsetsdb
forest,Colombia,,,False,0.0,,REDD + in the Forests of the Otún River Basin,VCS2392,REDD+,berkeley,https://registry.verra.org/app/projectDetail/VCS/2392,Empresa de Acueducto y Alcantarillado de Pereira S.A.S E.S. P,['vm0015'],,verra,0.0,completed,,,,,,carbonplan_offsetsdb
forest,Colombia,,,False,0.0,,REDD+ CONSERVATION OF ETHNO SUSTAINABLE AFRO-COLOMBIAN COMMUNITY IN THE TROPICAL RAIN FOREST OF COLOMBIA,VCS2356,REDD+,berkeley,https://registry.verra.org/app/projectDetail/VCS/2356,WeAct Pty Ltd.,['vm0015'],,verra,0.0,listed,,,,,,carbonplan_offsetsdb
forest,Colombia,,,False,0.0,,Protection of mangroves and community developmental activities in the biodiversity hotspot of Colombia,VCS2330,REDD+,berkeley,https://registry.verra.org/app/projectDetail/VCS/2330,WeAct Pty Ltd.,['vm0015'],,verra,0.0,listed,,,,,,carbonplan_offsetsdb
forest,Colombia,2024-03-08 00:00:00+00:00,2024-03-18 00:00:00+00:00,False,15431.0,,REDD+ Project Magnolios de Yarumal,VCS2317,REDD+,berkeley,https://registry.verra.org/app/projectDetail/VCS/2317,Multiple Proponents,['vm0015'],,verra,9570.0,registered,2016.0,2020.0,24.0,2016.0,2020.0,carbonplan_offsetsdb
forest,Colombia,,,False,0.0,,"CONSEJOS COMUNITARIOS DEL PACIFICO VALLE DEL CAUCA (CCPVC) PROGRAMA REDD+ VALLE DEL CAUCA, COLOMBIA",VCS2298,REDD+,berkeley,https://registry.verra.org/app/projectDetail/VCS/2298,Multiple Proponents,['vm0006'],,verra,0.0,listed,,,,,,carbonplan_offsetsdb
forest,Colombia,2025-01-20 00:00:00+00:00,2025-01-20 00:00:00+00:00,False,3929705.0,,REDD+ Project Pueblos indígenas resguardando la selva,VCS2297,REDD+,berkeley,https://registry.verra.org/app/projectDetail/VCS/2297,Multiple Proponents,['vm0015'],,verra,464381.0,registered,2017.0,2020.0,12.0,2017.0,2020.0,carbonplan_offsetsdb
forest,Colombia,2021-05-20 00:00:00+00:00,2021-05-25 00:00:00+00:00,False,59363.0,,BLUE CARBON PROJECT GULF OF MORROSQUILLO “VIDA MANGLAR”,VCS2290,REDD+,berkeley,https://registry.verra.org/app/projectDetail/VCS/2290,Conservation International Foundation,['vm0007'],,verra,57369.0,unknown,2015.0,2018.0,34.0,2015.0,2018.0,carbonplan_offsetsdb
renewable-energy,Colombia,,,False,0.0,,Hydroelectric Project Cantayus,VCS1235,Hydropower,berkeley,https://registry.verra.org/app/projectDetail/VCS/1235,Generadora Cantayus S.A.S. E.S.P.,['acm0002'],,verra,0.0,listed,,,,,,carbonplan_offsetsdb
ghg-management,Colombia,2010-10-05 00:00:00+00:00,2010-10-05 00:00:00+00:00,False,19722.0,,Curva de Rodas and La Pradera landfill gas management project,VCS479,Landfill,berkeley,https://registry.verra.org/app/projectDetail/VCS/479,Green Gas Colombia,['acm0001'],,verra,19722.0,unknown,2009.0,2009.0,11.0,2009.0,2009.0,carbonplan_offsetsdb
ghg-management,Colombia,,,False,0.0,,"Bionersis landfill  project in Pasto, Colombia",VCS491,Landfill,berkeley,https://registry.verra.org/app/projectDetail/VCS/491,Bionersis S.A.,['ams-iii-g'],,verra,0.0,unknown,,,,,,carbonplan_offsetsdb
energy-efficiency,Colombia,,,False,0.0,,AXIA Energia Cogeneration Project in Unibol,VCS1405,Natural Gas,berkeley,https://registry.verra.org/app/projectDetail/VCS/1405,AXIA Energia,['ams-ii-d'],,verra,0.0,listed,,,,,,carbonplan_offsetsdb
fuel-switching,Colombia,,,False,0.0,,EPM Grouped Natural Gas Project,VCS1169,Fuel Switching,berkeley,https://registry.verra.org/app/projectDetail/VCS/1169,Empresas Publicas de Medellin S.A,['acm0009'],,verra,0.0,listed,,,,,,carbonplan_offsetsdb
renewable-energy,Colombia,2021-12-23 00:00:00+00:00,2021-12-23 00:00:00+00:00,False,73110.0,,Hydroelectric Project El Edén,VCS1068,Hydropower,berkeley,https://registry.verra.org/app/projectDetail/VCS/1068,PROELECTRICA S.A.S E.S.P,['acm0002'],,verra,64951.0,registered,2017.0,2020.0,51.0,2017.0,2020.0,carbonplan_offsetsdb
forest,Colombia,,,False,0.0,,REDD+ Yaguara Llanos del Yari,VCS2262,REDD+,berkeley,https://registry.verra.org/app/projectDetail/VCS/2262,CUESTA Y ASOCIADOS SAS,['vm0015'],,verra,0.0,completed,,,,,,carbonplan_offsetsdb
forest,Colombia,,,False,0.0,,REDD PROJECT OF THE INDIGENOUS PEOPLES OF VAUPÉS YUTUCU AND  OTHERS,VCS2251,REDD+,berkeley,https://registry.verra.org/app/projectDetail/VCS/2251,Multiple Proponents,['vm0015'],,verra,0.0,completed,,,,,,carbonplan_offsetsdb
forest,Colombia,,,False,0.0,,"CONSERVATION PROJECT REDD+ SUR DEL META BOSQUES DE PAZ, SUSTENTO DE VIDA",VCS2084,REDD+,berkeley,https://registry.verra.org/app/projectDetail/VCS/2084,Karbon-X,['vm0015'],,verra,0.0,registered,,,,,,carbonplan_offsetsdb
forest,Colombia,,,False,0.0,,"COCOMACIA COMMUNITY REDD+ PROGRAM, CHOCO/ANTIOQUIA COLOMBIA",VCS2071,REDD+,berkeley,https://registry.verra.org/app/projectDetail/VCS/2071,Multiple Proponents,"['vm0006', 'vm0048']",,verra,0.0,listed,,,,,,carbonplan_offsetsdb
renewable-energy,Colombia,2022-04-07 00:00:00+00:00,2022-04-07 00:00:00+00:00,False,22334.0,,Suba and Usaquen Hydroelectric Umbrella Project,VCS2060,Hydropower,berkeley,https://registry.verra.org/app/projectDetail/VCS/2060,Empresa de Acueducto y Alcantarillado de Bogota E.S.P,['ams-i-d'],,verra,9519.0,registered,2014.0,2021.0,12.0,2014.0,2021.0,carbonplan_offsetsdb
renewable-energy,Colombia,,,False,0.0,,WIND POWER GROUPED PROJECT BY CELSIA COLOMBIA - BEGONIA POWER,VCS1936,Wind,berkeley,https://registry.verra.org/app/projectDetail/VCS/1936,Multiple Proponents,"['acm0002', 'ams-i-d']",,verra,0.0,unknown,,,,,,carbonplan_offsetsdb
renewable-energy,Colombia,2024-10-31 00:00:00+00:00,2024-10-31 00:00:00+00:00,False,44.0,,Santa Ana Hydroelectric Plant - CER Conversion,VCS1909,Hydropower,berkeley,https://registry.verra.org/app/projectDetail/VCS/1909,Credits transferred from approved GHG program,['ams-i-d'],,verra,44.0,unknown,2015.0,2015.0,2.0,2015.0,2015.0,carbonplan_offsetsdb
ghg-management,Colombia,2024-10-31 00:00:00+00:00,2024-10-31 00:00:00+00:00,False,466.0,,"Bionersis landfill project in Pasto, Colombia",VCS1910,Landfill,berkeley,https://registry.verra.org/app/projectDetail/VCS/1910,Credits transferred from approved GHG program,['acm0001'],,verra,466.0,unknown,2011.0,2011.0,2.0,2011.0,2011.0,carbonplan_offsetsdb
renewable-energy,Colombia,2010-09-16 00:00:00+00:00,2010-09-16 00:00:00+00:00,False,3689.0,,La Cascada 2.3 MW Hydroelectric Project,VCS386,Hydropower,berkeley,https://registry.verra.org/app/projectDetail/VCS/386,Prestadora de Servicios Públicos La Cascada SA ESP,['acm0002'],,verra,3689.0,unknown,2007.0,2018.0,8.0,2007.0,2018.0,carbonplan_offsetsdb
renewable-energy,Colombia,,,False,0.0,,SOLAR GROUPED PROJECT BY EPSA-CELSIA,VCS1892,Centralized Solar,berkeley,https://registry.verra.org/app/projectDetail/VCS/1892,Multiple Proponents,"['acm0002', 'ams-i-d']",,verra,0.0,unknown,,,,,,carbonplan_offsetsdb
forest,Colombia,,,False,0.0,,"Yagual - Carbon Sequestration Grouped Project for the Restoration, Conservation and Sustainable Production in the Guerrero, Sumapaz and Rabanal Paramo Systems",VCS1869,Afforestation + Reforestation,berkeley,https://registry.verra.org/app/projectDetail/VCS/1869,Société de gestion de projets ECOTIERRA Inc.,['ar-acm0003'],,verra,0.0,unknown,,,,,,carbonplan_offsetsdb
renewable-energy,Colombia,,,False,0.0,,GUACHICONO SMALL HYDROELECTRIC PROJECT,VCS1868,Hydropower,berkeley,https://registry.verra.org/app/projectDetail/VCS/1868,GELEC GUACHICONO S.A.S .E.S.P,['ams-i-d'],,verra,0.0,unknown,,,,,,carbonplan_offsetsdb
renewable-energy,Colombia,2020-10-07 00:00:00+00:00,2020-10-07 00:00:00+00:00,False,494445.0,,Hydroelectric Project PCH Luzma,VCS1364,Hydropower,berkeley,https://registry.verra.org/app/projectDetail/VCS/1364,ISAGEN S.A. E.S.P,['acm0002'],,verra,209261.0,registered,2017.0,2024.0,24.0,2017.0,2024.0,carbonplan_offsetsdb
renewable-energy,Colombia,2018-12-24 00:00:00+00:00,2018-12-24 00:00:00+00:00,False,77183.0,,Guanaquitas 9.74 MW Hydroelectric Project,VCS1836,Hydropower,berkeley,https://registry.verra.org/app/projectDetail/VCS/1836,Guanaquitas S.A.S .ES.P.,['ams-i-d'],,verra,77183.0,unknown,2010.0,2013.0,77.0,2010.0,2013.0,carbonplan_offsetsdb
renewable-energy,Colombia,2018-12-24 00:00:00+00:00,2018-12-24 00:00:00+00:00,False,23636.0,,Caruquia 9.76 MW Hydroelectric Project,VCS1835,Hydropower,berkeley,https://registry.verra.org/app/projectDetail/VCS/1835,Caruquia S.A.S .ES.P.,['ams-i-d'],,verra,23636.0,unknown,2010.0,2011.0,4.0,2010.0,2011.0,carbonplan_offsetsdb
forest,Colombia,,,False,0.0,,Conservación de los Ecosistemas y el Almacén de Carbono Región de Transición Guayano Amazónica 'Flor de Inírida',VCS1821,REDD+,berkeley,https://registry.verra.org/app/projectDetail/VCS/1821,Ciprogress Greenlife,['vm0007'],,verra,0.0,completed,,,,,,carbonplan_offsetsdb
forest,Colombia,2026-03-02 00:00:00+00:00,2026-04-07 00:00:00+00:00,False,255609.0,,Riscales REDD+ Project,VCS1806,REDD+,berkeley,https://registry.verra.org/app/projectDetail/VCS/1806,Consejo Comunitario General Los Riscales.,['vm0007'],,verra,9909.0,registered,2014.0,2020.0,8.0,2014.0,2020.0,carbonplan_offsetsdb
renewable-energy,Colombia,,,False,0.0,,Hydroelectric projects at Oibita River,VCS1798,Hydropower,berkeley,https://registry.verra.org/app/projectDetail/VCS/1798,PCH San Bartolomé S.A.S .ES.P.,['acm0002'],,verra,0.0,registered,,,,,,carbonplan_offsetsdb
renewable-energy,Colombia,,,False,0.0,,Santa Rosa - Altamira hydroelectric projects,VCS1796,Hydropower,berkeley,https://registry.verra.org/app/projectDetail/VCS/1796,Desarrollo de Energías Renovables S.A.S .ES.P.,['acm0002'],,verra,0.0,unknown,,,,,,carbonplan_offsetsdb
renewable-energy,Colombia,2022-03-16 00:00:00+00:00,2022-04-14 00:00:00+00:00,False,455910.0,,El Molino-San Matias hydroelectric projects,VCS1797,Hydropower,berkeley,https://registry.verra.org/app/projectDetail/VCS/1797,Multiple Proponents,['acm0002'],,verra,190772.0,unknown,2017.0,2021.0,18.0,2017.0,2021.0,carbonplan_offsetsdb
forest,Colombia,2021-09-29 00:00:00+00:00,2021-09-29 00:00:00+00:00,False,12891.0,,"Grouped Project for restoration of degraded lands in Jaguar Corridors, Colombia",VCS1769,Afforestation + Reforestation,berkeley,https://registry.verra.org/app/projectDetail/VCS/1769,Multiple Proponents,"['ar-acm0003', 'vm0005']",,verra,10894.0,unknown,2015.0,2019.0,13.0,2015.0,2019.0,carbonplan_offsetsdb
forest,Colombia,,,False,0.0,,Grouped Project for reducing emissions from deforestation and forest degradation-REDD-in the Regional Natural Park:Biological Corridor PNN Purace-PNN Cueva de los Guacharos,VCS1765,REDD+,berkeley,https://registry.verra.org/app/projectDetail/VCS/1765,Corporación Autónoma Regional del Río Grande de la Magdalena (CORMAGDALENA),['vm0015'],,verra,0.0,unknown,,,,,,carbonplan_offsetsdb
renewable-energy,Colombia,2021-12-01 00:00:00+00:00,2021-12-23 00:00:00+00:00,False,437200.0,,Escuela de Minas Hydroelectric Project,VCS1723,Hydropower,berkeley,https://registry.verra.org/app/projectDetail/VCS/1723,HIDROELECTRICA DEL ALTO PORCE S.A.S E.S.P,['acm0002'],,verra,124661.0,registered,2019.0,2024.0,90.0,2019.0,2024.0,carbonplan_offsetsdb
forest,Colombia,2023-08-01 00:00:00+00:00,2023-08-01 00:00:00+00:00,False,5276.0,,PAYMENT FOR ENVIRONMENTAL SERVICES SCHEME FOR FOREST MANAGEMENT AND CONSERVATION OF WATER SOURCES IN THE JURISDICTION OF CORPOCHIVOR,VCS1695,REDD+,berkeley,https://registry.verra.org/app/projectDetail/VCS/1695,Local Environmental Authority of Chivor (CORPOCHIVOR– Corporación Autónoma Regional de Chivor),['vm0015'],,verra,262.0,registered,2015.0,2016.0,4.0,2015.0,2016.0,carbonplan_offsetsdb
forest,Colombia,2023-11-07 00:00:00+00:00,,False,40623.0,,Regenerating Colombian Coffee Ecosystems,VCS1682,Afforestation + Reforestation,berkeley,https://registry.verra.org/app/projectDetail/VCS/1682,The PURE PROJECT SAS,['ar-ams0007'],,verra,0.0,registered,2015.0,2021.0,7.0,2015.0,2021.0,carbonplan_offsetsdb
renewable-energy,Colombia,,,False,0.0,,San Andres Hydroelectric project,VCS1173,Hydropower,berkeley,https://registry.verra.org/app/projectDetail/VCS/1173,Celsia Colombia S.A. E.S.P.,['acm0002'],,verra,0.0,completed,,,,,,carbonplan_offsetsdb
forest,Colombia,,,False,0.0,,"Grouped Project REDD+ conservation of the Oak ecological corridor Guantiva – La Rusia – Iguaque, Colombia",VCS1657,REDD+,berkeley,https://registry.verra.org/app/projectDetail/VCS/1657,Fundación Natura,['vm0015'],,verra,0.0,listed,,,,,,carbonplan_offsetsdb
forest,Colombia,2013-01-30 00:00:00+00:00,2013-02-04 00:00:00+00:00,False,435287.0,,The Chocó-Darién Conservation Corridor REDD Project,VCS856,REDD+,berkeley,https://registry.verra.org/app/projectDetail/VCS/856,Anthrotect S.A.S.,['vm0009'],,verra,433623.0,unknown,2012.0,2017.0,2966.0,2012.0,2017.0,carbonplan_offsetsdb
forest,Colombia,2019-10-24 00:00:00+00:00,2019-10-31 00:00:00+00:00,False,2150996.0,,Bajo Calima y Bahía Málaga (BCBM) REDD+ Project,VCS1395,REDD+,berkeley,https://registry.verra.org/app/projectDetail/VCS/1395,Multiple Proponents,['vm0006'],,verra,1542122.0,registered,2013.0,2019.0,228.0,2013.0,2019.0,carbonplan_offsetsdb
forest,Colombia,2011-08-16 00:00:00+00:00,2011-08-26 00:00:00+00:00,False,406850.0,,"Restoration of degraded areas and reforestation in Cáceres and Cravo Norte, Colombia",VCS576,Afforestation + Reforestation,berkeley,https://registry.verra.org/app/projectDetail/VCS/576,Asorpar Ltd.,"['ar-acm0003', 'ar-am0005']",,verra,401001.0,registered,2002.0,2021.0,241.0,2002.0,2021.0,carbonplan_offsetsdb
forest,Colombia,2017-10-09 00:00:00+00:00,2017-10-09 00:00:00+00:00,False,27094417.0,,REDD+ Project Resguardo Indigena Unificado Selva de Mataven (RIU SM),VCS1566,REDD+,berkeley,https://registry.verra.org/app/projectDetail/VCS/1566,Multiple Proponents,['vm0007'],,verra,20400910.0,unknown,2013.0,2019.0,1395.0,2013.0,2019.0,carbonplan_offsetsdb
forest,Colombia,2019-10-25 00:00:00+00:00,2019-11-08 00:00:00+00:00,False,681565.0,,Carmen del Darién (CDD) REDD+ Project,VCS1390,REDD+,berkeley,https://registry.verra.org/app/projectDetail/VCS/1390,Multiple Proponents,['vm0006'],,verra,499668.0,registered,2014.0,2017.0,111.0,2014.0,2017.0,carbonplan_offsetsdb
forest,Colombia,2019-11-18 00:00:00+00:00,2019-12-20 00:00:00+00:00,False,567286.0,,Rio Pepe y ACABA REDD+ Project,VCS1396,REDD+,berkeley,https://registry.verra.org/app/projectDetail/VCS/1396,Multiple Proponents,['vm0006'],,verra,474706.0,registered,2014.0,2017.0,65.0,2014.0,2017.0,carbonplan_offsetsdb
renewable-energy,Colombia,,,False,0.0,,Hydroelectric Project Aures Bajo,VCS1562,Hydropower,berkeley,https://registry.verra.org/app/projectDetail/VCS/1562,Aures Bajo S.A E.S.P,['acm0002'],,verra,0.0,listed,,,,,,carbonplan_offsetsdb
forest,Colombia,2019-10-24 00:00:00+00:00,2019-11-08 00:00:00+00:00,False,727518.0,,Concosta REDD+ Project,VCS1400,REDD+,berkeley,https://registry.verra.org/app/projectDetail/VCS/1400,Concosta Community Council,['vm0006'],,verra,390997.0,registered,2013.0,2018.0,140.0,2013.0,2018.0,carbonplan_offsetsdb
forest,Colombia,2019-10-24 00:00:00+00:00,2019-11-08 00:00:00+00:00,False,1349813.0,,SIVIRÚ-USARAGÁ-PIZARRO-PILIZÁ (SUPP) REDD+ Project,VCS1391,REDD+,berkeley,https://registry.verra.org/app/projectDetail/VCS/1391,Multiple Proponents,['vm0006'],,verra,677214.0,registered,2013.0,2018.0,124.0,2013.0,2018.0,carbonplan_offsetsdb
forest,Colombia,2020-06-15 00:00:00+00:00,2020-07-12 00:00:00+00:00,False,1019569.0,,Acapa -­ Bajo Mira Y Frontera REDD+ Project,VCS1389,REDD+,berkeley,https://registry.verra.org/app/projectDetail/VCS/1389,Multiple Proponents,['vm0006'],,verra,899971.0,registered,2013.0,2019.0,262.0,2013.0,2019.0,carbonplan_offsetsdb
forest,Colombia,2019-10-24 00:00:00+00:00,2019-11-08 00:00:00+00:00,False,694190.0,,Cajambre REDD+ Project,VCS1392,REDD+,berkeley,https://registry.verra.org/app/projectDetail/VCS/1392,Consejo Comunitario del Río Cajambre,['vm0006'],,verra,379180.0,registered,2013.0,2018.0,72.0,2013.0,2018.0,carbonplan_offsetsdb
forest,Colombia,2019-10-25 00:00:00+00:00,2019-11-08 00:00:00+00:00,False,555178.0,,Mutatá REDD+ Project,VCS1399,REDD+,berkeley,https://registry.verra.org/app/projectDetail/VCS/1399,Cabildo Mayor Indígena de Mutatá,['vm0006'],,verra,320268.0,registered,2013.0,2018.0,149.0,2013.0,2018.0,carbonplan_offsetsdb
renewable-energy,Colombia,,,False,0.0,,HYDROELECTRIC PROJECT ITUANGO,VCS1065,Hydropower,berkeley,https://registry.verra.org/app/projectDetail/VCS/1065,Empresas Públicas de Medellín E.S.P,['acm0002'],,verra,0.0,registered,,,,,,carbonplan_offsetsdb
forest,Colombia,2022-05-28 00:00:00+00:00,2022-06-23 00:00:00+00:00,False,297261.0,,Grouped Project for Commercial Forest Plantations Initiatives in the Department of Vichada,VCS1530,Afforestation + Reforestation,berkeley,https://registry.verra.org/app/projectDetail/VCS/1530,Multiple Proponents,['ar-acm0003'],,verra,197204.0,registered,2011.0,2020.0,92.0,2011.0,2020.0,carbonplan_offsetsdb
energy-efficiency,Colombia,,,False,0.0,,AXIA Energia Cogeneration Project in Familia,VCS1524,Natural Gas,berkeley,https://registry.verra.org/app/projectDetail/VCS/1524,AXIA Energia,['ams-ii-d'],,verra,0.0,listed,,,,,,carbonplan_offsetsdb
renewable-energy,Colombia,2015-09-22 00:00:00+00:00,2015-09-22 00:00:00+00:00,False,257975.0,,Montanitas Hydroelectric Project,VCS1206,Hydropower,berkeley,https://registry.verra.org/app/projectDetail/VCS/1206,Celsia Colombia S.A. E.S.P.,['acm0002'],,verra,257975.0,registered,2012.0,2018.0,20.0,2012.0,2018.0,carbonplan_offsetsdb
renewable-energy,Colombia,2023-04-28 00:00:00+00:00,2023-04-28 00:00:00+00:00,False,39577.0,,Hydroelectric Project MULATOS II,VCS1473,Hydropower,berkeley,https://registry.verra.org/app/projectDetail/VCS/1473,Energía del Suroeste S.A E.S.P,['acm0002'],,verra,39577.0,registered,2019.0,2021.0,7.0,2019.0,2021.0,carbonplan_offsetsdb
forest,Colombia,2020-11-10 00:00:00+00:00,2020-11-17 00:00:00+00:00,False,211765.0,,Reforestation with Rubber on degraded lands of Colombia,VCS1233,Afforestation + Reforestation,berkeley,https://registry.verra.org/app/projectDetail/VCS/1233,NACOBENA SAS,['ar-acm0003'],,verra,207735.0,completed,2012.0,2019.0,68.0,2012.0,2019.0,carbonplan_offsetsdb
forest,Colombia,2016-11-26 00:00:00+00:00,2016-11-26 00:00:00+00:00,False,242990.0,,"Forestry Project for the Basin of the Chinchina River, an Environmental and Productive Alternative for the City and the Region",VCS1378,Afforestation + Reforestation,berkeley,https://registry.verra.org/app/projectDetail/VCS/1378,Multiple Proponents,['ar-acm0003'],,verra,242312.0,unknown,2003.0,2012.0,122.0,2003.0,2012.0,carbonplan_offsetsdb
forest,Colombia,,,False,0.0,,Forestry Project “More Forests for Medellin”,VCS1434,Afforestation + Reforestation,berkeley,https://registry.verra.org/app/projectDetail/VCS/1434,Secretaría del Medio Ambiente del Municipio de Medellín,['ar-acm0003'],,verra,0.0,completed,,,,,,carbonplan_offsetsdb
forest,Colombia,,,False,0.0,,Recovery of degraded areas with agroforestry systems in Colombia,VCS1429,Afforestation + Reforestation,berkeley,https://registry.verra.org/app/projectDetail/VCS/1429,Multiple Proponents,['ar-acm0003'],,verra,0.0,unknown,,,,,,carbonplan_offsetsdb
forest,Colombia,,,False,0.0,,Amazon Region,ART108,REDD+,carbonplan,https://art.apx.com/mymodule/reg/prjView.asp?id1=108,Ministerio de Ambiente y Desarrollo Sostenible,['art-trees'],,art-trees,0.0,listed,,,,,,carbonplan_offsetsdb
forest,Colombia,2019-03-07 00:00:00+00:00,2019-03-07 00:00:00+00:00,False,122225.0,,Carbono Agroporvanda,CCB1,Unknown,carbonplan,https://www.ecoregistry.io/projects/CDC-1,Agroporvanda S.A.S,['ar-acm0003'],,cercarbono,68994.0,unknown,2008.0,2024.0,47.0,2008.0,2024.0,carbonplan_offsetsdb
forest,Colombia,2019-04-17 00:00:00+00:00,2019-04-17 00:00:00+00:00,False,11195.0,,Carbono Agrorios,CCB2,Unknown,carbonplan,https://www.ecoregistry.io/projects/CDC-2,Inversiones Agrorios S.A,['ar-acm0003'],,cercarbono,9516.0,unknown,2012.0,2018.0,3.0,2012.0,2018.0,carbonplan_offsetsdb
forest,Colombia,2019-04-17 00:00:00+00:00,2019-04-17 00:00:00+00:00,False,30962.0,,Carbono Flor y Nuevo,CCB3,Unknown,carbonplan,https://www.ecoregistry.io/projects/CDC-3,Fernando Escorcia Aramburo,['ar-acm0003'],,cercarbono,26318.0,unknown,2011.0,2018.0,3.0,2011.0,2018.0,carbonplan_offsetsdb
forest,Colombia,2019-04-17 00:00:00+00:00,2019-04-17 00:00:00+00:00,False,97199.0,,Carbono Paja Perdida,CCB4,Unknown,carbonplan,https://www.ecoregistry.io/projects/CDC-4,Forestry Consulting Group S.A.S.,['ar-acm0003'],,cercarbono,82618.0,unknown,2009.0,2022.0,18.0,2009.0,2022.0,carbonplan_offsetsdb
forest,Colombia,2019-04-17 00:00:00+00:00,2019-04-17 00:00:00+00:00,False,60535.0,,Carbono La Puya y San Lorenzo,CCB5,Unknown,carbonplan,https://www.ecoregistry.io/projects/CDC-5,Forestry Consulting Group S.A.S.,['ar-acm0003'],,cercarbono,43883.0,unknown,2012.0,2022.0,17.0,2012.0,2022.0,carbonplan_offsetsdb
unknown,Colombia,,,False,0.0,,-,CCB6,Unknown,carbonplan,https://www.ecoregistry.io/projects/CDC-6,Pruebas 1,,['Not defined'],cercarbono,0.0,unknown,,,,,,carbonplan_offsetsdb
forest,Colombia,2019-11-08 00:00:00+00:00,2019-11-08 00:00:00+00:00,False,482250.0,,Reforestación Comercial en Meta,CCB7,Unknown,carbonplan,https://www.ecoregistry.io/projects/CDC-7,South Pole Carbon Asset Management,['ar-acm0003'],,cercarbono,409914.0,unknown,2009.0,2021.0,91.0,2009.0,2021.0,carbonplan_offsetsdb
forest,Colombia,2019-11-06 00:00:00+00:00,2019-11-06 00:00:00+00:00,False,1156938.0,,Proyecto forestal de mitigación de cambio climático “Forestal de La Orinoquía”,CCB8,Unknown,carbonplan,https://www.ecoregistry.io/projects/CDC-8,Forest First Colombia S.A.S.,['ar-acm0003'],,cercarbono,983397.0,unknown,2014.0,2021.0,76.0,2014.0,2021.0,carbonplan_offsetsdb
unknown,Colombia,,,False,0.0,,-,CCB9,Unknown,carbonplan,https://www.ecoregistry.io/projects/CDC-9,Pruebas 1,,['Not defined'],cercarbono,0.0,unknown,,,,,,carbonplan_offsetsdb
forest,Colombia,2019-12-26 00:00:00+00:00,2020-01-13 00:00:00+00:00,False,202005.0,,Bonos de Carbono Caracoli,CCB10,Afforestation + Reforestation,carbonplan,https://www.ecoregistry.io/projects/CDC-10,Reforestadora Caracolí S.A.S.,['ccb-refor'],,cercarbono,140451.0,unknown,2018.0,2022.0,248.0,2018.0,2022.0,carbonplan_offsetsdb
forest,Colombia,2019-12-28 00:00:00+00:00,2020-05-20 00:00:00+00:00,False,37305.0,,Proyecto Forestal de Mitigación de Cambio Climático en áreas degradadas por ganadería Fincas La Clara y Suebrá,CCB11,Unknown,carbonplan,https://www.ecoregistry.io/projects/CDC-11,South Pole Carbon Asset Management,['ar-acm0003'],,cercarbono,31709.0,unknown,2009.0,2019.0,44.0,2009.0,2019.0,carbonplan_offsetsdb
forest,Colombia,2019-12-23 00:00:00+00:00,2020-07-16 00:00:00+00:00,False,12759.0,,Proyecto de Mitigación Forestal Bonanza Verde,CCB12,Unknown,carbonplan,https://www.ecoregistry.io/projects/CDC-12,South Pole Carbon Asset Management,['ar-acm0003'],,cercarbono,10845.0,unknown,2009.0,2019.0,34.0,2009.0,2019.0,carbonplan_offsetsdb
forest,Colombia,2019-12-23 00:00:00+00:00,2020-06-10 00:00:00+00:00,False,92661.0,,Reforestación de suelos degradados por la ganadería y la agricultura en Antioquia,CCB13,Unknown,carbonplan,https://www.ecoregistry.io/projects/CDC-13,South Pole Carbon Asset Management,['ar-acm0003'],,cercarbono,78762.0,unknown,2009.0,2019.0,47.0,2009.0,2019.0,carbonplan_offsetsdb
forest,Colombia,2019-12-24 00:00:00+00:00,2020-03-25 00:00:00+00:00,False,453585.0,,Recuperación de suelos degradados con el uso de incentivos financieros en el centro y oriente de Colombia,CCB14,Unknown,carbonplan,https://www.ecoregistry.io/projects/CDC-14,DISTRIPRESS SAS,['ar-acm0003'],,cercarbono,385539.0,unknown,2009.0,2022.0,134.0,2009.0,2022.0,carbonplan_offsetsdb
forest,Colombia,2020-02-26 00:00:00+00:00,2020-02-26 00:00:00+00:00,False,865055.0,,Bonos Verdes Colombia Grupo Custodiar S.A.,CCB15,Unknown,carbonplan,https://www.ecoregistry.io/projects/CDC-15,CUSTODIAR SAS,['ar-acm0003'],,cercarbono,732466.0,unknown,2008.0,2020.0,62.0,2008.0,2020.0,carbonplan_offsetsdb
renewable-energy,Colombia,2019-12-20 00:00:00+00:00,2021-07-10 00:00:00+00:00,False,12649577.0,,Proyecto hidroeléctrico Porce III,CCB16,Renewable Energy,carbonplan,https://www.ecoregistry.io/projects/CDC-16,EPM,['acm0002'],,cercarbono,5941408.0,unknown,2011.0,2021.0,192.0,2011.0,2021.0,carbonplan_offsetsdb
forest,Colombia,2019-12-28 00:00:00+00:00,2020-06-06 00:00:00+00:00,False,464752.0,,CARBONO GRESCO2,CCB17,Afforestation + Reforestation,carbonplan,https://www.ecoregistry.io/projects/CDC-17,PRO ORIENTE SAS,['ccb-refor'],,cercarbono,357950.0,unknown,2010.0,2022.0,53.0,2010.0,2022.0,carbonplan_offsetsdb
forest,Colombia,2020-03-20 00:00:00+00:00,2020-04-21 00:00:00+00:00,False,569765.0,,Carbono Refosinu,CCB18,Unknown,carbonplan,https://www.ecoregistry.io/projects/CDC-18,Reforestadora del Sinú S.C.,['ar-acm0003'],,cercarbono,484300.0,unknown,2013.0,2018.0,27.0,2013.0,2018.0,carbonplan_offsetsdb
forest,Colombia,2020-05-20 00:00:00+00:00,2020-10-16 00:00:00+00:00,False,237232.0,,CARBONO OXIGENO PARA TODOS,CCB19,Unknown,carbonplan,https://www.ecoregistry.io/projects/CDC-19,INVERSIONES FORESTALES LA CABAÑA SAS,['ar-acm0003'],,cercarbono,167385.0,unknown,2010.0,2024.0,142.0,2010.0,2024.0,carbonplan_offsetsdb
unknown,Colombia,,,False,0.0,,-,CCB20,Unknown,carbonplan,https://www.ecoregistry.io/projects/CDC-20,Pruebas 1,,['Not defined'],cercarbono,0.0,unknown,,,,,,carbonplan_offsetsdb
forest,Colombia,2020-06-25 00:00:00+00:00,2020-09-09 00:00:00+00:00,False,104112.0,,CARBONO NEGOCIOS AGROFORESTALES ,CCB21,Unknown,carbonplan,https://www.ecoregistry.io/projects/CDC-21,Negocios Agroforestales S.A.S,['ar-acm0003'],,cercarbono,84167.0,unknown,2011.0,2022.0,77.0,2011.0,2022.0,carbonplan_offsetsdb
forest,Colombia,2020-04-21 00:00:00+00:00,2020-08-18 00:00:00+00:00,False,2025215.0,,Proyecto Conservación ARLEQUÍN REDD+,CCB22,REDD+,carbonplan,https://www.ecoregistry.io/projects/CDC-22,BIOFIX CONSULTORIA S.A.S BIC,['ccb-redd'],,cercarbono,1749504.0,unknown,2015.0,2024.0,217.0,2015.0,2024.0,carbonplan_offsetsdb
forest,Colombia,2020-05-15 00:00:00+00:00,2020-06-09 00:00:00+00:00,False,86699.0,,Carbono Bagatela,CCB23,Afforestation + Reforestation,carbonplan,https://www.ecoregistry.io/projects/CDC-23,Forestry Consulting Group S.A.S.,['ccb-refor'],,cercarbono,73693.0,unknown,2012.0,2022.0,52.0,2012.0,2022.0,carbonplan_offsetsdb
forest,Colombia,2020-03-19 00:00:00+00:00,2021-01-19 00:00:00+00:00,False,13628.0,,Carbono Reforesta,CCB24,Unknown,carbonplan,https://www.ecoregistry.io/projects/CDC-24,Forestry Consulting Group S.A.S.,['ar-acm0003'],,cercarbono,11584.0,unknown,2009.0,2019.0,17.0,2009.0,2019.0,carbonplan_offsetsdb
forest,Colombia,2020-06-12 00:00:00+00:00,2020-11-13 00:00:00+00:00,False,27028.0,,"Proyecto de mitigación en el sector del uso del suelo cambio en el uso del suelo y silvicultura por remociones debidas al establecimiento de sistemas forestales de Hevea brasiliensis en el municipio de Barrancabermeja, Santander, Colombia.",CCB25,Unknown,carbonplan,https://www.ecoregistry.io/projects/CDC-25,Sociedad Agropecuaria YUMA SAS,['ar-acm0003'],,cercarbono,20518.0,unknown,2013.0,2023.0,63.0,2013.0,2023.0,carbonplan_offsetsdb
forest,Colombia,2020-06-11 00:00:00+00:00,2020-08-05 00:00:00+00:00,False,136268.0,,MultiAntioquia,CCB26,Unknown,carbonplan,https://www.ecoregistry.io/projects/CDC-26,Forestry Consulting Group S.A.S.,['ar-acm0003'],,cercarbono,115827.0,unknown,2010.0,2022.0,82.0,2010.0,2022.0,carbonplan_offsetsdb
renewable-energy,Colombia,2020-07-01 00:00:00+00:00,2020-11-13 00:00:00+00:00,False,18396.0,,"Proyecto de mitigación en el sector del uso del suelo cambio en el uso del suelo y silvicultura por remociones debidas al establecimiento de sistemas forestales de Hevea brasiliensis en los municipios de Sucre y el Peñón Santander, Colombia.",CCB27,Renewable Energy,carbonplan,https://www.ecoregistry.io/projects/CDC-27,Grama Industria Agrícola S.A.,['acm0002'],,cercarbono,15637.0,unknown,2011.0,2019.0,27.0,2011.0,2019.0,carbonplan_offsetsdb
forest,Colombia,2020-07-07 00:00:00+00:00,2020-07-08 00:00:00+00:00,False,266413.0,,Manejo Sostenible de los Bosques Aplicado en el Oriente Antioqueño bajo el esquema BancO2®,CCB28,REDD+,carbonplan,https://www.ecoregistry.io/projects/CDC-28,Corporación Masbosques,['ccb-redd'],,cercarbono,203697.0,unknown,2018.0,2023.0,392.0,2018.0,2023.0,carbonplan_offsetsdb
forest,Colombia,2021-06-08 00:00:00+00:00,2021-06-10 00:00:00+00:00,False,1942142.0,,PROYECTO ASOCIATIVO PROGRAMÁTICO ZONA ANDINA Y COSTA ATLÁNTICA - FCG,CCB29,Unknown,carbonplan,https://www.ecoregistry.io/projects/CDC-29,Forestry Consulting Group S.A.S.,['ar-acm0003'],,cercarbono,1296743.0,unknown,2011.0,2025.0,397.0,2011.0,2025.0,carbonplan_offsetsdb
forest,Colombia,2020-10-21 00:00:00+00:00,2020-11-18 00:00:00+00:00,False,225734.0,,Carbono Ganados y Bosques,CCB30,Unknown,carbonplan,https://www.ecoregistry.io/projects/CDC-30,Forestry Consulting Group S.A.S.,['ar-acm0003'],,cercarbono,162436.0,unknown,2011.0,2022.0,105.0,2011.0,2022.0,carbonplan_offsetsdb
unknown,Colombia,2020-03-19 00:00:00+00:00,2021-01-19 00:00:00+00:00,False,50140.0,,Carbono Agroforestal La Argentina,CCB31,Unknown,carbonplan,https://www.ecoregistry.io/projects/CDC-31,Forestry Consulting Group S.A.S.,,"['NTC 6208 - Mitigation actions in the land use, change in land use and forestry sector at the rural level, incorporating social and biodiversity considerations']",cercarbono,42619.0,unknown,2017.0,2022.0,36.0,2017.0,2022.0,carbonplan_offsetsdb
forest,Colombia,2020-08-27 00:00:00+00:00,2021-01-19 00:00:00+00:00,False,188603.0,,Programa de Compensaciones de Gases de Efecto Invernadero (GEI) – Reforestadora Cacerí S.A.,CCB32,Afforestation + Reforestation,carbonplan,https://www.ecoregistry.io/projects/CDC-32,Forestry Consulting Group S.A.S.,['ccb-refor'],,cercarbono,160313.0,unknown,2017.0,2022.0,25.0,2017.0,2022.0,carbonplan_offsetsdb
unknown,Colombia,,,False,0.0,,-,CCB33,Unknown,carbonplan,https://www.ecoregistry.io/projects/CDC-33,Pruebas 1,,['Not defined'],cercarbono,0.0,unknown,,,,,,carbonplan_offsetsdb
renewable-energy,Colombia,2020-10-30 00:00:00+00:00,2020-12-07 00:00:00+00:00,False,4885369.0,,Proyecto Hidroeléctrico El Quimbo,CCB34,Renewable Energy,carbonplan,https://www.ecoregistry.io/projects/CDC-34,Enel Colombia S.A. E.S.P.,['acm0002'],,cercarbono,3266059.0,unknown,2015.0,2024.0,100.0,2015.0,2024.0,carbonplan_offsetsdb
renewable-energy,Colombia,,,False,0.0,,Proyecto Hidroeléctrico Guavio,CCB35,Renewable Energy,carbonplan,https://www.ecoregistry.io/projects/CDC-35,Enel Colombia S.A. E.S.P.,['acm0002'],,cercarbono,0.0,unknown,,,,,,carbonplan_offsetsdb
renewable-energy,Colombia,2020-10-30 00:00:00+00:00,2021-04-21 00:00:00+00:00,False,128850.0,,Proyecto Hidroeléctrico Guavio Menor,CCB36,Unknown,carbonplan,https://www.ecoregistry.io/projects/CDC-36,Enel Colombia S.A. E.S.P.,['ams-i-d'],,cercarbono,72524.0,unknown,2016.0,2024.0,21.0,2016.0,2024.0,carbonplan_offsetsdb
unknown,Colombia,,,False,0.0,,-,CCB37,Unknown,carbonplan,https://www.ecoregistry.io/projects/CDC-37,Pruebas 1,,['Not defined'],cercarbono,0.0,unknown,,,,,,carbonplan_offsetsdb
renewable-energy,Colombia,2020-10-30 00:00:00+00:00,2021-12-14 00:00:00+00:00,False,426871.0,,"Proyecto Hidroeléctrico Tequendama 1, 2, 3 y 4",CCB38,Renewable Energy,carbonplan,https://www.ecoregistry.io/projects/CDC-38,Enel Colombia S.A. E.S.P.,['acm0002'],,cercarbono,258115.0,unknown,2018.0,2024.0,16.0,2018.0,2024.0,carbonplan_offsetsdb
renewable-energy,Colombia,2020-10-30 00:00:00+00:00,2020-11-25 00:00:00+00:00,False,2075500.0,,Proyecto Hidroeléctrico Dario Valencia Samper,CCB39,Renewable Energy,carbonplan,https://www.ecoregistry.io/projects/CDC-39,Enel Colombia S.A. E.S.P.,['acm0002'],,cercarbono,1453498.0,unknown,2015.0,2024.0,25.0,2015.0,2024.0,carbonplan_offsetsdb
renewable-energy,Colombia,2020-10-30 00:00:00+00:00,2020-11-25 00:00:00+00:00,False,304257.0,,Proyecto Hidroeléctrico El Salto II,CCB40,Renewable Energy,carbonplan,https://www.ecoregistry.io/projects/CDC-40,Enel Colombia S.A. E.S.P.,['acm0002'],,cercarbono,205693.0,unknown,2015.0,2024.0,25.0,2015.0,2024.0,carbonplan_offsetsdb
ghg-management,Colombia,2020-11-19 00:00:00+00:00,2020-11-19 00:00:00+00:00,False,609537.0,,Cartagena Landfill Gas Capture and Usage Project,CCB41,Landfill,carbonplan,https://www.ecoregistry.io/projects/CDC-41,Biogás Colombia S.A.S. E.S.P.,['acm0001'],,cercarbono,576302.0,unknown,2015.0,2023.0,48.0,2015.0,2023.0,carbonplan_offsetsdb
forest,Colombia,2020-10-16 00:00:00+00:00,2020-11-10 00:00:00+00:00,False,27491.0,,Carbono Inmunizar,CCB42,Unknown,carbonplan,https://www.ecoregistry.io/projects/CDC-42,Forestry Consulting Group S.A.S.,['ar-acm0003'],,cercarbono,23366.0,unknown,2012.0,2019.0,27.0,2012.0,2019.0,carbonplan_offsetsdb
forest,Colombia,2020-10-17 00:00:00+00:00,2020-11-10 00:00:00+00:00,False,52601.0,,Carbono Nueva Esperanza,CCB43,Unknown,carbonplan,https://www.ecoregistry.io/projects/CDC-43,Forestry Consulting Group S.A.S.,['ar-acm0003'],,cercarbono,44712.0,unknown,2011.0,2020.0,96.0,2011.0,2020.0,carbonplan_offsetsdb
unknown,Colombia,,,False,0.0,,-,CCB44,Unknown,carbonplan,https://www.ecoregistry.io/projects/CDC-44,Pruebas 1,,['Not defined'],cercarbono,0.0,unknown,,,,,,carbonplan_offsetsdb
unknown,Colombia,,,False,0.0,,-,CCB45,Unknown,carbonplan,https://www.ecoregistry.io/projects/CDC-45,Pruebas 1,,['Not defined'],cercarbono,0.0,unknown,,,,,,carbonplan_offsetsdb
forest,Colombia,2020-12-18 00:00:00+00:00,2020-12-28 00:00:00+00:00,False,6808908.0,,SKCARBONO,CCB46,Unknown,carbonplan,https://www.ecoregistry.io/projects/CDC-46,Reforestadora Andina S.A.,['ar-acm0003'],,cercarbono,5278224.0,unknown,2010.0,2022.0,582.0,2010.0,2022.0,carbonplan_offsetsdb
forest,Colombia,,,False,0.0,,Infraestructuras Ecosistémicas REDD+ para los Campesinos de Antioquia Colombia,CCB47,REDD+,carbonplan,https://www.ecoregistry.io/projects/CDC-47,FUNDACION ECOTROPICS COLOMBIA,['ccb-redd'],,cercarbono,0.0,unknown,,,,,,carbonplan_offsetsdb
renewable-energy,Colombia,2021-12-17 00:00:00+00:00,2022-03-04 00:00:00+00:00,False,3034.0,,Granja Solar de Inírida,CCB48,Unknown,carbonplan,https://www.ecoregistry.io/projects/CDC-48, ALLCOT X Colombia S.A.S,['ams-i-f'],,cercarbono,3034.0,unknown,2020.0,2021.0,6.0,2020.0,2021.0,carbonplan_offsetsdb
forest,Colombia,2020-12-30 00:00:00+00:00,2021-02-09 00:00:00+00:00,False,599193.0,,Carbono Reforestadora El Guásimo,CCB49,Unknown,carbonplan,https://www.ecoregistry.io/projects/CDC-49,Reforestadora el Gúasimo SAS,['ar-acm0003'],,cercarbono,361008.0,unknown,2007.0,2024.0,265.0,2007.0,2024.0,carbonplan_offsetsdb
ghg-management,Colombia,2020-12-31 00:00:00+00:00,2021-02-08 00:00:00+00:00,False,108676.0,,Veolia LFG PTA Antanas landfill,CCB50,Landfill,carbonplan,https://www.ecoregistry.io/projects/CDC-50,VEOLIA COLOMBIA HOLDING SA,['acm0001'],,cercarbono,108676.0,unknown,2020.0,2023.0,33.0,2020.0,2023.0,carbonplan_offsetsdb
ghg-management,Colombia,2021-05-19 00:00:00+00:00,2021-05-19 00:00:00+00:00,False,4190971.0,,Doña Juana Landfill Gas to Energy Project,CCB51,Landfill,carbonplan,https://www.ecoregistry.io/projects/CDC-51,Biogás Colombia S.A.S. E.S.P.,['acm0001'],,cercarbono,3100109.0,unknown,2018.0,2024.0,330.0,2018.0,2024.0,carbonplan_offsetsdb
forest,Colombia,2021-12-03 00:00:00+00:00,2021-12-31 00:00:00+00:00,False,828348.0,,Makaro Ap+ro,CCB52,REDD+,carbonplan,https://www.ecoregistry.io/projects/CDC-52,Corporación Masbosques,['ccb-redd'],,cercarbono,397727.0,unknown,2018.0,2023.0,48.0,2018.0,2023.0,carbonplan_offsetsdb
forest,Colombia,2022-02-14 00:00:00+00:00,2022-09-19 00:00:00+00:00,False,1538581.0,,BAKA ROKARIRE ~IA TIR+~DITO,CCB53,REDD+,carbonplan,https://www.ecoregistry.io/projects/CDC-53,Corporación Masbosques,['ccb-redd'],,cercarbono,1307794.0,unknown,2018.0,2020.0,9.0,2018.0,2020.0,carbonplan_offsetsdb
forest,Colombia,,,False,0.0,,AZIRPA,CCB54,REDD+,carbonplan,https://www.ecoregistry.io/projects/CDC-54,Corporación Masbosques,['ccb-redd'],,cercarbono,0.0,unknown,,,,,,carbonplan_offsetsdb
forest,Colombia,2022-10-06 00:00:00+00:00,2022-12-14 00:00:00+00:00,False,1631346.0,,Awakadaa Matsiadali,CCB55,REDD+,carbonplan,https://www.ecoregistry.io/projects/CDC-55,Corporación Masbosques,['ccb-redd'],,cercarbono,1407793.0,unknown,2018.0,2021.0,103.0,2018.0,2021.0,carbonplan_offsetsdb
forest,Colombia,2022-10-07 00:00:00+00:00,2022-12-15 00:00:00+00:00,False,127581.0,,Jocū Bucūrō Apūrō,CCB56,REDD+,carbonplan,https://www.ecoregistry.io/projects/CDC-56,Corporación Masbosques,['ccb-redd'],,cercarbono,115461.0,unknown,2018.0,2021.0,16.0,2018.0,2021.0,carbonplan_offsetsdb
renewable-energy,Colombia,2025-09-30 00:00:00+00:00,,False,124524.0,,PEQUEÑA CENTRAL HIDROELÉCTRICA SAN ANDRÉS DE CUERQUIA,CCB58,Renewable Energy,carbonplan,https://www.ecoregistry.io/projects/CDC-58,CELSIA COLOMBIA S.A. E.S.P.,['acm0002'],,cercarbono,0.0,unknown,2020.0,2023.0,4.0,2020.0,2023.0,carbonplan_offsetsdb
forest,Colombia,2022-02-09 00:00:00+00:00,2022-09-21 00:00:00+00:00,False,353220.0,,CARBONO RINCCO,CCB59,Unknown,carbonplan,https://www.ecoregistry.io/projects/CDC-59,Rincco S.A.S,['ar-acm0003'],,cercarbono,83998.0,unknown,2008.0,2023.0,117.0,2008.0,2023.0,carbonplan_offsetsdb
forest,Colombia,2022-04-20 00:00:00+00:00,2022-05-04 00:00:00+00:00,False,287597.0,,BANAKALE - ISIMALI REDD+,CCB60,REDD+,carbonplan,https://www.ecoregistry.io/projects/CDC-60,REGUARDO INDIGENA SANTA TERESITA DEL TUPARRO,['ccb-redd'],,cercarbono,244457.0,unknown,2016.0,2020.0,28.0,2016.0,2020.0,carbonplan_offsetsdb
forest,Colombia,2021-12-22 00:00:00+00:00,2022-02-28 00:00:00+00:00,False,3730876.0,,COCOMAN FRONTERA REDD+,CCB61,REDD+,carbonplan,https://www.ecoregistry.io/projects/CDC-61,BIOFIX CONSULTORIA S.A.S BIC,['ccb-redd'],,cercarbono,2631338.0,unknown,2016.0,2023.0,673.0,2016.0,2023.0,carbonplan_offsetsdb
forest,Colombia,,,False,0.0,,“PLANETA AGRADECIDO CON EL RESGUARDO INDÍGENA CMARI”,CCB63,REDD+,carbonplan,https://www.ecoregistry.io/projects/CDC-63,HUMAN FOREST SAS,['ccb-redd'],,cercarbono,0.0,unknown,,,,,,carbonplan_offsetsdb
forest,Colombia,2022-12-30 00:00:00+00:00,2023-01-03 00:00:00+00:00,False,5662606.0,,“Planeta agradecido con el Resguardo Indígena Bajo Río Guainía y Río Negro”,CCB64,REDD+,carbonplan,https://www.ecoregistry.io/projects/CDC-64,HUMAN FOREST SAS,['ccb-redd'],,cercarbono,3360086.0,unknown,2018.0,2022.0,203.0,2018.0,2022.0,carbonplan_offsetsdb
forest,Colombia,2023-08-09 00:00:00+00:00,2024-09-19 00:00:00+00:00,False,4947.0,,"Manejo Sostenible de los Bosques Aplicado al Predio Santa Ana, Vereda El Popal, Municipio De Sonsón, Bajo El Esquema BancO2",CCB65,REDD+,carbonplan,https://www.ecoregistry.io/projects/CDC-65,Corporación Masbosques,['ccb-redd'],,cercarbono,4418.0,unknown,2018.0,2021.0,17.0,2018.0,2021.0,carbonplan_offsetsdb
forest,Colombia,2023-11-01 00:00:00+00:00,2023-11-20 00:00:00+00:00,False,1112174.0,,Proyecto REDD+ Zona Isana y Surubi,CCB67,REDD+,carbonplan,https://www.ecoregistry.io/projects/CDC-67,HUMAN FOREST SAS,['ccb-redd'],,cercarbono,734996.0,unknown,2018.0,2022.0,191.0,2018.0,2022.0,carbonplan_offsetsdb
forest,Colombia,2021-09-09 00:00:00+00:00,2022-02-17 00:00:00+00:00,False,925386.0,,Carvida,CCB68,Unknown,carbonplan,https://www.ecoregistry.io/projects/CDC-68,DEXCO COLOMBIA S.A.,['ar-acm0003'],,cercarbono,332000.0,unknown,2017.0,2024.0,95.0,2017.0,2024.0,carbonplan_offsetsdb
renewable-energy,Colombia,2021-12-29 00:00:00+00:00,2022-01-14 00:00:00+00:00,False,92463.0,,PCH La Naveta,CCB69,Unknown,carbonplan,https://www.ecoregistry.io/projects/CDC-69,IAC ENERGY S.A.S E.S.P.,['ams-i-d'],,cercarbono,85332.0,unknown,2016.0,2022.0,257.0,2016.0,2022.0,carbonplan_offsetsdb
renewable-energy,Colombia,2022-09-19 00:00:00+00:00,,False,62541.0,,Alto Tuluá Minor Hydroelectric Power Plant,CCB70,Renewable Energy,carbonplan,https://www.ecoregistry.io/projects/CDC-70,CELSIA COLOMBIA S.A. E.S.P.,['acm0002'],,cercarbono,0.0,unknown,2018.0,2020.0,3.0,2018.0,2020.0,carbonplan_offsetsdb
renewable-energy,Colombia,2022-09-19 00:00:00+00:00,,False,72879.0,,	Bajo Tuluá Minor Hydroelectric Power Plant,CCB71,Renewable Energy,carbonplan,https://www.ecoregistry.io/projects/CDC-71,CELSIA COLOMBIA S.A. E.S.P.,['acm0002'],,cercarbono,0.0,unknown,2018.0,2020.0,4.0,2018.0,2020.0,carbonplan_offsetsdb
renewable-energy,Colombia,2022-09-20 00:00:00+00:00,2025-07-23 00:00:00+00:00,False,103796.0,,Amaime Minor Hydroelectric Power Plant,CCB72,Renewable Energy,carbonplan,https://www.ecoregistry.io/projects/CDC-72,CELSIA COLOMBIA S.A. E.S.P.,['acm0002'],,cercarbono,2900.0,unknown,2017.0,2024.0,10.0,2017.0,2024.0,carbonplan_offsetsdb
forest,Colombia,2021-09-22 00:00:00+00:00,2023-09-27 00:00:00+00:00,False,1428514.0,,Proyecto Carbono CAS,CCB73,Unknown,carbonplan,https://www.ecoregistry.io/projects/CDC-73,Compañia Agricola de la Sierra Sucursal Colombia,['ar-acm0003'],,cercarbono,597131.0,unknown,2018.0,2022.0,353.0,2018.0,2022.0,carbonplan_offsetsdb
renewable-energy,Colombia,2023-10-10 00:00:00+00:00,,False,227704.0,,Cucuana Hydroelectric Power Plant,CCB74,Renewable Energy,carbonplan,https://www.ecoregistry.io/projects/CDC-74,CELSIA COLOMBIA S.A. E.S.P.,['acm0002'],,cercarbono,0.0,unknown,2019.0,2021.0,3.0,2019.0,2021.0,carbonplan_offsetsdb
forest,Colombia,2021-12-03 00:00:00+00:00,2022-05-02 00:00:00+00:00,False,598066.0,,Núcleos Carbono,CCB75,Unknown,carbonplan,https://www.ecoregistry.io/projects/CDC-75,NÚCLEOS E INVERSIONES FORESTALES DE COLOMBIA S.A,['ar-acm0003'],,cercarbono,479826.0,unknown,2015.0,2024.0,55.0,2015.0,2024.0,carbonplan_offsetsdb
ghg-management,Colombia,2022-12-22 00:00:00+00:00,2023-03-01 00:00:00+00:00,False,324824.0,,PRR-GEI ENTREPALMAS S.A.S,CCB76,Unknown,carbonplan,https://www.ecoregistry.io/projects/CDC-76,ENTREPALMAS S.A.S,['ams-iii-h'],,cercarbono,157347.0,unknown,2017.0,2024.0,118.0,2017.0,2024.0,carbonplan_offsetsdb
renewable-energy,Colombia,2023-02-21 00:00:00+00:00,2023-12-13 00:00:00+00:00,False,43368.0,,Central Hidroeléctrica de Santa Ana,CCB77,Unknown,carbonplan,https://www.ecoregistry.io/projects/CDC-77,Empresa de Acueducto y Alcantarillado de Bogotá ,['ams-i-d'],,cercarbono,3210.0,unknown,2015.0,2021.0,28.0,2015.0,2021.0,carbonplan_offsetsdb
unknown,Colombia,,,False,0.0,,-,CCB78,Unknown,carbonplan,https://www.ecoregistry.io/projects/CDC-78,Pruebas 1,,['Not defined'],cercarbono,0.0,unknown,,,,,,carbonplan_offsetsdb
forest,Colombia,2021-12-21 00:00:00+00:00,2024-04-11 00:00:00+00:00,False,141329.0,,Carbono Verde,CCB79,Unknown,carbonplan,https://www.ecoregistry.io/projects/CDC-79,Tekia S.A.S,['ar-acm0003'],,cercarbono,82906.0,unknown,2011.0,2021.0,45.0,2011.0,2021.0,carbonplan_offsetsdb
renewable-energy,Colombia,,,False,0.0,,"Grupo Daabon, Aprovechamiento de Metano",CCB81,Unknown,carbonplan,https://www.ecoregistry.io/projects/CDC-81,C.I. Tequendama S.A.S.,['ams-i-d'],,cercarbono,0.0,unknown,,,,,,carbonplan_offsetsdb
fuel-switching,Colombia,2022-09-14 00:00:00+00:00,2022-10-20 00:00:00+00:00,False,774749.0,,Certificación de Reducción de Emisiones de GEI de Aceites Manuelita S.A.,CCB82,Unknown,carbonplan,https://www.ecoregistry.io/projects/CDC-82,Aceites Manuelita S.A.,"['ams-i-c', 'ams-i-c']",,cercarbono,516916.0,unknown,2017.0,2024.0,60.0,2017.0,2024.0,carbonplan_offsetsdb
renewable-energy,Colombia,2022-11-09 00:00:00+00:00,2024-10-28 00:00:00+00:00,False,14404.0,,Primera sombrilla de generación solar fotovoltaica de Ecopetrol,CCB83,Unknown,carbonplan,https://www.ecoregistry.io/projects/CDC-83,Ecopetrol S.A.,['ams-i-f'],,cercarbono,2188.0,unknown,2019.0,2020.0,3.0,2019.0,2020.0,carbonplan_offsetsdb
unknown,Colombia,2022-10-07 00:00:00+00:00,2024-10-28 00:00:00+00:00,False,55747.0,,Programa de aprovechamiento de gas asociado de Ecopetrol,CCB84,Unknown,carbonplan,https://www.ecoregistry.io/projects/CDC-84,Ecopetrol S.A.,,['Methodological guide for the certification of emissions reduced by the implementation of operational improvement projects in the hydrocarbons sector'],cercarbono,3544.0,unknown,2019.0,2020.0,4.0,2019.0,2020.0,carbonplan_offsetsdb
renewable-energy,Colombia,,,False,0.0,,Celsia Solar Agrupado Colombia 2021,CCB85,Renewable Energy,carbonplan,https://www.ecoregistry.io/projects/CDC-85,CELSIA COLOMBIA S.A. E.S.P.,['acm0002'],,cercarbono,0.0,unknown,,,,,,carbonplan_offsetsdb
renewable-energy,Colombia,2022-12-30 00:00:00+00:00,2023-04-28 00:00:00+00:00,False,16646.0,,Proyecto agrupado HZ Energy,CCB86,Unknown,carbonplan,https://www.ecoregistry.io/projects/CDC-86,HZ ENERGY S.A.S. E.S.P.,['ams-i-d'],,cercarbono,12524.0,unknown,2016.0,2020.0,9.0,2016.0,2020.0,carbonplan_offsetsdb
unknown,Colombia,2022-02-24 00:00:00+00:00,2022-06-06 00:00:00+00:00,False,668089.0,,Ciclo Combinado Termoflores IV,CCB87,Unknown,carbonplan,https://www.ecoregistry.io/projects/CDC-87,Prime Termoflores S.A.S E.S.P,['acm0007'],,cercarbono,418654.0,unknown,2017.0,2023.0,11.0,2017.0,2023.0,carbonplan_offsetsdb
renewable-energy,Colombia,2021-12-24 00:00:00+00:00,2021-12-27 00:00:00+00:00,False,337797.0,,Proyecto Hidroeléctrico Alejandría,CCB88,Renewable Energy,carbonplan,https://www.ecoregistry.io/projects/CDC-88,Generadora Alejandría S.A.S. E.S.P.,['acm0002'],,cercarbono,232547.0,unknown,2016.0,2025.0,179.0,2016.0,2025.0,carbonplan_offsetsdb
forest,Colombia,2022-06-16 00:00:00+00:00,2022-06-21 00:00:00+00:00,False,3753988.0,,REDD+ PAZCÍFICO,CCB89,REDD+,carbonplan,https://www.ecoregistry.io/projects/CDC-89,CO2CERO,['ccb-redd'],,cercarbono,1526111.0,unknown,2015.0,2021.0,529.0,2015.0,2021.0,carbonplan_offsetsdb
ghg-management,Colombia,2022-05-03 00:00:00+00:00,2022-06-09 00:00:00+00:00,False,94550.0,,Veolia LFG PTA Presidente landfill,CCB90,Landfill,carbonplan,https://www.ecoregistry.io/projects/CDC-90,VEOLIA COLOMBIA HOLDING SA,['acm0001'],,cercarbono,88226.0,unknown,2021.0,2023.0,28.0,2021.0,2023.0,carbonplan_offsetsdb
ghg-management,Colombia,2022-06-13 00:00:00+00:00,2022-07-14 00:00:00+00:00,False,212987.0,,Veolia LFG PTA Manizales and Cúcuta Landfill,CCB91,Landfill,carbonplan,https://www.ecoregistry.io/projects/CDC-91,VEOLIA COLOMBIA HOLDING SA,['acm0001'],,cercarbono,211650.0,unknown,2020.0,2023.0,59.0,2020.0,2023.0,carbonplan_offsetsdb
unknown,Colombia,2022-09-06 00:00:00+00:00,2024-01-19 00:00:00+00:00,False,173300.0,,Proyecto agrupado de PTGs - Parex,CCB93,Unknown,carbonplan,https://www.ecoregistry.io/projects/CDC-93,PAREX RESOURCES COLOMBIA LTD SUCURSAL,,['Methodological guide for the certification of emissions reduced by the implementation of operational improvement projects in the hydrocarbons sector'],cercarbono,70000.0,unknown,2019.0,2022.0,32.0,2019.0,2022.0,carbonplan_offsetsdb
unknown,Colombia,2024-03-15 00:00:00+00:00,2024-09-23 00:00:00+00:00,False,214848.0,,APROVECHAMIENTO Y RECUPERACIÓN DE GAS MEDIANTE LA INSTALACIÓN DE UNA PLANTA PARA LA GENERACIÓN DE ENERGÍA ELÉCTRICA - TERMOMECHERO,CCB95,Unknown,carbonplan,https://www.ecoregistry.io/projects/CDC-95,Termo Mechero Morro S.A.S E.S.P,,['Methodological guide for the certification of emissions reduced by the implementation of operational improvement projects in the hydrocarbons sector'],cercarbono,46003.0,unknown,2019.0,2024.0,24.0,2019.0,2024.0,carbonplan_offsetsdb
forest,Colombia,2022-05-09 00:00:00+00:00,,False,59872.0,,CARBONO SANTA INES,CCB97,Unknown,carbonplan,https://www.ecoregistry.io/projects/CDC-97,AGROINDUSTRIAS SANTA INES S.A.S. - AGROSI S.A.S.,['ar-acm0003'],,cercarbono,0.0,unknown,2018.0,2021.0,8.0,2018.0,2021.0,carbonplan_offsetsdb
forest,Colombia,,,False,0.0,,JAJÖM CMARI REDD+ ,CCB98,REDD+,carbonplan,https://www.ecoregistry.io/projects/CDC-98,BIOFIX CONSULTORIA S.A.S BIC,['ccb-redd'],,cercarbono,0.0,unknown,,,,,,carbonplan_offsetsdb
forest,Colombia,2022-09-15 00:00:00+00:00,2022-12-14 00:00:00+00:00,False,1443877.0,,Pedeguita y Mancilla REDD+,CCB99,REDD+,carbonplan,https://www.ecoregistry.io/projects/CDC-99,TERRA COMMODITIES,['ccb-redd'],,cercarbono,1284383.0,unknown,2020.0,2023.0,187.0,2020.0,2023.0,carbonplan_offsetsdb
forest,Colombia,2023-01-10 00:00:00+00:00,2023-10-19 00:00:00+00:00,False,1057980.0,,PITUGUCAJUDE,CCB100,REDD+,carbonplan,https://www.ecoregistry.io/projects/CDC-100,Corporación Masbosques,['ccb-redd'],,cercarbono,654530.0,unknown,2018.0,2021.0,120.0,2018.0,2021.0,carbonplan_offsetsdb
forest,Colombia,2023-05-26 00:00:00+00:00,2023-07-21 00:00:00+00:00,False,6710197.0,,Proyecto Agrupado YAAWI IIPANA REDD+,CCB102,REDD+,carbonplan,https://www.ecoregistry.io/projects/CDC-102,BIOFIX CONSULTORIA S.A.S BIC,['ccb-redd'],,cercarbono,3385275.0,unknown,2016.0,2021.0,623.0,2016.0,2021.0,carbonplan_offsetsdb
renewable-energy,Colombia,,,False,0.0,,CELSIA EOLICO AGRUPADO 2022,CCB103,Renewable Energy,carbonplan,https://www.ecoregistry.io/projects/CDC-103,CELSIA COLOMBIA S.A. E.S.P.,['acm0002'],,cercarbono,0.0,unknown,,,,,,carbonplan_offsetsdb
unknown,Colombia,,,False,0.0,,-,CCB104,Unknown,carbonplan,https://www.ecoregistry.io/projects/CDC-104,Pruebas 1,,['Not defined'],cercarbono,0.0,unknown,,,,,,carbonplan_offsetsdb
unknown,Colombia,,,False,0.0,,-,CCB105,Unknown,carbonplan,https://www.ecoregistry.io/projects/CDC-105,Pruebas 1,,['Not defined'],cercarbono,0.0,unknown,,,,,,carbonplan_offsetsdb
renewable-energy,Colombia,,,False,0.0,,Proyecto Solar Fotovoltaico Agrupado URRÁ S.A. E.S.P.,CCB108,Unknown,carbonplan,https://www.ecoregistry.io/projects/CDC-108,URRA,['ccb-renewables-er'],,cercarbono,0.0,unknown,,,,,,carbonplan_offsetsdb
renewable-energy,Colombia,2022-12-22 00:00:00+00:00,2023-05-12 00:00:00+00:00,False,37202.0,,Bosques Solares de los Llanos 1,CCB109,Renewable Energy,carbonplan,https://www.ecoregistry.io/projects/CDC-109,ISAGEN S.A. ESP,"['acm0002', 'acm0006']",,cercarbono,37055.0,unknown,2020.0,2022.0,22.0,2020.0,2022.0,carbonplan_offsetsdb
fuel-switching,Colombia,2023-08-09 00:00:00+00:00,2025-06-24 00:00:00+00:00,False,19693.0,,Sustitución de combustibles fósiles por combustibles alternativos en la producción de Clinker Planta Cartagena,CCB112,Unknown,carbonplan,https://www.ecoregistry.io/projects/CDC-112,Zona Franca Argos S.A.S.,['acm0003'],,cercarbono,13009.0,unknown,2019.0,2021.0,24.0,2019.0,2021.0,carbonplan_offsetsdb
energy-efficiency,Colombia,2022-10-25 00:00:00+00:00,,False,96111.0,,Eficiencia energética por Control Operacional en la Refinería de Cartagena,CCB113,Unknown,carbonplan,https://www.ecoregistry.io/projects/CDC-113,Refinería de Cartagena S.A.S.,['ams-ii-d'],,cercarbono,0.0,unknown,2020.0,2021.0,2.0,2020.0,2021.0,carbonplan_offsetsdb
forest,Colombia,2023-08-15 00:00:00+00:00,2023-09-15 00:00:00+00:00,False,3671289.0,,PROYECTO REDD+ PAZCÍFICO SUR,CCB114,REDD+,carbonplan,https://www.ecoregistry.io/projects/CDC-114,CO2CERO,['ccb-redd'],,cercarbono,1043273.0,unknown,2017.0,2022.0,1247.0,2017.0,2022.0,carbonplan_offsetsdb
renewable-energy,Colombia,2025-05-09 00:00:00+00:00,2026-02-10 00:00:00+00:00,False,38578.0,,PARQUE EÓLICO WESP 01,CCB115,Renewable Energy,carbonplan,https://www.ecoregistry.io/projects/CDC-115,ISAGEN S.A. ESP,['acm0002'],,cercarbono,19989.0,unknown,2023.0,2024.0,6.0,2023.0,2024.0,carbonplan_offsetsdb
fuel-switching,Colombia,2023-12-29 00:00:00+00:00,2024-04-30 00:00:00+00:00,False,170308.0,,Generación Eléctrica/Térmica a partir de Biomasa – Manuelita S.A.,CCB116,Unknown,carbonplan,https://www.ecoregistry.io/projects/CDC-116,Manuelita S.A.,['acm0006'],,cercarbono,121059.0,unknown,2018.0,2021.0,13.0,2018.0,2021.0,carbonplan_offsetsdb
forest,Colombia,2023-11-29 00:00:00+00:00,2024-02-16 00:00:00+00:00,False,783573.0,,CHONTA COROZO REDD+ Project,CCB117,REDD+,carbonplan,https://www.ecoregistry.io/projects/CDC-117,BIOFIX CONSULTORIA S.A.S BIC,['ccb-redd'],,cercarbono,434556.0,unknown,2017.0,2021.0,142.0,2017.0,2021.0,carbonplan_offsetsdb
forest,Colombia,2024-02-06 00:00:00+00:00,2024-10-23 00:00:00+00:00,False,1206320.0,,"Cavadacavᵾ Coreivᵾ Jocᵾ Bᵾcᵾro Rẽ, N̄ᵾjẽ N̄ecᵾvã Aiye Baquepe",CCB118,REDD+,carbonplan,https://www.ecoregistry.io/projects/CDC-118,Corporación Masbosques,['ccb-redd'],,cercarbono,463244.0,unknown,2018.0,2022.0,59.0,2018.0,2022.0,carbonplan_offsetsdb
forest,Colombia,2024-10-01 00:00:00+00:00,,False,504276.0,,Planeta Agradecido con el Resguardo indígena Bajo Río Guainía y Río Negro II,CCB146,REDD+,carbonplan,https://www.ecoregistry.io/projects/CDC-146,HUMAN FOREST SAS,['ccb-redd'],,cercarbono,0.0,unknown,2022.0,2022.0,18.0,2022.0,2022.0,carbonplan_offsetsdb
renewable-energy,Colombia,,,False,0.0,,Proyecto Solar Fotovoltaico Greenyellow,CCB147,Unknown,carbonplan,https://www.ecoregistry.io/projects/CDC-147,GREENYELLOW ENERGIA DE COLOMBIA / GREENYELLOW,['ccb-renewables-er'],,cercarbono,0.0,unknown,,,,,,carbonplan_offsetsdb
forest,Colombia,2023-12-15 00:00:00+00:00,2024-02-12 00:00:00+00:00,False,4593219.0,,Proyecto de Conservación UNU-MAI REDD+,CCB148,REDD+,carbonplan,https://www.ecoregistry.io/projects/CDC-148,BIOFIX CONSULTORIA S.A.S BIC,['ccb-redd'],,cercarbono,1431488.0,unknown,2017.0,2024.0,231.0,2017.0,2024.0,carbonplan_offsetsdb
ghg-management,Colombia,,,False,0.0,,Veolia LFG PTA Cucuta Landfill,CCB149,Landfill,carbonplan,https://www.ecoregistry.io/projects/CDC-149,VEOLIA COLOMBIA HOLDING SA,['acm0001'],,cercarbono,0.0,unknown,,,,,,carbonplan_offsetsdb
renewable-energy,Colombia,2023-06-28 00:00:00+00:00,2023-10-11 00:00:00+00:00,False,462870.0,,Proyecto de Generación de Energía Solar Fotovoltaica El Paso ,CCB151,Unknown,carbonplan,https://www.ecoregistry.io/projects/CDC-151,Enel Colombia S.A. E.S.P.,['ccb-renewables-er'],,cercarbono,10000.0,unknown,2018.0,2024.0,13.0,2018.0,2024.0,carbonplan_offsetsdb
forest,Colombia,2023-12-11 00:00:00+00:00,2024-07-11 00:00:00+00:00,False,4765619.0,,GUAINIA REDD+ PROJECT,CCB152,REDD+,carbonplan,https://www.ecoregistry.io/projects/CDC-152,OVIEDO S.A.S.,['ccb-redd'],,cercarbono,2503.0,unknown,2018.0,2022.0,54.0,2018.0,2022.0,carbonplan_offsetsdb
forest,Colombia,2024-07-08 00:00:00+00:00,2024-07-18 00:00:00+00:00,False,1701850.0,,Awakadaa Jiduaa,CCB155,REDD+,carbonplan,https://www.ecoregistry.io/projects/CDC-155,Corporación Masbosques,['ccb-redd'],,cercarbono,844330.0,unknown,2018.0,2022.0,178.0,2018.0,2022.0,carbonplan_offsetsdb
forest,Colombia,,,False,0.0,,ORINOCO REDD+ PROJECT,CCB156,REDD+,carbonplan,https://www.ecoregistry.io/projects/CDC-156,OVIEDO S.A.S.,['ccb-redd'],,cercarbono,0.0,unknown,,,,,,carbonplan_offsetsdb
renewable-energy,Colombia,2023-12-29 00:00:00+00:00,2025-11-25 00:00:00+00:00,False,66878.0,,PCH CANTAYUS,CCB161,Unknown,carbonplan,https://www.ecoregistry.io/projects/CDC-161,CENIT ,['ams-i-d'],,cercarbono,66878.0,unknown,2017.0,2022.0,12.0,2017.0,2022.0,carbonplan_offsetsdb
ghg-management,Colombia,2024-12-30 00:00:00+00:00,2026-05-07 00:00:00+00:00,False,5877.0,,Proyecto Agrupado Bio D S.A,CCB166,Unknown,carbonplan,https://www.ecoregistry.io/projects/CDC-166,BIO D S.A.,['ams-iii-h'],,cercarbono,887.0,unknown,2017.0,2022.0,9.0,2017.0,2022.0,carbonplan_offsetsdb
unknown,Colombia,,,False,0.0,,-,CCB173,Unknown,carbonplan,https://www.ecoregistry.io/projects/CDC-173,Pruebas 1,,['Not defined'],cercarbono,0.0,unknown,,,,,,carbonplan_offsetsdb
forest,Colombia,2024-06-13 00:00:00+00:00,2024-11-05 00:00:00+00:00,False,217707.0,,Carbono Rancho Victoria,CCB180,Afforestation + Reforestation,carbonplan,https://www.ecoregistry.io/projects/CDC-180,Agroreforestadora Rancho Victoria S.A.,['ccb-refor'],,cercarbono,12267.0,unknown,2018.0,2023.0,24.0,2018.0,2023.0,carbonplan_offsetsdb
forest,Colombia,2024-06-14 00:00:00+00:00,2024-07-25 00:00:00+00:00,False,21026.0,,Carbono Hass,CCB181,Afforestation + Reforestation,carbonplan,https://www.ecoregistry.io/projects/CDC-181,Forestry Consulting Group S.A.S.,['ccb-refor'],,cercarbono,17033.0,unknown,2018.0,2023.0,42.0,2018.0,2023.0,carbonplan_offsetsdb
unknown,Colombia,,,False,0.0,,Prueba plataforma,CCB182,Unknown,carbonplan,https://www.ecoregistry.io/projects/CDC-182,ATMOSPHERE ALTERNATIVE SAS ,,['Not defined'],cercarbono,0.0,unknown,,,,,,carbonplan_offsetsdb
unknown,Colombia,,,False,0.0,,Prueba plataforma,CCB183,Unknown,carbonplan,https://www.ecoregistry.io/projects/CDC-183,ATMOSPHERE ALTERNATIVE SAS ,,['Not defined'],cercarbono,0.0,unknown,,,,,,carbonplan_offsetsdb
renewable-energy,Colombia,2024-03-12 00:00:00+00:00,2024-05-17 00:00:00+00:00,False,7250.0,,Primer Proyecto Agrupado de Helios S.A.S E.S.P para la energización de hogares en Zonas No Interconectadas en Colombia,CCB184,Unknown,carbonplan,https://www.ecoregistry.io/projects/CDC-184,HELIOS ENERGIA SA ESP,['ams-i-l'],,cercarbono,7245.0,unknown,2020.0,2023.0,8.0,2020.0,2023.0,carbonplan_offsetsdb
ghg-management,Colombia,,,False,0.0,,PMCC AGROINCE,CCB185,Unknown,carbonplan,https://www.ecoregistry.io/projects/CDC-185,AGROINCE LTDA Y CIA S.C.A,['ams-iii-h'],,cercarbono,0.0,unknown,,,,,,carbonplan_offsetsdb
renewable-energy,Colombia,2025-12-17 00:00:00+00:00,2026-02-19 00:00:00+00:00,False,722281.0,,Sogamoso Hydroelectric Project,CCB188,Renewable Energy,carbonplan,https://www.ecoregistry.io/projects/CDC-188,ISAGEN S.A. ESP,['acm0002'],,cercarbono,98267.0,unknown,2023.0,2024.0,54.0,2023.0,2024.0,carbonplan_offsetsdb
ghg-management,Colombia,,,False,0.0,,Proyecto de reducción de GEI - GREMCA,CCB191,Unknown,carbonplan,https://www.ecoregistry.io/projects/CDC-191,GREMCA AGRICULTURA Y ENERGÍA SOSTENIBLE S.A,['ams-iii-h'],,cercarbono,0.0,unknown,,,,,,carbonplan_offsetsdb
renewable-energy,Colombia,,,False,0.0,,PCH NARE,CCB194,Renewable Energy,carbonplan,https://www.ecoregistry.io/projects/CDC-194,GENERADORA NARE S.A.S E.S.P,['acm0002'],,cercarbono,0.0,unknown,,,,,,carbonplan_offsetsdb
renewable-energy,Colombia,2025-07-29 00:00:00+00:00,2026-03-12 00:00:00+00:00,False,161297.0,,Guajira I Wind Farm,CCB196,Renewable Energy,carbonplan,https://www.ecoregistry.io/projects/CDC-196,ISAGEN S.A. ESP,['acm0002'],,cercarbono,26680.0,unknown,2022.0,2025.0,9.0,2022.0,2025.0,carbonplan_offsetsdb
renewable-energy,Colombia,,,False,0.0,,Proyectos Fotovoltaicos Guamo y Numbana,CCB199,Unknown,carbonplan,https://www.ecoregistry.io/projects/CDC-199,Erco Energía,['ccb-renewables-er'],,cercarbono,0.0,unknown,,,,,,carbonplan_offsetsdb
renewable-energy,Colombia,,,False,0.0,,Rio Amoya Run-of-River Hydro Project,CCB202,Renewable Energy,carbonplan,https://www.ecoregistry.io/projects/CDC-202,ISAGEN S.A. ESP,['acm0002'],,cercarbono,0.0,unknown,,,,,,carbonplan_offsetsdb
renewable-energy,Colombia,2025-04-29 00:00:00+00:00,,False,139614.0,,Proyecto de Generación de Energía Solar Fotovoltaica La Loma ,CCB210,Unknown,carbonplan,https://www.ecoregistry.io/projects/CDC-210,Enel Colombia S.A. E.S.P.,['ccb-renewables-eg'],,cercarbono,0.0,unknown,2023.0,2024.0,2.0,2023.0,2024.0,carbonplan_offsetsdb
renewable-energy,Colombia,,,False,0.0,,Proyecto de Generación de Energía Solar Fotovoltaica Guayepo,CCB211,Unknown,carbonplan,https://www.ecoregistry.io/projects/CDC-211,Enel Colombia S.A. E.S.P.,['ccb-renewables-eg'],,cercarbono,0.0,unknown,,,,,,carbonplan_offsetsdb
renewable-energy,Colombia,2025-01-15 00:00:00+00:00,,False,42339.0,,Agua Fresca Multipurpose and Environmental Services Project,CCB213,Unknown,carbonplan,https://www.ecoregistry.io/projects/CDC-213,Energía del Río Piedras S.A E.S.P,['ams-i-d'],,cercarbono,0.0,unknown,2020.0,2023.0,4.0,2020.0,2023.0,carbonplan_offsetsdb
ghg-management,Colombia,,,False,0.0,,Proyecto Palmas del Cesar S.A,CCB215,Unknown,carbonplan,https://www.ecoregistry.io/projects/CDC-215,PALMAS DEL CESAR S.A,['ams-iii-h'],,cercarbono,0.0,unknown,,,,,,carbonplan_offsetsdb
ghg-management,Colombia,,,False,0.0,,Planta de Tratamiento de Aguas Residuales - PTAR Aguas Claras,CCB221,Unknown,carbonplan,https://www.ecoregistry.io/projects/CDC-221,Aguas Nacionales EPM S.A. E.S.P.,['acm0014'],,cercarbono,0.0,unknown,,,,,,carbonplan_offsetsdb
unknown,Colombia,,2025-10-11 00:00:00+00:00,False,0.0,,Savimbo Biodiversity Putumayo,CCB224,Unknown,carbonplan,https://www.ecoregistry.io/projects/CDB-1,Savimbo Inc.,,['Methodology CBCP-01 For conservation of intact regional biodiversity using indicator species.'],cercarbono,4910.0,unknown,2019.0,2024.0,28.0,2019.0,2024.0,carbonplan_offsetsdb
forest,Colombia,,,False,0.0,,Proyecto REDD+ Fundación Biodiversa en tierras bajas del Magdalena,CCB230,REDD+,carbonplan,https://www.ecoregistry.io/projects/CDC-230,FUNDACIÓN BIODIVERSA COLOMBIA,['ccb-redd'],,cercarbono,0.0,unknown,,,,,,carbonplan_offsetsdb
forest,Colombia,,,False,0.0,,LIGNUS - BONOS DE CARBONO,CCB232,Afforestation + Reforestation,carbonplan,https://www.ecoregistry.io/projects/CDC-232,LIGNUS SAS,['ccb-refor'],,cercarbono,0.0,unknown,,,,,,carbonplan_offsetsdb
forest,Colombia,,,False,0.0,,Proyecto Forestal CO2CERO Chigüiro,CCB244,Afforestation + Reforestation,carbonplan,https://www.ecoregistry.io/projects/CDC-254,CO2CERO,['ccb-refor'],,cercarbono,0.0,unknown,,,,,,carbonplan_offsetsdb
renewable-energy,Colombia,,,False,0.0,,Generación de Energía y Reducción de GEI-IACSA,CCB247,Unknown,carbonplan,https://www.ecoregistry.io/projects/CDC-250,Industrial Aceitera de Casanare S.A. SUCURSAL COLO,['ams-i-f'],,cercarbono,0.0,unknown,,,,,,carbonplan_offsetsdb
forest,Colombia,,,False,0.0,,RUTA ANDINA,CCB251,REDD+,carbonplan,https://www.ecoregistry.io/projects/CDC-248,AGI Ambiental,['ccb-redd'],,cercarbono,0.0,unknown,,,,,,carbonplan_offsetsdb
renewable-energy,Colombia,,,False,0.0,,Soluciones Energéticas Promigas,CCB254,Unknown,carbonplan,https://www.ecoregistry.io/projects/CDC-253,PROMIGAS SA ESP,['ccb-renewables-eg'],,cercarbono,0.0,unknown,,,,,,carbonplan_offsetsdb
forest,Colombia,,2022-08-04 00:00:00+00:00,False,0.0,2022-06-04 00:00:00+00:00,Aire de Vida “FIIVO JAAGAVA KOMUYA JAG+Y+”Monochoa REDD+,CCB106,REDD+,carbonplan,https://www.ecoregistry.io/projects/CDC-106,,['ccb-redd'],,cercarbono,79441.0,registered,2019.0,2019.0,6.0,2019.0,2019.0,carbonplan_offsetsdb
forest,Colombia,,2022-09-19 00:00:00+00:00,False,0.0,2022-06-04 00:00:00+00:00,Proyecto Nuestro Aire Vida “Kai KOMUYAJAG+Y+” REDD+ Puerto Zábalo y Los Monos,CCB107,REDD+,carbonplan,https://www.ecoregistry.io/projects/CDC-107,,['ccb-redd'],,cercarbono,170550.0,registered,2019.0,2019.0,1.0,2019.0,2019.0,carbonplan_offsetsdb
unknown,Colombia,,,False,0.0,,Nestlé & FNC Tree Planting Colombia,GLD23567,Unknown,carbonplan,https://registry.goldstandard.org/projects?q=gs23567,South Pole Ltd,,,gold-standard,0.0,listed,,,,,,carbonplan_offsetsdb
unknown,Colombia,,,False,0.0,,CDR ORINOQUIA,GLD23504,Unknown,carbonplan,https://registry.goldstandard.org/projects?q=gs23504,Biofix Consultoría S.A.S. BIC,,,gold-standard,0.0,listed,,,,,,carbonplan_offsetsdb
unknown,Colombia,,,False,0.0,,Carbono Vivo Marañón KardiaNuts & Kashú,GLD23368,Unknown,carbonplan,https://registry.goldstandard.org/projects?q=gs23368,C-NEUTRAL SAS,,,gold-standard,0.0,listed,,,,,,carbonplan_offsetsdb
unknown,Colombia,,,False,0.0,,Carbono Vivo Marañón,GLD23367,Unknown,carbonplan,https://registry.goldstandard.org/projects?q=gs23367,C-NEUTRAL SAS,,,gold-standard,0.0,listed,,,,,,carbonplan_offsetsdb
unknown,Colombia,2026-05-22 00:00:00+00:00,2026-05-28 00:00:00+00:00,False,299766.0,,Brújula Verde,GLD23254,Unknown,carbonplan,https://registry.goldstandard.org/projects?q=gs23254,Inverbosques S.A,,,gold-standard,7000.0,unknown,2023.0,2025.0,5.0,2023.0,2025.0,carbonplan_offsetsdb
unknown,Colombia,,,False,0.0,,Amazonia Nativa,GLD13100,Unknown,carbonplan,https://registry.goldstandard.org/projects?q=gs13100,ACT Climate Solutions B.V.,,,gold-standard,0.0,listed,,,,,,carbonplan_offsetsdb
unknown,Colombia,,,False,0.0,,Conservación de la selva de Guainía,GLD12696,Unknown,carbonplan,https://registry.goldstandard.org/projects?q=gs12696,Comunidades Sostenibles S.A.S.,,,gold-standard,0.0,listed,,,,,,carbonplan_offsetsdb
forest,Colombia,2025-09-05 00:00:00+00:00,,False,224997.0,,BaumInvest Flor Saphira Reforestation Project El Capricho & La Catorce,GLD23178,Afforestation + Reforestation,carbonplan,https://registry.goldstandard.org/projects?q=gs23178,BaumInvest AG,['gs-reforest'],,gold-standard,0.0,unknown,2026.0,2030.0,5.0,2026.0,2030.0,carbonplan_offsetsdb
unknown,Colombia,,,False,0.0,,Renewable Energy and Biofertilizers from Waste in Colombia,GLD23143,Unknown,carbonplan,https://registry.goldstandard.org/projects?q=gs23143,atmosfair gGmbH,,,gold-standard,0.0,listed,,,,,,carbonplan_offsetsdb
unknown,Colombia,2024-10-21 00:00:00+00:00,,False,228817.0,,BaumInvest Flor Morado Reforestation Project Punta Hermosa & Moriche Solo,GLD12926,Afforestation + Reforestation,berkeley,https://registry.goldstandard.org/projects?q=gs12926,BaumInvest AG,,,gold-standard,0.0,unknown,2025.0,2029.0,5.0,2025.0,2029.0,carbonplan_offsetsdb
unknown,Colombia,,,False,0.0,,Sistema.bio Colombia Carbon Program: Waste management clean energy and regenerative agriculture on family farms,GLD12634,Manure Biodigester,berkeley,https://registry.goldstandard.org/projects?q=gs12634,FarmCarbon Management S.à r.l.,,,gold-standard,0.0,unknown,,,,,,carbonplan_offsetsdb
unknown,Colombia,,,False,0.0,,Sistema.bio Colomabian Carbon Program: Biodigesters in Colombia 2024-25,GLD12635,Manure Biodigester,berkeley,https://registry.goldstandard.org/projects?q=gs12635,SISTEMA.BIO INC.,,,gold-standard,0.0,unknown,,,,,,carbonplan_offsetsdb
renewable-energy,Colombia,,,False,0.0,,BioGrow Energy,GLD12384,Wastewater Methane,berkeley,https://registry.goldstandard.org/projects?q=gs12384,Carlo Vigna Taglianti,['ams-i-f'],,gold-standard,0.0,listed,,,,,,carbonplan_offsetsdb
unknown,Colombia,,,False,0.0,,Kardianuts Biochar Production in Colombia,GLD12234,Biochar,berkeley,https://registry.goldstandard.org/projects?q=gs12234,First Climate (Switzerland) AG,,['Not provided'],gold-standard,0.0,unknown,,,,,,carbonplan_offsetsdb
unknown,Colombia,2023-11-06 00:00:00+00:00,,False,96160.0,,BaumInvest Flor Morado Reforestation Project Veraneo,GLD12186,Afforestation + Reforestation,berkeley,https://registry.goldstandard.org/projects?q=gs12186,BaumInvest AG,,,gold-standard,26115.0,unknown,2025.0,2028.0,22.0,2025.0,2028.0,carbonplan_offsetsdb
renewable-energy,Colombia,,,False,0.0,,San Juan de Pasto Clean Project,GLD10829,Fuel Switching,berkeley,https://registry.goldstandard.org/projects?q=gs10829,Sustainable Carbon - Projetos Ambientais LTDA,['ams-i-e'],,gold-standard,0.0,listed,,,,,,carbonplan_offsetsdb
unknown,Colombia,2017-12-21 00:00:00+00:00,2017-12-29 00:00:00+00:00,False,2274759.0,,Vichada Climate Reforestation Project (PAZ) ,GLD4221,Afforestation + Reforestation,berkeley,https://registry.goldstandard.org/projects?q=gs4221,FORLIANCE,,,gold-standard,1248064.0,unknown,2007.0,2024.0,1334.0,2007.0,2024.0,carbonplan_offsetsdb
unknown,Colombia,2022-10-31 00:00:00+00:00,2023-04-21 00:00:00+00:00,False,224498.0,,Barroso 20MW hydroelectric project,GLD4822,Hydropower,berkeley,https://registry.goldstandard.org/projects?q=gs4822,ISAGEN S.A. E.S.P.,,,gold-standard,54494.0,unknown,2018.0,2021.0,49.0,2018.0,2021.0,carbonplan_offsetsdb
renewable-energy,Colombia,,,False,0.0,,Guanaquitas 9.74 MW hydroelectric project,GLD3932,Hydropower,berkeley,https://registry.goldstandard.org/projects?q=gs3932,ALLCOT AG,['ams-i-d'],,gold-standard,0.0,listed,,,,,,carbonplan_offsetsdb
energy-efficiency,Colombia,,,False,0.0,,GS3510 Fundacion Natura Cookstove PoA_Satander,GLD3708,Cookstove,berkeley,https://registry.goldstandard.org/projects?q=gs3708,FundaciÃ³n Natura Colombia,['gs-tpddtec'],,gold-standard,0.0,unknown,,,,,,carbonplan_offsetsdb
unknown,Colombia,2015-08-24 00:00:00+00:00,,False,169264.0,,Vegachi ecological restoration of degraded lands ,GLD3565,Afforestation + Reforestation,berkeley,https://registry.goldstandard.org/projects?q=gs3565,South Pole Ltd SCV,,,gold-standard,36551.0,unknown,2008.0,2037.0,124.0,2008.0,2037.0,carbonplan_offsetsdb
energy-efficiency,Colombia,,,False,0.0,,Fundacion Natura Cookstove POA,GLD3510,Cookstove,berkeley,https://registry.goldstandard.org/projects?q=gs3510,FundaciÃ³n Natura Colombia,['gs-tpddtec'],,gold-standard,0.0,unknown,,,,,,carbonplan_offsetsdb
unknown,Colombia,,,False,0.0,,GEN+: Alejandría Small Hydropower (SHP) Run-of-the-River CDM Project Bundle,GLD3375,Hydropower,berkeley,https://registry.goldstandard.org/projects?q=gs3375,CAEMA,,,gold-standard,0.0,listed,,,,,,carbonplan_offsetsdb
unknown,Colombia,,,False,0.0,,Programme of Activities for the Development and Promotion of Renewable Energy,GLD3349,Hydropower,berkeley,https://registry.goldstandard.org/projects?q=gs3349,CAEMA,,,gold-standard,0.0,listed,,,,,,carbonplan_offsetsdb
forest,Colombia,2015-08-24 00:00:00+00:00,,False,70773.0,,Conservation and reforestation of degraded areas in Barbosa Colombia,GLD3025,Afforestation + Reforestation,berkeley,https://registry.goldstandard.org/projects?q=gs3025,Deactivated Projects,['gs-reforest'],,gold-standard,12189.0,unknown,2011.0,2050.0,92.0,2011.0,2050.0,carbonplan_offsetsdb
renewable-energy,Colombia,,,False,0.0,,Caruquia 9.76 MW hydroelectric project,GLD1373,Hydropower,berkeley,https://registry.goldstandard.org/projects?q=gs1373,ALLCOT AG,['ams-i-d'],,gold-standard,0.0,listed,,,,,,carbonplan_offsetsdb
renewable-energy,Colombia,,,False,0.0,,Caruquia 9.76 MW hydroelectric project Pre-CDM VERs,GLD1298,Hydropower,berkeley,https://registry.goldstandard.org/projects?q=gs1298,ALLCOT AG,['ams-i-d'],,gold-standard,0.0,listed,,,,,,carbonplan_offsetsdb
unknown,Colombia,2017-09-29 00:00:00+00:00,2018-01-12 00:00:00+00:00,False,150405.0,,Santander and Las Tapias Renewable Energy Project,GLD1074,Biomass,berkeley,https://registry.goldstandard.org/projects?q=gs1074,Sustainable Carbon - Projetos Ambientais LTDA,,['GS SS Ecologically Sound Fuel Switch to Biomass v1.'],gold-standard,128233.0,unknown,2013.0,2021.0,348.0,2013.0,2021.0,carbonplan_offsetsdb
