_id,nombre_iniciativa,tipo,fase,n_matches,cod_dane,municipio
6a7e79ab956159ac50315e7d,Proyecto de Desarrollo Bajo en Carbono - Granja Solar El Cinco,PDBC - Proyectos de Desarrollo Bajo en Carbono,Factibilidad,0,,
6a7cdbba2ae62d26b5e216ec,Sembrando Futuro 2.0,PDBC - Proyectos de Desarrollo Bajo en Carbono,Factibilidad,0,,
6a728e472ae62d26b5e21563,"MATANI REDD+ DIOS MAYOR DE LOS PUEBLOS
CABILLARI CONSERVACIÓN ANCESTRAL",Proyecto REDD+,Factibilidad,0,,
6a6365cec4dc4aa74a6f1b69,Rehabilitación del Corredor Férreo La Dorada - Chiriguaná,PDBC - Proyectos de Desarrollo Bajo en Carbono,Factibilidad,0,,
6a0ce0526ba4657064ecab7a,Diseño y desarrollo de sistemas de tratamientos de aguas residuales domésticas e industriales a través de biomasas adsorbentes. ,MDL - Proyectos del Mecanismo de Desarrollo Limpio,Factibilidad,0,,
69fa2c1f6ba4657064ecaa76,"PROYECTO URAMIA - Proyecto REDD+ de Conservación Forestal Liderado por la Comunidad en Chocó, Colombia",Proyecto REDD+,Factibilidad,0,,
6995c4dbdc90ca1cbe64d7fc,Proyecto Forestal CO2CERO Chigüiro,PDBC - Proyectos de Desarrollo Bajo en Carbono,Factibilidad,0,,
6973d618dc90ca1cbe64d460,Proyecto Forestal CO2CERO Alcaraván Orinoquia,PDBC - Proyectos de Desarrollo Bajo en Carbono,Factibilidad,0,,
697385e5dc90ca1cbe64d435,Proyecto REDD Mapiripan,Proyecto REDD+,Factibilidad,0,,
695d37c9dc90ca1cbe64d1fa,Proyecto CO2CERO COL LA GLORIA - Alouatta Carbon Forest,PDBC - Proyectos de Desarrollo Bajo en Carbono,Factibilidad,0,,
6925ca9e78306d8ed3ce75e6,Proyecto REDD+ Bogotá Región ,Proyecto REDD+,Factibilidad,0,,
691726b38903bc9c31018518,MDL PoA Mundo verde,MDL PoA - Programas de Actividades del Mecanismo de Desarrollo Limpio,Factibilidad,0,,
69133b64471be180c8ed9831,hkjhkh,MDL - Proyectos del Mecanismo de Desarrollo Limpio,Factibilidad,0,,
690caa31471be180c8ed9765,"Proyecto de Captura de Carbono, y Conservación Hídrica del Bosque Altoandino-Húmedo en la Finca La Giovanna, Pamplona (Norte de Santander). 
",PDBC - Proyectos de Desarrollo Bajo en Carbono,Factibilidad,0,,
690c8ec7471be180c8ed973d,Proyecto Hidroeléctrico El Edén,PDBC - Proyectos de Desarrollo Bajo en Carbono,Factibilidad,0,,
68ddf2adf7447e0f93dcb125,Prueba,PDBC - Proyectos de Desarrollo Bajo en Carbono,Factibilidad,0,,
68d9689ff7447e0f93dcb039,afsdfsa,Proyecto REDD+,Factibilidad,0,,
68d9647bf7447e0f93dcb01e,abclnlkvn,PDBC - Programas de Desarrollo Bajo en Carbono,Factibilidad,0,,
68d952ddf7447e0f93dcafe2,knfknl,MDL PoA - Programas de Actividades del Mecanismo de Desarrollo Limpio,Factibilidad,0,,
68d94d2bf7447e0f93dcafb8,Nombre Iniciativa prueba,MDL - Proyectos del Mecanismo de Desarrollo Limpio,Factibilidad,0,,
68d9465cf7447e0f93dcaf56,nombre prueba,PDBC - Proyectos de Desarrollo Bajo en Carbono,Factibilidad,0,,
68d82b7bf7447e0f93dcaf29,Prueba,NAMA - Acciones Nacionalmente Apropiadas de Mitigación,Factibilidad,0,,
68d6a15a350c48834f3de405,EcoAcción MDL,MDL PoA - Programas de Actividades del Mecanismo de Desarrollo Limpio,Factibilidad,0,,
68d4283d2d88c288b51cf71f,EcoAcción MDL,MDL PoA - Programas de Actividades del Mecanismo de Desarrollo Limpio,Factibilidad,0,,
68caf93b2d88c288b51cf254,"Proyecto REDD+ Pacifico Norte-Sur, La Voz de los Negros",Proyecto REDD+,Factibilidad,0,,
68cadc2c2d88c288b51cf19e,Proyecto REDD+ “Futuro Verde”,Proyecto REDD+,Factibilidad,0,,
68ca07b82d88c288b51cf109,Proy REDD+ Respira Futuro: Programa de Actividades para un Aire Limpio,Proyecto REDD+,Factibilidad,0,,
68c9ec082d88c288b51cf0d1,"Proyecto REDD+ Pacifico Norte-Sur, Chanzará y Río Sequihonda",Proyecto REDD+,Factibilidad,0,,
68c9d4fe2d88c288b51cf05c,"Project REDD+ Pacifico Norte-Sur, ACADESAN.",Proyecto REDD+,Factibilidad,0,,
68c99d6f2d88c288b51cefd6,Bosques Vitales: Programa REDD+ para la Conservación y el Clima,Programa REDD+,Factibilidad,0,,
68c991302d88c288b51cef65,Plan VERDE: Valoración de Energías Renovables y Disminución de Emisiones,MDL PoA - Programas de Actividades del Mecanismo de Desarrollo Limpio,Factibilidad,0,,
68b22d0b2cb375c800b83dff,"Proyecto REDD+ Pacifico Norte-Sur, La Voz de los Negros",Proyecto REDD+,Factibilidad,0,,
68b22d062cb375c800b83dfb,Los Titíes de San Juan,PDBC - Proyectos de Desarrollo Bajo en Carbono,Factibilidad,0,,
68b22d052cb375c800b83df8,Proyecto de Generación de Energía Solar Fotovoltaica La Loma ,PDBC - Proyectos de Desarrollo Bajo en Carbono,Factibilidad,0,,
68b22d042cb375c800b83df5,BaumInvest Flor Morado Reforestation Project Veraneo,PDBC - Proyectos de Desarrollo Bajo en Carbono,Factibilidad,0,,
68b22cff2cb375c800b83df1,Proyecto de mitigación en el sector del uso del suelo cambio en el uso del suelo y silvicultura por remociones debidas al establecimiento de sistemas forestales de Hevea brasiliensis en el municipio d,PDBC - Proyectos de Desarrollo Bajo en Carbono,Factibilidad,0,,
68b22cfa2cb375c800b83ded,prueba_py_pdbc,PDBC - Proyectos de Desarrollo Bajo en Carbono,Cierre,0,,
68b22cf42cb375c800b83de9,Central Hidroeléctrica Menor Amaime,MDL - Proyectos del Mecanismo de Desarrollo Limpio,Factibilidad,0,,
68b22cf42cb375c800b83de6,AgroTrace,PDBC - Programas de Desarrollo Bajo en Carbono,Factibilidad,0,,
68b22cf22cb375c800b83de0,CARVIDA DURATEX,PDBC - Proyectos de Desarrollo Bajo en Carbono,Factibilidad,0,,
68b22cf12cb375c800b83ddd,ACABA REDD+ Project,Proyecto REDD+,Factibilidad,0,,
68b22cf02cb375c800b83dda,BaumInvest Flor Saphira Reforestation Project El Capricho & La Catorce,PDBC - Programas de Desarrollo Bajo en Carbono,Factibilidad,0,,
68b22cef2cb375c800b83dd7,BaumInvest Flor Morado Reforestation Project Punta Hermosa & Moriche Solo,PDBC - Programas de Desarrollo Bajo en Carbono,Factibilidad,0,,
68b22cee2cb375c800b83dd4,MARENA ICHENA - NAG+MA ENOYE RAFUE,Proyecto REDD+,Factibilidad,0,,
68b22cee2cb375c800b83dd1,A,PDBC - Proyectos de Desarrollo Bajo en Carbono,Factibilidad,0,,
68b22ced2cb375c800b83dce,ENTREPALMAS S.A.S,MDL - Proyectos del Mecanismo de Desarrollo Limpio,Factibilidad,0,,
68b22cec2cb375c800b83dcb,PROYECTO REDD+ MACROTERRITORIO JAGUARES DE YURUPARÍ,Proyecto REDD+,Factibilidad,0,,
68b22ceb2cb375c800b83dc8,CIM2,PDBC - Proyectos de Desarrollo Bajo en Carbono,Factibilidad,0,,
68b22cea2cb375c800b83dc5,Central Hidroeléctrica Escuela de Minas,PDBC - Proyectos de Desarrollo Bajo en Carbono,Factibilidad,0,,
68b22ce92cb375c800b83dc2,Central Hidroeléctrica Carlos Lleras Restrepo,PDBC - Proyectos de Desarrollo Bajo en Carbono,Factibilidad,0,,
68b22ce42cb375c800b83dbe,Central Hidroeléctrica Menor Bajo Tuluá,PDBC - Proyectos de Desarrollo Bajo en Carbono,Factibilidad,0,,
68b22cdf2cb375c800b83dba,Carbono Bagatela,PDBC - Proyectos de Desarrollo Bajo en Carbono,Factibilidad,0,,
68b22cde2cb375c800b83db7,Proyecto hidroeléctrico Caruquia,PDBC - Programas de Desarrollo Bajo en Carbono,Factibilidad,0,,
68b22cdd2cb375c800b83db4,Brújula Verde Project,PDBC - Proyectos de Desarrollo Bajo en Carbono,Factibilidad,0,,
68b22cdc2cb375c800b83db1,Solario,MDL - Proyectos del Mecanismo de Desarrollo Limpio,Factibilidad,0,,
68b22cdb2cb375c800b83dae,Proyecto Solar Fotovoltaico Greenyellow,PDBC - Proyectos de Desarrollo Bajo en Carbono,Factibilidad,0,,
68b22cda2cb375c800b83dab,Agua Fresca Multipurpose and Environmental Services Project,PDBC - Proyectos de Desarrollo Bajo en Carbono,Factibilidad,0,,
68b22cd92cb375c800b83da8,Carbono Verde II,PDBC - Proyectos de Desarrollo Bajo en Carbono,Factibilidad,0,,
68b22cd82cb375c800b83da5,Proyecto Hidroeléctrico Guanaquitas 9.74 MW,MDL - Proyectos del Mecanismo de Desarrollo Limpio,Factibilidad,0,,
68b22cd72cb375c800b83da2,RUTA ANDINA ,PDBC - Proyectos de Desarrollo Bajo en Carbono,Factibilidad,0,,
68b22cd22cb375c800b83d9e,ASATIQ VAUPÉS MALOCA REDD+ PROJECT,Proyecto REDD+,Factibilidad,0,,
68b22cd12cb375c800b83d9b,Planta Solar Fotovoltaica Fundación ,PDBC - Proyectos de Desarrollo Bajo en Carbono,Factibilidad,0,,
68b22cd02cb375c800b83d98,CIM 1,PDBC - Proyectos de Desarrollo Bajo en Carbono,Factibilidad,0,,
68b22ccb2cb375c800b83d94,GROUPED PROJECT FOR REDUCING EMISSIONS FROM DEFORESTATION AND FOREST DEGRADATION REDD - IN THE REGIONAL NATURAL PARK: BIOLOGICAL CORRIDOR PNN PURACÉ PNN CUEVA DE LOS GUÁCHAROS,Proyecto REDD+,Factibilidad,0,,
68b22cc62cb375c800b83d90,CARBONO LA TABACA - AGI,PDBC - Proyectos de Desarrollo Bajo en Carbono,Factibilidad,0,,
68b22cc52cb375c800b83d8d,Proyecto hidroeléctrico Popal 20 MW,PDBC - Programas de Desarrollo Bajo en Carbono,Factibilidad,0,,
68b22cc42cb375c800b83d8a,Proyecto Hidroeléctrico San Miguel 42 MW,PDBC - Programas de Desarrollo Bajo en Carbono,Factibilidad,0,,
68b22cc32cb375c800b83d87,Proyecto hidroeléctrico a filo de agua Río Amoyá,PDBC - Programas de Desarrollo Bajo en Carbono,Factibilidad,0,,
68b22cbe2cb375c800b83d83,PROYECTO CARBONO  EN GANADERIA REGENERATIVA EN COLOMBIA VCS ID 3927 VERRA,PDBC - Proyectos de Desarrollo Bajo en Carbono,Factibilidad,0,,
68b22cbd2cb375c800b83d80,"Proyecto REDD+ Pacifico Norte-Sur,  Chanzará y Río Sequihonda",Proyecto REDD+,Factibilidad,0,,
68b22cbc2cb375c800b83d7d,Captura de CO2 a partir de biorreactores con microalgas chlorella vulgaris,PDBC - Programas de Desarrollo Bajo en Carbono,Factibilidad,0,,
68b22cbb2cb375c800b83d7a,Primer Proyecto Agrupado de Helios S.A. E.S.P para la energización de hogares en Zonas No Interconectadas en Colombia,PDBC - Proyectos de Desarrollo Bajo en Carbono,Factibilidad,0,,
68b22cb62cb375c800b83d76,Central Hidroeléctrica Menor Amaime,PDBC - Proyectos de Desarrollo Bajo en Carbono,Factibilidad,0,,
68b22cb02cb375c800b83d72,Central Hidroeléctrica Menor Alto Tuluá,PDBC - Proyectos de Desarrollo Bajo en Carbono,Factibilidad,0,,
68b22cb02cb375c800b83d6f,Generación de electricidad a partir de biomasa forestal para la Zona No Interconectada de Puerto Carreño - Vichada,PDBC - Proyectos de Desarrollo Bajo en Carbono,Factibilidad,0,,
68b22caa2cb375c800b83d6b,Central Hidroeléctrica Cucuana,PDBC - Proyectos de Desarrollo Bajo en Carbono,Factibilidad,0,,
68b22ca52cb375c800b83d67,Central Hidroeléctrica Cucuana,MDL - Proyectos del Mecanismo de Desarrollo Limpio,Factibilidad,0,,
68b22ca02cb375c800b83d63,Central Hidroeléctrica Menor Alto Tuluá,MDL - Proyectos del Mecanismo de Desarrollo Limpio,Factibilidad,0,,
68b22c9f2cb375c800b83d60,PIDs Planes Integrales de Descarbonnizacion,PDBC - Proyectos de Desarrollo Bajo en Carbono,Factibilidad,0,,
68b22c9a2cb375c800b83d5c,"FINCA LA PAZ II LA VICHADA, COLOMBIA",PDBC - Proyectos de Desarrollo Bajo en Carbono,Factibilidad,0,,
68b22c952cb375c800b83d58,ORIGEN ATRATO-BAUDÓ REDD+ PROJECT,Proyecto REDD+,Factibilidad,0,,
68b22c902cb375c800b83d54,BAJO ATRATO REDD+ PROJECT,Proyecto REDD+,Factibilidad,0,,
68b22c8f2cb375c800b83d51,PCH Cantayús,MDL PoA - Programas de Actividades del Mecanismo de Desarrollo Limpio,Factibilidad,0,,
68b22c892cb375c800b83d4d,Proyecto Forestal de Mitigación Carbono SOMBRILLA ZONA CAFETERA FCG-CO2CERO,PDBC - Proyectos de Desarrollo Bajo en Carbono,Factibilidad,0,,
68b22c842cb375c800b83d49,Proyecto Forestal Núcleo Vichada - Meta CO2CERO,PDBC - Proyectos de Desarrollo Bajo en Carbono,Factibilidad,0,,
68b22c832cb375c800b83d46,PROYECTO FORESTAL COSERVECO SAS - 24,PDBC - Proyectos de Desarrollo Bajo en Carbono,Factibilidad,0,,
68b22c822cb375c800b83d43,Parque eólico Guajira I,PDBC - Proyectos de Desarrollo Bajo en Carbono,Factibilidad,0,,
68b22c812cb375c800b83d40,Proyecto hidroeléctrico Sogamoso,PDBC - Proyectos de Desarrollo Bajo en Carbono,Factibilidad,0,,
68b22c802cb375c800b83d3d,PCH CANTAYUS,PDBC - Proyectos de Desarrollo Bajo en Carbono,Factibilidad,0,,
68b22c7b2cb375c800b83d39,SAHBIO CARBONO,NAMA - Acciones Nacionalmente Apropiadas de Mitigación,Factibilidad,0,,
68b22c752cb375c800b83d35,Proyecto Forestal Carbono Sombrilla Abejorral,PDBC - Proyectos de Desarrollo Bajo en Carbono,Factibilidad,0,,
68b22c6f2cb375c800b83d31,SOMBRILLA BAJO CAUCA Y COSTA NORTE CO2CERO-FCG,PDBC - Proyectos de Desarrollo Bajo en Carbono,Factibilidad,0,,
68b22c6a2cb375c800b83d2d,Bajo Tuluá Minor Hydroelectric Power Plant - CDM,MDL - Proyectos del Mecanismo de Desarrollo Limpio,Factibilidad,0,,
68b22c692cb375c800b83d2a,"Conservación REDD+ Sur del Meta ""Bosques de paz, Sustento de vida",Proyecto REDD+,Factibilidad,0,,
68b22c642cb375c800b83d26,REDD+ JIGRANTU,Proyecto REDD+,Factibilidad,0,,
68b22c5d2cb375c800b83d1f,Proyecto Forestal CO2CERO VICHADA,PDBC - Proyectos de Desarrollo Bajo en Carbono,Factibilidad,0,,
68b22c582cb375c800b83d1b,Proyecto Forestal Sombrilla Urrao FCG,PDBC - Proyectos de Desarrollo Bajo en Carbono,Factibilidad,0,,
68b22c532cb375c800b83d17,PROYECTO FORESTAL CO2CERO CAUCHO PL UNO,PDBC - Proyectos de Desarrollo Bajo en Carbono,Factibilidad,0,,
68b22c4e2cb375c800b83d13,PROYECTO FORESTAL CARBONO IG FARMS ,PDBC - Proyectos de Desarrollo Bajo en Carbono,Factibilidad,0,,
68b22c482cb375c800b83d0f,REDD++ Manglares del Bajo Baudó,Proyecto REDD+,Factibilidad,0,,
68b22c432cb375c800b83d0b,PROYECTO FORESTAL CO2CERO CAUCHO EL VIENTO,PDBC - Proyectos de Desarrollo Bajo en Carbono,Factibilidad,0,,
68b22c3d2cb375c800b83d07,PROYECTO FORESTAL CO2CERO META,PDBC - Proyectos de Desarrollo Bajo en Carbono,Factibilidad,0,,
68b22c372cb375c800b83d03,PROYECTO FORESTAL CO2CERO CORDILLERA CENTRAL,PDBC - Proyectos de Desarrollo Bajo en Carbono,Factibilidad,0,,
68b22c362cb375c800b83d00,Proyecto REDD+ Cabildo Mayor Indígena de Vigía del Fuerte,Proyecto REDD+,Factibilidad,0,,
68b22c312cb375c800b83cfc,ASATRIZY VAUPÉS MALOCA REDD+ PROJECT,Proyecto REDD+,Factibilidad,0,,
68b22c2b2cb375c800b83cf5,PROYECTO FORESTAL CO2CERO SANTANDER,PDBC - Proyectos de Desarrollo Bajo en Carbono,Factibilidad,0,,
68b22c252cb375c800b83cf1,PROYECTO FORESTAL CO2CERO CASANARE,PDBC - Proyectos de Desarrollo Bajo en Carbono,Factibilidad,0,,
68b22c202cb375c800b83ced,Proyecto Forestal CO2CERO CARIBE,PDBC - Proyectos de Desarrollo Bajo en Carbono,Factibilidad,0,,
68b22c1a2cb375c800b83ce6,PROYECTO FORESTAL CO2CERO REFOCOSTA LA GLORIA,PDBC - Proyectos de Desarrollo Bajo en Carbono,Factibilidad,0,,
68b22c192cb375c800b83ce3,Núcleos Timberlife,PDBC - Proyectos de Desarrollo Bajo en Carbono,Factibilidad,0,,
68b22c142cb375c800b83cdf,ASATRIZY VAUPÉS MALOCA REDD+ PROJECT,PDBC - Proyectos de Desarrollo Bajo en Carbono,Cierre,0,,
68b22c0f2cb375c800b83cdb,REDD+ Awia Tuparro+9,Proyecto REDD+,Factibilidad,0,,
68b22c0e2cb375c800b83cd8,Proyecto REDD+ Consejo Comunitario del Río Guajuí REDD,Proyecto REDD+,Factibilidad,0,,
68b22c0d2cb375c800b83cd5,Conservación de la Selva de Guainía,PDBC - Proyectos de Desarrollo Bajo en Carbono,Factibilidad,0,,
68b22c0c2cb375c800b83cd2,Proyectos hidroeléctricos El Molino - San Matías,PDBC - Proyectos de Desarrollo Bajo en Carbono,Factibilidad,0,,
68b22c0b2cb375c800b83ccf,Proyecto hidroeléctrico PCH Luzma,PDBC - Proyectos de Desarrollo Bajo en Carbono,Factibilidad,0,,
68b22c0a2cb375c800b83ccc,Parque eólico WESP 01,PDBC - Proyectos de Desarrollo Bajo en Carbono,Factibilidad,0,,
68b22c052cb375c800b83cc8,UNU-MAI REDD+,Proyecto REDD+,Factibilidad,0,,
68b22c042cb375c800b83cc5,Proyecto REDD+ Fundación Biodiversa en tierras bajas del Magdalena,Proyecto REDD+,Factibilidad,0,,
68b22bff2cb375c800b83cc1,Proyecto PELIWAISI REDD+ UNUMA VICHADA,Proyecto REDD+,Factibilidad,0,,
68b22bfe2cb375c800b83cbe,PAISAJES PRODUCTIVOS RESTAURADOS EN LA CUENCA MEDIA DEL RÍO MAGDALENA EN COLOMBIA,PDBC - Programas de Desarrollo Bajo en Carbono,Factibilidad,0,,
68b22bfd2cb375c800b83cbb,PCH Cantayus,MDL - Proyectos del Mecanismo de Desarrollo Limpio,Factibilidad,0,,
68b22bfc2cb375c800b83cb8,Sustainable Agroforestry Cacao Meta,PDBC - Proyectos de Desarrollo Bajo en Carbono,Factibilidad,0,,
68b22bf72cb375c800b83cb4,PROYECTO FORESTAL CO2CERO META_09,PDBC - Proyectos de Desarrollo Bajo en Carbono,Factibilidad,0,,
68b22bf22cb375c800b83cb0,Bella Bosque Afforestation Project - Colombia,PDBC - Proyectos de Desarrollo Bajo en Carbono,Factibilidad,0,,
68b22bf12cb375c800b83cad,Guainia III,Proyecto REDD+,Factibilidad,0,,
68b22bec2cb375c800b83ca9,PROYECTO REDD+ CUENCA ALTO BAUDO,Proyecto REDD+,Factibilidad,0,,
68b22beb2cb375c800b83ca6,Paramuno P2 ,PDBC - Proyectos de Desarrollo Bajo en Carbono,Factibilidad,0,,
68b22be62cb375c800b83ca2,Paramuno Proyecto 2 ,Proyecto REDD+,Cierre,0,,
68b22be02cb375c800b83c9e,CO2rozo P1,Proyecto REDD+,Cierre,0,,
68b22bdb2cb375c800b83c9a,CO2Bio P4 ,Proyecto REDD+,Cierre,0,,
68b22bd62cb375c800b83c96,CO2Bio P4,PDBC - Proyectos de Desarrollo Bajo en Carbono,Cierre,0,,
68b22bd12cb375c800b83c92,GUANIA REDD+ PROJECT,Proyecto REDD+,Factibilidad,0,,
68b22bd02cb375c800b83c8f,Orinoco2 P2 ,Proyecto REDD+,Factibilidad,0,,
68b22bcb2cb375c800b83c8b,PITUGUCAJUDE,Proyecto REDD+,Factibilidad,0,,
68b22bca2cb375c800b83c88,CO2rozo Proyecto 1,PDBC - Proyectos de Desarrollo Bajo en Carbono,Factibilidad,0,,
68b22bc32cb375c800b83c84,PMCC Carbono Hass,PDBC - Proyectos de Desarrollo Bajo en Carbono,Factibilidad,0,,
68b22bc22cb375c800b83c81,CultivO2,PDBC - Proyectos de Desarrollo Bajo en Carbono,Factibilidad,0,,
68b22bbc2cb375c800b83c7d,REDD+ PAZcífico sur,Proyecto REDD+,Factibilidad,0,,
68b22bbc2cb375c800b83c7a,REDD+ conservation of Ethno sustainable Afro-Colombian community in the Tropical Rain Forest of Colombia,Proyecto REDD+,Factibilidad,0,,
68b22bb62cb375c800b83c76,Más Bosques para Medellín,PDBC - Proyectos de Desarrollo Bajo en Carbono,Formulación,0,,
68b22bb12cb375c800b83c72,Alma Solar & Bayunca,MDL PoA - Programas de Actividades del Mecanismo de Desarrollo Limpio,Formulación,0,,
68b22bb02cb375c800b83c6f,Pequeña central hidroeléctrica Montañitas,PDBC - Proyectos de Desarrollo Bajo en Carbono,Factibilidad,0,,
68b22baa2cb375c800b83c6b,PARAMUNO Proyecto 1 ,Proyecto REDD+,Factibilidad,0,,
68b22ba52cb375c800b83c67,Orinoco2 P1,Proyecto REDD+,Factibilidad,0,,
68b22b9f2cb375c800b83c63,Liberación de refrigerantes al final de la vida útil de los refrigeradores domésticos-Sustitución,NAMA - Acciones Nacionalmente Apropiadas de Mitigación,Formulación,0,,
68b22b9a2cb375c800b83c5f,Proyecto CultivO2,MDL - Proyectos del Mecanismo de Desarrollo Limpio,Cierre,0,,
68b22b992cb375c800b83c5c,Proyecto de optimización Nodo Llanos,MDL - Proyectos del Mecanismo de Desarrollo Limpio,Factibilidad,0,,
68b22b982cb375c800b83c59,Proyecto de Mitigación de Cambio Climático Región Caribe+,PDBC - Proyectos de Desarrollo Bajo en Carbono,Factibilidad,0,,
68b22b982cb375c800b83c56,Proyecto de reducción de emisiones de la Comercializadora Global Grupo García,PDBC - Proyectos de Desarrollo Bajo en Carbono,Factibilidad,0,,
68b22b922cb375c800b83c52,"Proyecto Forestal Para La Cuenca del Rio Chinchiná, una alternativa ambiental para la ciudad y La Región¿",PDBC - Proyectos de Desarrollo Bajo en Carbono,Factibilidad,0,,
68b22b912cb375c800b83c4f,proyecto Carbono Santa Inés,PDBC - Proyectos de Desarrollo Bajo en Carbono,Factibilidad,0,,
68b22b912cb375c800b83c4c,Celsia Solar Agrupado VERRA,PDBC - Proyectos de Desarrollo Bajo en Carbono,Factibilidad,0,,
68b22b902cb375c800b83c49,Putumayo REDD+,Proyecto REDD+,Factibilidad,0,,
68b22b8f2cb375c800b83c46,Commercial reforestation on lands dedicated to extensive cattle grazing activities in the region of Magdalena Bajo Seco,MDL - Proyectos del Mecanismo de Desarrollo Limpio,Factibilidad,0,,
68b22b8a2cb375c800b83c42,Proyecto CHONTA COROZO REDD+,Proyecto REDD+,Factibilidad,0,,
68b22b892cb375c800b83c3f,Sistema de generación fotovoltaíco Pintuco,PDBC - Proyectos de Desarrollo Bajo en Carbono,Factibilidad,0,,
68b22b842cb375c800b83c3b,CARBONO LA TABACA - AGI,PDBC - Proyectos de Desarrollo Bajo en Carbono,Formulación,0,,
68b22b832cb375c800b83c38,Protection of Mangroves and community developmental activities in the biodiversity hotspot of Colombia,Proyecto REDD+,Factibilidad,0,,
68b22b7e2cb375c800b83c34,Pedeguita y Mancilla REDD+,Proyecto REDD+,Factibilidad,0,,
68b22b7d2cb375c800b83c31,Implementación de buses eléctricos para el transporte de empleados de Cerro Matoso S.A.,PDBC - Proyectos de Desarrollo Bajo en Carbono,Factibilidad,0,,
68b22b7c2cb375c800b83c2e,Proyecto REDD++ PANI,Proyecto REDD+,Factibilidad,0,,
68b22b762cb375c800b83c27,ISAGEN,MDL PoA - Programas de Actividades del Mecanismo de Desarrollo Limpio,Formulación,0,,
68b22b752cb375c800b83c24,Planta De Energía Solar - Awarala,PDBC - Proyectos de Desarrollo Bajo en Carbono,Factibilidad,0,,
68b22b702cb375c800b83c20,Proyecto de Conservación PALAMEKU KUWEI REDD+,Proyecto REDD+,Factibilidad,0,,
68b22b6a2cb375c800b83c1c,FAZNI-GGC-109-615-17,PDBC - Proyectos de Desarrollo Bajo en Carbono,Formulación,0,,
68b22b6a2cb375c800b83c19,PLANTA PARA LA GENERACION DE ENERGIA ELECTRICA PROCESO POR GRUPO ELECTROGENO CON MOTOR DE ENCENDIDO POR CHISPA Y GENERADOR ¿ PLANTA DE ENERGIA MODULAR- TermoMechero,PDBC - Proyectos de Desarrollo Bajo en Carbono,Factibilidad,0,,
68b22b692cb375c800b83c16,Proyecto de Certificación COPEY,MDL - Proyectos del Mecanismo de Desarrollo Limpio,Factibilidad,0,,
68b22b642cb375c800b83c12,FAZNI-GGC-107-613-17,PDBC - Proyectos de Desarrollo Bajo en Carbono,Formulación,0,,
68b22b5f2cb375c800b83c0e,FAZNI-GGC-403-16,PDBC - Proyectos de Desarrollo Bajo en Carbono,Formulación,0,,
68b22b592cb375c800b83c0a,FAZNI-GGC-076-523-17,PDBC - Proyectos de Desarrollo Bajo en Carbono,Formulación,0,,
68b22b542cb375c800b83c06,FAZNI-GGC-114-622-17,PDBC - Proyectos de Desarrollo Bajo en Carbono,Formulación,0,,
68b22b4f2cb375c800b83c02,FAZNI-GGC-093-570-17,PDBC - Proyectos de Desarrollo Bajo en Carbono,Formulación,0,,
68b22b4a2cb375c800b83bfe,FAZNI-GGC-105-611-17,PDBC - Proyectos de Desarrollo Bajo en Carbono,Formulación,0,,
68b22b452cb375c800b83bfa,FAZNI-GGC-074-521-17,PDBC - Proyectos de Desarrollo Bajo en Carbono,Formulación,0,,
68b22b402cb375c800b83bf6,FAZNI-GGC-094-572-17,PDBC - Proyectos de Desarrollo Bajo en Carbono,Formulación,0,,
68b22b3b2cb375c800b83bf2,FAZNI-GGC-075-520-17,PDBC - Proyectos de Desarrollo Bajo en Carbono,Formulación,0,,
68b22b362cb375c800b83bee,FAZNI-GGC-120-631-17,PDBC - Proyectos de Desarrollo Bajo en Carbono,Formulación,0,,
68b22b302cb375c800b83bea,FAZNI-GGC-096-593-17,PDBC - Proyectos de Desarrollo Bajo en Carbono,Formulación,0,,
68b22b302cb375c800b83be7,Proyecto REDD+ Origen Atrato - Baudó_,Proyecto REDD+,Factibilidad,0,,
68b22b2f2cb375c800b83be4,Pequeña central hidroeléctrica San Andrés de Cuerquia,PDBC - Programas de Desarrollo Bajo en Carbono,Factibilidad,0,,
68b22b292cb375c800b83be0,FAZNI-GGC-082-545-17,PDBC - Proyectos de Desarrollo Bajo en Carbono,Formulación,0,,
68b22b242cb375c800b83bdc,Crima Predio Putumayo-Andoque de Aduche REDD+,Proyecto REDD+,Formulación,0,,
68b22b1f2cb375c800b83bd8,Pedeguita-Jiguamandó REDD+,Proyecto REDD+,Factibilidad,0,,
68b22b1e2cb375c800b83bd5,REDD+ Corpoguavio,Proyecto REDD+,Factibilidad,0,,
68b22b192cb375c800b83bd1,REDD+ PAZcífico,Proyecto REDD+,Formulación,0,,
68b22b182cb375c800b83bce,Multimodal transport on the Magdalena River by Impala Terminals.,PDBC - Proyectos de Desarrollo Bajo en Carbono,Factibilidad,0,,
68b22b132cb375c800b83bca,Proyecto Forestal CO2CERO,PDBC - Proyectos de Desarrollo Bajo en Carbono,Formulación,0,,
68b22b0e2cb375c800b83bc6,Parque Solar Caño Limón Phase 2 20 MW,PDBC - Proyectos de Desarrollo Bajo en Carbono,Formulación,0,,
68b22b082cb375c800b83bbf,"Proyecto de Mitigación Forestal Resguardo Indígena Tikuna, Cocama y Yagua (TICOYA)",Proyecto REDD+,Factibilidad,0,,
68b22b032cb375c800b83bbb,FAZNI-GGC-118-629-17,PDBC - Proyectos de Desarrollo Bajo en Carbono,Factibilidad,0,,
68b22afe2cb375c800b83bb7,FAZNI-GGC-115-626-17,PDBC - Proyectos de Desarrollo Bajo en Carbono,Factibilidad,0,,
68b22af92cb375c800b83bb3,FAZNI-GGC-121-625-17,PDBC - Proyectos de Desarrollo Bajo en Carbono,Factibilidad,0,,
68b22af42cb375c800b83baf,FAZNI-GGC-113-620-17,PDBC - Proyectos de Desarrollo Bajo en Carbono,Formulación,0,,
68b22aee2cb375c800b83bab,FAZNI-GGC-106-612-17,PDBC - Proyectos de Desarrollo Bajo en Carbono,Formulación,0,,
68b22ae92cb375c800b83ba7,FAZNI-GGC-083-546-17,PDBC - Proyectos de Desarrollo Bajo en Carbono,Formulación,0,,
68b22ae42cb375c800b83ba3,FAZNI-GGC-110-616-17,PDBC - Proyectos de Desarrollo Bajo en Carbono,Formulación,0,,
68b22adf2cb375c800b83b9f,"Introduction of the recovery and combustion of methane in the existing sludge treatment system of the Wastewater Treatment Plant of Cañaveralejo EMCALI in Cali, Colombia",MDL - Proyectos del Mecanismo de Desarrollo Limpio,Formulación,0,,
68b22ad92cb375c800b83b98,FAZNI-GGC-111-617-17,PDBC - Proyectos de Desarrollo Bajo en Carbono,Formulación,0,,
68b22ad42cb375c800b83b94,FAZNI-GGC-083-604-17,PDBC - Proyectos de Desarrollo Bajo en Carbono,Formulación,0,,
68b22acf2cb375c800b83b90,FAZNI-GGC-119-630-17,PDBC - Proyectos de Desarrollo Bajo en Carbono,Formulación,0,,
68b22aca2cb375c800b83b8c,FAZNI-GGC-081-544-17,PDBC - Proyectos de Desarrollo Bajo en Carbono,Formulación,0,,
68b22ac52cb375c800b83b88,FAZNI-GGC-116-627-17,PDBC - Proyectos de Desarrollo Bajo en Carbono,Factibilidad,0,,
68b22ac02cb375c800b83b84,FAZNI-GGC-112-619-17,PDBC - Proyectos de Desarrollo Bajo en Carbono,Formulación,0,,
68b22abb2cb375c800b83b80,FAZNI-GGC-098-597-17,PDBC - Proyectos de Desarrollo Bajo en Carbono,Formulación,0,,
68b22ab52cb375c800b83b7c,FAZNI-GGC-108-614-17,PDBC - Proyectos de Desarrollo Bajo en Carbono,Formulación,0,,
68b22ab02cb375c800b83b78,CO2Bio Proyecto 2,Proyecto REDD+,Formulación,0,,
68b22aaf2cb375c800b83b75,Cumare Carbon Proyect,PDBC - Proyectos de Desarrollo Bajo en Carbono,Factibilidad,0,,
68b22aaa2cb375c800b83b71,FAZNI-GGC-087-585-17,PDBC - Proyectos de Desarrollo Bajo en Carbono,Formulación,0,,
68b22aa92cb375c800b83b6e,DEIYIABENA REDD+ NUKAK,Proyecto REDD+,Factibilidad,0,,
68b22aa42cb375c800b83b6a,PCH LA NAVETA,PDBC - Proyectos de Desarrollo Bajo en Carbono,Factibilidad,0,,
68b22a9e2cb375c800b83b66,PROYECTO COMUNITARIO COCOMACIA REDD+ CHOCO / ANTIOQUIA COLOMBIA,Proyecto REDD+,Formulación,0,,
68b22a9d2cb375c800b83b63,Maloca Vaupes,Proyecto REDD+,Factibilidad,0,,
68b22a982cb375c800b83b5f,PROYECTO FORESTAL CO2CERO CASANARE _3_2021,PDBC - Proyectos de Desarrollo Bajo en Carbono,Formulación,0,,
68b22a932cb375c800b83b5b,CARBONO AGROPORVANDA,PDBC - Proyectos de Desarrollo Bajo en Carbono,Factibilidad,0,,
68b22a882cb375c800b83b53,KÚVAY MACÄRÖ VIDI REDD+ CARURÚ,Proyecto REDD+,Factibilidad,0,,
68b22a872cb375c800b83b50,FEMAWA REDD+ Parte Alta del Río Guainia,Proyecto REDD+,Factibilidad,0,,
68b22a822cb375c800b83b4c,FAZNI-GGC-122-643-17,PDBC - Proyectos de Desarrollo Bajo en Carbono,Formulación,0,,
68b22a7d2cb375c800b83b48,FAZNI-GGC-095-573-17,PDBC - Proyectos de Desarrollo Bajo en Carbono,Formulación,0,,
68b22a782cb375c800b83b44,FAZNI-GGC-397-16,PDBC - Proyectos de Desarrollo Bajo en Carbono,Formulación,0,,
68b22a722cb375c800b83b40,Proyecto Carbono Verde,PDBC - Proyectos de Desarrollo Bajo en Carbono,Formulación,0,,
68b22a722cb375c800b83b3d,Proyecto de Carbono en Bosques de Sabor y Aroma,PDBC - Proyectos de Desarrollo Bajo en Carbono,Factibilidad,0,,
68b22a6c2cb375c800b83b39,REDD+ Puerto Zábalo-Los Monos,Proyecto REDD+,Formulación,0,,
68b22a672cb375c800b83b35,REDD+ Monochoa,Proyecto REDD+,Formulación,0,,
68b22a612cb375c800b83b2e,Proyecto Solar Fotovoltaico Agrupado URRÁ S.A. E.S.P.,PDBC - Proyectos de Desarrollo Bajo en Carbono,Formulación,0,,
68b22a5c2cb375c800b83b2a,Ciclo Combinado Termoflores IV,PDBC - Proyectos de Desarrollo Bajo en Carbono,Formulación,0,,
68b22a572cb375c800b83b26,FAZNI-GGC-077-525-17,PDBC - Proyectos de Desarrollo Bajo en Carbono,Formulación,0,,
68b22a522cb375c800b83b22,FAZNI-GGC-117-628-17,PDBC - Proyectos de Desarrollo Bajo en Carbono,Formulación,0,,
68b22a512cb375c800b83b1f,Proyecto REDD+ del Bajo Atrato,Proyecto REDD+,Factibilidad,0,,
68b22a502cb375c800b83b1c,Nucleos Carbono,PDBC - Proyectos de Desarrollo Bajo en Carbono,Factibilidad,0,,
68b22a4b2cb375c800b83b18,Parque Solar Caño Limón Phase 1 20 MW,PDBC - Proyectos de Desarrollo Bajo en Carbono,Formulación,0,,
68b22a452cb375c800b83b11,Awakadaa Jiduaa,Proyecto REDD+,Factibilidad,0,,
68b22a3f2cb375c800b83b0d,Doña Juana Landfill Gas to Energy Project,PDBC - Programas de Desarrollo Bajo en Carbono,Factibilidad,0,,
68b22a392cb375c800b83b06,Proyecto Hidroeléctrico del río Amoyá,MDL - Proyectos del Mecanismo de Desarrollo Limpio,Formulación,0,,
68b22a322cb375c800b83af9,Proyecto REDD+ Baka Rokarire ~ia tir+~dito,Proyecto REDD+,Factibilidad,0,,
68b22a2c2cb375c800b83af2,Parque Eólico Guajira I,MDL - Proyectos del Mecanismo de Desarrollo Limpio,Formulación,0,,
68b22a1b2cb375c800b83ae3,Proyecto REDD+ Jocu Bucuro Apuro,Proyecto REDD+,Factibilidad,0,,
68b22a162cb375c800b83adf,Proyecto REDD+ Awakadaa Matsiadali,Proyecto REDD+,Factibilidad,0,,
68b22a0b2cb375c800b83ad7,PROYECTO ASOCIATIVO PROGRAMATICO ZONA ANDINA Y COSTA ATLANTICA -FCG,PDBC - Proyectos de Desarrollo Bajo en Carbono,Factibilidad,0,,
68b22a002cb375c800b83acc,Proyecto Forestal MAVALLE en plantaciones de Caucho natural,PDBC - Proyectos de Desarrollo Bajo en Carbono,Formulación,0,,
68b229fa2cb375c800b83ac8,Central Hidroeléctrica Cucuana,MDL - Proyectos del Mecanismo de Desarrollo Limpio,Formulación,0,,
68b229e92cb375c800b83ab9,"Cavadacav¿ Coreiv¿ Joc¿ B¿c¿ro R¿, N¿¿j¿ N¿ec¿vã Aiye Baquepe",Proyecto REDD+,Factibilidad,0,,
68b229e22cb375c800b83aaf,Proyecto de Conservación NAYA REDD+,Proyecto REDD+,Formulación,0,,
68b229dd2cb375c800b83aab,Infraestructuras Ecosistémicas REDD+ para los campesinos de Antioquia Colombia,Proyecto REDD+,Factibilidad,0,,
68b229cc2cb375c800b83a99,Makaro Ap+ro,Proyecto REDD+,Factibilidad,0,,
68b229be2cb375c800b83a85,Proyecto hidroeléctrico Barroso 20MW ,PDBC - Proyectos de Desarrollo Bajo en Carbono,Factibilidad,0,,
68b229b92cb375c800b83a81,Veolia LFG PTA Antanas landfill,PDBC - Programas de Desarrollo Bajo en Carbono,Factibilidad,0,,
68b229ae2cb375c800b83a79,Proyecto de Conservación PALAMEKU KUWEI REDD+,Proyecto REDD+,Formulación,0,,
68b229a92cb375c800b83a75,CO2Bio Proyecto 2- 2 ,Proyecto REDD+,Factibilidad,0,,
68b229a42cb375c800b83a71,Sombrilla Centrales Hidroeléctricas de Suba y Usaquén,PDBC - Proyectos de Desarrollo Bajo en Carbono,Implementación,0,,
68b2299e2cb375c800b83a6d,Pequeña Central hidroeléctrica Bajo Tuluá,MDL - Proyectos del Mecanismo de Desarrollo Limpio,Formulación,0,,
68b229942cb375c800b83a62,Proyecto Hidroeléctrico Sogamoso,MDL - Proyectos del Mecanismo de Desarrollo Limpio,Formulación,0,,
68b229872cb375c800b83a54,"Proyecto de mitigación en el sector del USCUSS por remociones debidas al establecimiento de sistemas forestales de Hevea brasiliensis en el municipio de Barrancabermeja, Santander, Colombia",PDBC - Proyectos de Desarrollo Bajo en Carbono,Formulación,0,,
68b229782cb375c800b83a48,Carbono Agroforestal La Argentina,PDBC - Proyectos de Desarrollo Bajo en Carbono,Factibilidad,0,,
68b229622cb375c800b83a35,Pequeña Central Hidroeléctrica Alto Tuluá,MDL - Proyectos del Mecanismo de Desarrollo Limpio,Formulación,0,,
68b229532cb375c800b83a29,"Proyecto de mitigación en el sector del USCUSS por remociones debidas al establecimiento de sistemas forestales de Hevea brasiliensis en los municipios de Sucre y el Peñón Santander, Colombia",PDBC - Proyectos de Desarrollo Bajo en Carbono,Formulación,0,,
68b2294d2cb375c800b83a25,Carbono Inmunizar,PDBC - Proyectos de Desarrollo Bajo en Carbono,Formulación,0,,
68b229dc2cb375c800b83aa8,Despacho técnico-económico de energía y vapor en la Refinería de Barrancabermeja-GRB,PDBC - Proyectos de Desarrollo Bajo en Carbono,Formulación,0,,
68b2293d2cb375c800b83a16,"Restauración de áreas degradadas y reforestación en Cáceres y Cravo Norte, Colombia",PDBC - Proyectos de Desarrollo Bajo en Carbono,Formulación,0,,
68b2292c2cb375c800b83a07,CO2BIO FASE I,Proyecto REDD+,Formulación,0,,
68b2290e2cb375c800b839ef,Proyecto carbono CAS,PDBC - Proyectos de Desarrollo Bajo en Carbono,Formulación,0,,
68b228c82cb375c800b839b5,Programa de Compensaciones de Gases de Efecto Invernadero (GEI) - Reforestadora Cacerí SA,PDBC - Proyectos de Desarrollo Bajo en Carbono,Factibilidad,0,,
68b228c32cb375c800b839b1,Proyecto de mitigación forestal  Bonanza Verde,PDBC - Proyectos de Desarrollo Bajo en Carbono,Implementación,0,,
68b228ae2cb375c800b839a1,Corredor de Conservación Chocó-Darién,Proyecto REDD+,Formulación,0,,
68b228882cb375c800b83982,Proyecto de Conservación KALIAWIRI REDD+,Proyecto REDD+,Formulación,0,,
68b2286c2cb375c800b83968,Sombrilla Centrales Hidroeléctricas de Suba y Usaquén,MDL - Proyectos del Mecanismo de Desarrollo Limpio,Formulación,0,,
68b228652cb375c800b8395e,Proyecto Carbono Sombrilla Abejorral,PDBC - Proyectos de Desarrollo Bajo en Carbono,Formulación,0,,
68b228202cb375c800b83924,Pequeña Central Hidroeléctrica Amaime,MDL - Proyectos del Mecanismo de Desarrollo Limpio,Formulación,0,,
68b228042cb375c800b8390a,Proyecto REDD+ Resguardo Indígena Unificado - Selva de Matavén (RIU-SM),Proyecto REDD+,Factibilidad,0,,
68b227f92cb375c800b838ff,PROYECTO FORESTAL NUCLEO VICHADA META CO2CERO,PDBC - Proyectos de Desarrollo Bajo en Carbono,Formulación,0,,
68b227f42cb375c800b838fb,"Planeta agradecido con el Gran resguardo indígena del Vaupés, proyecto 3",Proyecto REDD+,Formulación,0,,
68b227ee2cb375c800b838f7,Proyecto REDD+ Zona Isana y Surubí,Proyecto REDD+,Factibilidad,0,,
68b227e92cb375c800b838f3,"Planeta agradecido con el Gran resguardo indígena del Vaupés, proyecto 2",Proyecto REDD+,Formulación,0,,
68b227e42cb375c800b838ef,Planeta agradecido con el resguardo indígena CMARI,Proyecto REDD+,Formulación,0,,
68b227df2cb375c800b838eb,Planeta agradecido con el resguardo indígena Bajo Rio Guainía y Rio Negro II,Proyecto REDD+,Factibilidad,0,,
68b227c42cb375c800b838d4,Proyecto REDD+ en los Bosques de la cuenca del Rio Otún,Proyecto REDD+,Formulación,0,,
68b227be2cb375c800b838d0,"Planeta agradecido con el Gran resguardo indígena del Vaupés, proyecto 1",Proyecto REDD+,Formulación,0,,
68b227b92cb375c800b838cc,Proyecto Planeta agradecido con el resguardo indígena Bajo Rio Guainía y Rio Negro,Proyecto REDD+,Factibilidad,0,,
68b227b42cb375c800b838c8,Planeta agradecido con el resguardo indígena Bajo Río Guainía y Río Negro,Proyecto REDD+,Formulación,0,,
68b227ac2cb375c800b838bb,Proyecto Planeta Agradecido con el Resguardo Indígena CMARI,Proyecto REDD+,Factibilidad,0,,
68b20da12cb375c800b83892,EcoAcción MDL,MDL PoA - Programas de Actividades del Mecanismo de Desarrollo Limpio,Factibilidad,0,,
