COD_DANE,peso_psm,subclase
05001,1,1
05002,1,12
05004,0.7160714285714286,12
05021,0.5728571428571428,15
05030,0.17901785714285715,14
05031,3.819047619047619,50
05034,1,22
05036,0.17901785714285715,14
05038,1.0415584415584416,58
05040,5.728571428571429,24
05042,0.19095238095238096,3
05044,0.21216931216931215,44
05045,1.0415584415584416,58
05051,0.545578231292517,60
05055,0.2664451827242525,35
05059,0.09709443099273607,9
05079,1,30
05086,0.21216931216931215,44
05088,0.19095238095238096,3
05091,0.2664451827242525,35
05093,0.19095238095238096,3
05101,0.545578231292517,60
05107,1.0415584415584416,2
05113,0.21216931216931215,44
05120,1,41
05125,0.5207792207792208,10
05129,0.6030075187969924,61
05134,1,51
05138,0.6365079365079365,34
05142,0.2664451827242525,35
05145,0.09709443099273607,9
05147,0.8813186813186813,33
05148,0.2664451827242525,35
05150,0.5728571428571428,30
05154,1.1457142857142857,59
05172,1.4321428571428572,38
05190,0.21216931216931215,44
05197,2.8642857142857143,39
05206,0.545578231292517,60
05209,0.21216931216931215,44
05212,0.09709443099273607,9
05234,2.8642857142857143,47
05237,1.1457142857142857,48
05240,0.17901785714285715,14
05250,2.2914285714285714,31
05264,0.21216931216931215,44
05266,0.19095238095238096,3
05282,0.19095238095238096,3
05284,2.8642857142857143,46
05306,0.09709443099273607,9
05308,0.09709443099273607,9
05310,1.0415584415584416,2
05313,0.2664451827242525,35
05315,1.1457142857142857,48
05318,0.17901785714285715,14
05321,0.19095238095238096,3
05347,0.09709443099273607,9
05353,0.17901785714285715,14
05361,2.2914285714285714,28
05364,1,61
05368,0.21216931216931215,44
05376,1.0415584415584416,32
05380,0.22914285714285712,18
05400,0.6030075187969924,16
05411,0.19095238095238096,3
05425,1.0415584415584416,58
05440,0.21216931216931215,44
05467,0.09709443099273607,9
05475,11.457142857142857,43
05480,1,63
05483,0.7160714285714286,12
05490,1.1457142857142857,59
05495,2.8642857142857143,46
05541,0.5207792207792208,10
05543,0.2664451827242525,35
05576,0.22914285714285712,18
05579,1,64
05585,1.273015873015873,51
05591,0.5728571428571428,30
05604,2.2914285714285714,28
05607,0.2664451827242525,35
05615,0.19095238095238096,3
05628,0.6030075187969924,61
05642,0.5728571428571428,30
05647,0.6365079365079365,34
05649,2.8642857142857143,46
05652,1.1457142857142857,59
05656,0.09709443099273607,9
05658,0.09709443099273607,9
05659,0.19095238095238096,3
05660,2.8642857142857143,47
05664,0.17901785714285715,14
05665,0.6030075187969924,61
05667,1.0415584415584416,58
05670,1,2
05674,0.8813186813186813,49
05679,1,3
05686,1.0415584415584416,58
05690,2.8642857142857143,39
05697,0.17901785714285715,14
05736,2.8642857142857143,47
05756,1,4
05761,0.09709443099273607,9
05789,0.19095238095238096,3
05790,2.2914285714285714,31
05792,0.09709443099273607,9
05809,0.09709443099273607,9
05819,0.19095238095238096,3
05837,1,5
05842,0.2664451827242525,35
05847,2.2914285714285714,7
05854,2.8642857142857143,47
05856,0.17901785714285715,14
05858,1,6
05861,0.21216931216931215,44
05873,2.8642857142857143,27
05885,1.0415584415584416,2
05887,1.1457142857142857,59
05890,1.0415584415584416,64
05893,1,7
05895,2.8642857142857143,25
08001,1,8
08078,0.5728571428571428,8
08296,1.0415584415584416,19
08372,0.22914285714285712,18
08549,0.22914285714285712,18
08606,0.5728571428571428,8
08638,1.0415584415584416,32
08832,0.09709443099273607,9
11001,2.2914285714285714,7
13001,0.21216931216931215,44
13006,1.273015873015873,51
13030,0.19095238095238096,3
13042,0.2664451827242525,35
13052,0.21216931216931215,44
13074,0.19095238095238096,3
13140,0.09709443099273607,9
13160,1.273015873015873,51
13212,0.09709443099273607,9
13244,1.1457142857142857,48
13248,0.21216931216931215,44
13268,0.19095238095238096,3
13300,0.09709443099273607,9
13430,0.19095238095238096,3
13433,0.09709443099273607,9
13440,0.09709443099273607,9
13442,0.6030075187969924,16
13458,11.457142857142857,26
13468,0.09709443099273607,9
13473,2.8642857142857143,39
13490,0.6030075187969924,61
13549,1.6367346938775509,36
13580,0.17901785714285715,14
13600,1.1457142857142857,48
13650,0.09709443099273607,9
13654,0.6030075187969924,16
13655,1.4321428571428572,42
13657,0.6030075187969924,61
13667,0.6030075187969924,61
13670,1.4321428571428572,38
13673,0.22914285714285712,18
13683,0.5728571428571428,8
13688,1.0415584415584416,64
13744,2.2914285714285714,45
13810,2.8642857142857143,22
13836,0.22914285714285712,18
13838,1.0415584415584416,19
13873,0.22914285714285712,18
13894,0.17901785714285715,14
15022,0.09709443099273607,9
15047,0.2664451827242525,35
15090,0.22914285714285712,18
15106,0.8813186813186813,49
15109,0.22914285714285712,18
15135,0.6030075187969924,16
15172,0.5728571428571428,8
15176,1.0415584415584416,19
15180,0.5207792207792208,10
15183,1.1457142857142857,48
15185,0.19095238095238096,3
15212,0.17901785714285715,14
15223,1.0415584415584416,64
15236,1,9
15238,0.17901785714285715,14
15299,0.09709443099273607,9
15325,0.22914285714285712,18
15332,0.19095238095238096,3
15377,0.2664451827242525,35
15401,0.5728571428571428,8
15425,0.09709443099273607,9
15442,0.19095238095238096,3
15455,0.21216931216931215,44
15464,0.8813186813186813,49
15469,0.8813186813186813,49
15480,0.21216931216931215,44
15507,0.6365079365079365,34
15514,1.1457142857142857,48
15516,0.17901785714285715,14
15518,0.545578231292517,60
15531,1.0415584415584416,32
15533,0.545578231292517,60
15542,0.5728571428571428,8
15550,0.545578231292517,60
15572,0.8813186813186813,33
15580,0.6030075187969924,16
15599,0.5728571428571428,8
15621,0.09709443099273607,9
15632,0.22914285714285712,18
15660,0.17901785714285715,14
15664,0.21216931216931215,44
15667,0.5728571428571428,30
15681,0.8813186813186813,49
15686,0.19095238095238096,3
15690,0.17901785714285715,14
15755,0.7160714285714286,12
15761,0.22914285714285712,18
15763,0.09709443099273607,9
15790,0.22914285714285712,18
15816,0.17901785714285715,14
15832,0.09709443099273607,9
15897,0.21216931216931215,44
17001,0.2664451827242525,35
17013,0.5207792207792208,10
17042,0.19095238095238096,3
17050,0.09709443099273607,9
17088,0.19095238095238096,3
17174,1,10
17272,0.09709443099273607,9
17380,0.2664451827242525,35
17433,0.6030075187969924,16
17444,0.6030075187969924,16
17446,0.17901785714285715,14
17486,0.5207792207792208,10
17495,1.0415584415584416,2
17513,0.5207792207792208,10
17524,0.19095238095238096,3
17541,0.6365079365079365,34
17614,0.545578231292517,60
17616,0.17901785714285715,14
17653,0.21216931216931215,44
17662,1.0415584415584416,64
17665,0.09709443099273607,9
17777,0.17901785714285715,14
17867,0.7638095238095238,37
17873,1.6367346938775509,36
17877,0.21216931216931215,44
18001,2.8642857142857143,25
18029,2.8642857142857143,39
18094,2.2914285714285714,31
18150,1,11
18205,1.273015873015873,51
18247,2.2914285714285714,7
18256,3.819047619047619,41
18410,11.457142857142857,62
18460,2.8642857142857143,40
18479,0.6365079365079365,34
18592,5.728571428571429,55
18610,2.8642857142857143,40
18753,3.819047619047619,56
18785,0.7638095238095238,37
18860,1.1457142857142857,59
19001,0.2664451827242525,35
19022,0.17901785714285715,14
19050,1.4321428571428572,38
19075,0.5728571428571428,30
19100,0.8813186813186813,33
19110,0.2664451827242525,35
19130,1.0415584415584416,2
19137,0.7160714285714286,12
19142,0.17901785714285715,14
19212,0.6030075187969924,61
19256,3.819047619047619,29
19290,0.09709443099273607,9
19318,1,13
19355,0.2664451827242525,35
19364,0.21216931216931215,44
19392,1,14
19397,0.5728571428571428,15
19450,0.17901785714285715,14
19455,0.09709443099273607,9
19473,0.7160714285714286,12
19517,2.8642857142857143,4
19532,0.2664451827242525,35
19533,5.728571428571429,57
19548,0.5207792207792208,10
19585,1,15
19622,0.17901785714285715,14
19693,0.6030075187969924,16
19698,0.2664451827242525,35
19701,0.6365079365079365,34
19743,0.6030075187969924,61
19760,0.7160714285714286,12
19780,1.0415584415584416,58
19785,0.6030075187969924,61
19807,0.8813186813186813,49
19809,3.819047619047619,56
19821,0.6030075187969924,16
19824,0.17901785714285715,14
20001,3.819047619047619,50
20011,0.19095238095238096,3
20013,0.8813186813186813,33
20032,0.19095238095238096,3
20045,0.2664451827242525,35
20060,0.09709443099273607,9
20175,2.2914285714285714,45
20178,0.2664451827242525,35
20228,0.545578231292517,60
20238,0.545578231292517,60
20250,1.6367346938775509,36
20383,1,16
20400,0.5728571428571428,15
20443,0.6030075187969924,61
20517,0.7160714285714286,12
20550,0.5207792207792208,10
20570,1,17
20614,0.21216931216931215,44
20621,0.2664451827242525,35
20710,0.5207792207792208,10
20750,0.5728571428571428,30
20770,0.6030075187969924,61
20787,1.0415584415584416,32
23001,0.545578231292517,60
23068,1.0415584415584416,58
23079,0.19095238095238096,3
23090,0.17901785714285715,14
23182,0.09709443099273607,9
23189,0.19095238095238096,3
23350,0.09709443099273607,9
23417,0.17901785714285715,14
23419,0.17901785714285715,14
23466,0.7638095238095238,37
23500,0.5728571428571428,8
23555,0.21216931216931215,44
23570,0.5207792207792208,10
23574,0.09709443099273607,9
23580,1.0415584415584416,64
23660,0.09709443099273607,9
23672,1,18
23675,1.0415584415584416,19
23678,0.5728571428571428,30
23682,0.6365079365079365,34
23686,1.0415584415584416,19
23807,3.819047619047619,29
23855,0.5728571428571428,30
25053,0.22914285714285712,18
25086,0.17901785714285715,14
25120,0.09709443099273607,9
25148,0.545578231292517,60
25168,0.09709443099273607,9
25181,1.0415584415584416,19
25183,0.22914285714285712,18
25245,1.0415584415584416,19
25258,0.17901785714285715,14
25279,0.09709443099273607,9
25290,0.22914285714285712,18
25293,1.0415584415584416,32
25297,0.17901785714285715,14
25299,0.5728571428571428,8
25307,0.22914285714285712,18
25312,0.09709443099273607,9
25320,0.545578231292517,60
25322,0.09709443099273607,9
25324,0.5728571428571428,8
25335,0.545578231292517,60
25339,0.19095238095238096,3
25368,0.09709443099273607,9
25372,0.17901785714285715,14
25377,0.22914285714285712,18
25394,0.19095238095238096,3
25398,0.09709443099273607,9
25402,0.09709443099273607,9
25426,0.22914285714285712,18
25438,1.4321428571428572,42
25483,0.21216931216931215,44
25488,0.09709443099273607,9
25489,0.22914285714285712,18
25491,0.5728571428571428,8
25506,0.09709443099273607,9
25513,0.21216931216931215,44
25518,0.19095238095238096,3
25524,0.22914285714285712,18
25530,0.8813186813186813,33
25535,1.0415584415584416,19
25572,1.0415584415584416,32
25580,0.09709443099273607,9
25592,0.5728571428571428,8
25594,0.09709443099273607,9
25649,0.09709443099273607,9
25653,0.17901785714285715,14
25658,0.6030075187969924,61
25662,0.09709443099273607,9
25718,0.09709443099273607,9
25777,0.09709443099273607,9
25793,1,19
25815,0.09709443099273607,9
25823,0.21216931216931215,44
25839,0.21216931216931215,44
25851,0.22914285714285712,18
25862,0.09709443099273607,9
25871,0.22914285714285712,18
25875,0.09709443099273607,9
25878,0.09709443099273607,9
25885,1.0415584415584416,2
25899,0.22914285714285712,18
27006,1,20
27025,1,21
27050,1,63
27073,11.457142857142857,5
27075,3.819047619047619,50
27099,11.457142857142857,21
27135,1,13
27150,1,23
27160,1,24
27205,1,25
27245,1.4321428571428572,38
27250,11.457142857142857,23
27372,1,26
27413,1,13
27425,57.285714285714285,13
27450,3.819047619047619,56
27491,1,27
27495,1,28
27580,2.2914285714285714,28
27600,1,13
27615,1,29
27660,0.8813186813186813,33
27745,1.4321428571428572,38
27787,5.728571428571429,55
27800,1,31
27810,2.8642857142857143,25
41001,0.2664451827242525,35
41006,0.545578231292517,60
41013,0.17901785714285715,14
41016,0.19095238095238096,3
41020,0.5728571428571428,15
41026,0.09709443099273607,9
41078,0.21216931216931215,44
41132,0.17901785714285715,14
41206,0.2664451827242525,35
41298,0.5728571428571428,15
41306,0.6030075187969924,16
41319,0.5728571428571428,30
41357,0.5207792207792208,10
41359,0.6030075187969924,16
41378,1,32
41396,0.2664451827242525,35
41483,0.22914285714285712,18
41503,0.17901785714285715,14
41518,0.21216931216931215,44
41524,0.5207792207792208,10
41530,0.8813186813186813,49
41548,0.09709443099273607,9
41551,0.2664451827242525,35
41615,0.09709443099273607,9
41660,0.5728571428571428,15
41668,1,33
41676,0.5207792207792208,10
41770,1.0415584415584416,32
41791,0.19095238095238096,3
41797,0.21216931216931215,44
41799,0.21216931216931215,44
41801,0.6030075187969924,16
41807,0.09709443099273607,9
41885,0.09709443099273607,9
44001,1.0415584415584416,64
44035,1.1457142857142857,59
44078,0.5728571428571428,15
44090,1.4321428571428572,42
44098,0.09709443099273607,9
44110,0.19095238095238096,3
44279,1.0415584415584416,32
44378,0.09709443099273607,9
44420,0.17901785714285715,14
44430,1.0415584415584416,32
44650,1.1457142857142857,48
44855,0.21216931216931215,44
44874,0.09709443099273607,9
47001,2.2914285714285714,7
47030,0.09709443099273607,9
47053,1.0415584415584416,64
47058,0.17901785714285715,14
47170,1.0415584415584416,32
47189,1,34
47245,0.545578231292517,60
47258,0.09709443099273607,9
47268,0.21216931216931215,44
47288,0.2664451827242525,35
47318,0.19095238095238096,3
47460,0.5728571428571428,8
47541,0.22914285714285712,18
47545,0.09709443099273607,9
47551,1,35
47555,0.8813186813186813,49
47570,0.17901785714285715,14
47605,0.19095238095238096,3
47660,0.545578231292517,60
47675,0.22914285714285712,18
47692,0.17901785714285715,14
47703,0.5728571428571428,8
47707,0.09709443099273607,9
47745,0.09709443099273607,9
47798,0.17901785714285715,14
47960,0.09709443099273607,9
47980,0.5728571428571428,30
50001,1.1457142857142857,59
50006,1.4321428571428572,38
50110,0.5728571428571428,30
50124,1,36
50150,0.5728571428571428,30
50223,2.8642857142857143,22
50226,0.5728571428571428,30
50245,0.6030075187969924,61
50251,0.6365079365079365,34
50270,0.21216931216931215,44
50287,0.7160714285714286,12
50313,0.6030075187969924,61
50318,0.09709443099273607,9
50325,2.2914285714285714,28
50330,2.8642857142857143,4
50350,5.728571428571429,57
50370,3.819047619047619,41
50400,0.6365079365079365,34
50450,1.273015873015873,51
50568,1.0415584415584416,64
50573,1,37
50577,1.4321428571428572,38
50590,1,38
50606,0.7160714285714286,12
50680,0.2664451827242525,35
50683,2.8642857142857143,22
50686,0.21216931216931215,44
50689,1,39
50711,2.2914285714285714,7
52001,1.0415584415584416,2
52079,11.457142857142857,53
52110,1.0415584415584416,32
52207,0.09709443099273607,9
52215,0.22914285714285712,18
52227,0.6030075187969924,61
52233,0.5728571428571428,15
52240,1.0415584415584416,19
52250,1,40
52256,0.5728571428571428,30
52258,0.17901785714285715,14
52260,0.5728571428571428,30
52287,0.5728571428571428,30
52356,0.8813186813186813,33
52378,0.09709443099273607,9
52381,0.09709443099273607,9
52385,0.6030075187969924,16
52390,0.2664451827242525,35
52399,0.8813186813186813,49
52405,0.21216931216931215,44
52418,0.8813186813186813,33
52427,2.2914285714285714,31
52435,0.2664451827242525,35
52473,0.19095238095238096,3
52490,1,42
52520,0.2664451827242525,35
52540,0.5728571428571428,15
52560,0.5728571428571428,15
52573,0.7160714285714286,12
52612,0.7160714285714286,12
52621,1.0415584415584416,64
52678,0.6365079365079365,34
52683,0.09709443099273607,9
52687,0.09709443099273607,9
52693,0.09709443099273607,9
52696,0.7638095238095238,37
52699,1.6367346938775509,36
52788,0.09709443099273607,9
52835,1,43
52838,0.22914285714285712,18
54001,1.4321428571428572,42
54003,0.6365079365079365,34
54051,0.7160714285714286,12
54099,0.09709443099273607,9
54109,0.21216931216931215,44
54125,0.22914285714285712,18
54128,0.5728571428571428,15
54172,0.09709443099273607,9
54174,0.6365079365079365,34
54206,1.4321428571428572,42
54223,0.19095238095238096,3
54239,0.09709443099273607,9
54245,11.457142857142857,52
54250,0.7638095238095238,37
54261,0.5207792207792208,10
54313,0.22914285714285712,18
54344,0.5728571428571428,15
54377,0.21216931216931215,44
54385,0.2664451827242525,35
54398,0.17901785714285715,14
54480,0.22914285714285712,18
54498,0.6030075187969924,16
54518,1,44
54520,0.22914285714285712,18
54660,1.6367346938775509,36
54670,0.19095238095238096,3
54673,0.09709443099273607,9
54720,1.273015873015873,51
54743,0.5728571428571428,8
54800,0.7638095238095238,37
54810,1.273015873015873,51
54820,1.4321428571428572,42
54871,0.19095238095238096,3
63001,0.17901785714285715,14
63111,0.22914285714285712,18
63130,0.21216931216931215,44
63190,0.09709443099273607,9
63272,0.17901785714285715,14
63302,0.21216931216931215,44
63401,0.5728571428571428,8
63470,0.09709443099273607,9
63548,0.5207792207792208,10
63594,0.17901785714285715,14
63690,0.6030075187969924,16
66001,0.8813186813186813,33
66045,0.545578231292517,60
66075,0.21216931216931215,44
66088,0.5207792207792208,10
66170,0.17901785714285715,14
66318,0.09709443099273607,9
66383,0.19095238095238096,3
66440,0.19095238095238096,3
66456,0.6365079365079365,34
66572,0.7638095238095238,37
66594,0.19095238095238096,3
66682,1,45
66687,0.5728571428571428,30
68001,0.09709443099273607,9
68013,0.21216931216931215,44
68020,0.5728571428571428,15
68077,0.17901785714285715,14
68079,0.5728571428571428,8
68081,1,46
68092,1.1457142857142857,48
68101,1.0415584415584416,64
68121,0.09709443099273607,9
68152,0.09709443099273607,9
68162,0.09709443099273607,9
68167,0.545578231292517,60
68169,0.22914285714285712,18
68179,0.09709443099273607,9
68190,1,47
68207,0.19095238095238096,3
68209,0.09709443099273607,9
68211,0.6030075187969924,16
68217,0.2664451827242525,35
68229,0.21216931216931215,44
68235,0.8813186813186813,33
68245,0.19095238095238096,3
68250,0.5728571428571428,30
68255,1.1457142857142857,48
68264,0.5728571428571428,15
68271,0.21216931216931215,44
68276,0.5728571428571428,8
68296,0.19095238095238096,3
68298,0.2664451827242525,35
68307,0.6030075187969924,16
68318,0.09709443099273607,9
68320,0.19095238095238096,3
68322,0.17901785714285715,14
68324,0.21216931216931215,44
68327,0.22914285714285712,18
68344,0.19095238095238096,3
68368,0.09709443099273607,9
68377,0.6365079365079365,34
68385,0.7638095238095238,37
68397,0.09709443099273607,9
68406,0.545578231292517,60
68444,0.21216931216931215,44
68464,1,48
68468,0.5728571428571428,8
68498,0.17901785714285715,14
68500,0.2664451827242525,35
68502,0.5207792207792208,10
68524,0.09709443099273607,9
68533,0.09709443099273607,9
68547,0.19095238095238096,3
68572,0.19095238095238096,3
68573,1.4321428571428572,42
68575,0.7638095238095238,37
68615,1.273015873015873,51
68655,0.7638095238095238,37
68669,0.19095238095238096,3
68673,0.17901785714285715,14
68679,0.17901785714285715,14
68682,0.09709443099273607,9
68689,0.7638095238095238,37
68705,0.21216931216931215,44
68720,3.819047619047619,17
68745,1.1457142857142857,59
68755,0.17901785714285715,14
68770,0.5728571428571428,30
68773,2.2914285714285714,45
68780,0.5207792207792208,10
68820,0.22914285714285712,18
68855,0.09709443099273607,9
68861,2.8642857142857143,22
68895,0.17901785714285715,14
70001,0.09709443099273607,9
70124,0.21216931216931215,44
70204,0.22914285714285712,18
70230,0.5728571428571428,8
70233,0.22914285714285712,18
70235,1.0415584415584416,19
70265,0.6030075187969924,61
70400,0.8813186813186813,49
70429,1.6367346938775509,36
70508,0.19095238095238096,3
70678,0.5728571428571428,15
70708,0.6030075187969924,61
70713,0.6030075187969924,61
70771,0.8813186813186813,33
70820,0.22914285714285712,18
70823,0.22914285714285712,18
73001,0.6365079365079365,34
73024,0.09709443099273607,9
73026,0.17901785714285715,14
73030,0.22914285714285712,18
73043,1,49
73055,0.19095238095238096,3
73067,0.2664451827242525,35
73124,0.5207792207792208,10
73148,1.0415584415584416,19
73152,0.17901785714285715,14
73168,0.8813186813186813,33
73200,0.09709443099273607,9
73217,0.09709443099273607,9
73226,0.6030075187969924,16
73236,0.21216931216931215,44
73270,0.5207792207792208,10
73283,0.5728571428571428,15
73319,0.22914285714285712,18
73347,0.5728571428571428,15
73349,0.19095238095238096,3
73352,0.17901785714285715,14
73408,0.17901785714285715,14
73411,0.19095238095238096,3
73443,0.2664451827242525,35
73449,0.22914285714285712,18
73461,0.09709443099273607,9
73483,0.09709443099273607,9
73504,0.6030075187969924,61
73520,0.09709443099273607,9
73547,0.09709443099273607,9
73555,1.273015873015873,51
73563,0.21216931216931215,44
73585,0.17901785714285715,14
73616,3.819047619047619,17
73622,0.5207792207792208,10
73624,0.7160714285714286,12
73675,0.19095238095238096,3
73678,0.2664451827242525,35
73686,0.09709443099273607,9
73770,0.2664451827242525,35
73854,0.22914285714285712,18
73861,0.17901785714285715,14
73870,0.21216931216931215,44
73873,0.17901785714285715,14
76001,11.457142857142857,1
76020,0.22914285714285712,18
76036,0.09709443099273607,9
76041,0.19095238095238096,3
76054,0.8813186813186813,49
76100,1.0415584415584416,58
76111,0.5728571428571428,15
76113,0.21216931216931215,44
76122,0.17901785714285715,14
76126,0.7638095238095238,37
76147,0.09709443099273607,9
76233,0.8813186813186813,33
76243,0.21216931216931215,44
76246,0.17901785714285715,14
76248,0.5207792207792208,10
76250,0.09709443099273607,9
76275,0.19095238095238096,3
76306,0.21216931216931215,44
76318,0.09709443099273607,9
76364,0.6365079365079365,34
76377,0.17901785714285715,14
76400,0.09709443099273607,9
76403,0.21216931216931215,44
76497,0.22914285714285712,18
76520,0.2664451827242525,35
76563,0.19095238095238096,3
76606,1.1457142857142857,48
76616,0.7160714285714286,12
76622,0.22914285714285712,18
76670,0.19095238095238096,3
76736,0.5728571428571428,30
76823,0.22914285714285712,18
76828,0.8813186813186813,49
76834,2.2914285714285714,45
76863,0.09709443099273607,9
76869,0.22914285714285712,18
76890,0.17901785714285715,14
76892,0.09709443099273607,9
76895,0.09709443099273607,9
81001,0.2664451827242525,35
81065,2.8642857142857143,4
81220,0.19095238095238096,3
81300,1.0415584415584416,2
81591,0.7160714285714286,12
81736,1.0415584415584416,64
81794,1.4321428571428572,38
85001,1.1457142857142857,59
85010,1.0415584415584416,58
85015,0.545578231292517,60
85125,2.2914285714285714,45
85136,1.6367346938775509,36
85139,0.6365079365079365,34
85162,0.2664451827242525,35
85225,0.6365079365079365,34
85230,0.5728571428571428,15
85250,1.0415584415584416,58
85263,0.7160714285714286,12
85279,0.6030075187969924,16
85300,0.8813186813186813,49
85315,0.545578231292517,60
85325,0.2664451827242525,35
85400,1.4321428571428572,42
85410,3.819047619047619,17
85430,0.2664451827242525,35
85440,0.21216931216931215,44
86001,2.8642857142857143,40
86320,0.7638095238095238,37
86568,1.0415584415584416,58
86569,2.8642857142857143,4
86571,3.819047619047619,20
86573,22.914285714285715,11
86749,0.09709443099273607,9
86755,0.7638095238095238,37
86757,0.09709443099273607,9
86760,0.19095238095238096,3
86865,0.5728571428571428,15
86885,2.8642857142857143,25
88001,0.09709443099273607,9
91001,2.2914285714285714,28
91263,3.819047619047619,29
91405,1,11
91407,22.914285714285715,63
91430,11.457142857142857,6
91460,11.457142857142857,54
91530,3.819047619047619,41
91536,2.8642857142857143,27
91540,1.0415584415584416,2
91669,1,50
91798,2.8642857142857143,27
94001,1,52
94343,3.819047619047619,20
94883,2.2914285714285714,31
94884,1.0415584415584416,2
94885,0.7638095238095238,37
94886,2.8642857142857143,46
94887,3.819047619047619,20
94888,1,53
95001,1,54
95015,1.0415584415584416,2
95025,1,55
95200,1.1457142857142857,59
97001,1,56
97161,1,57
97511,1,13
97666,2.8642857142857143,27
97777,5.728571428571429,24
97889,2.8642857142857143,40
99001,1,58
99524,1,59
99624,1,60
99773,1,62
