COD_DANE,NOMBRE_MPI,DPTO_CNMBR,tratado,ps,fuera_soporte,ps_extremo
08001,BARRANQUILLA,ATLÁNTICO,1,0.0012601503761110974,FALSE,TRUE
23672,SAN ANTERO,CÓRDOBA,1,0.00250950550367366,FALSE,TRUE
15236,CHIVOR,BOYACÁ,1,0.002755984380273032,FALSE,TRUE
68464,MOGOTES,SANTANDER,1,0.015438731648523874,FALSE,FALSE
66682,SANTA ROSA DE CABAL,RISARALDA,1,0.01730501966808294,FALSE,FALSE
19585,PURACÉ,CAUCA,1,0.018296413321393683,FALSE,FALSE
05134,CAMPAMENTO,ANTIOQUIA,1,0.02805994910247265,FALSE,FALSE
05893,YONDÓ,ANTIOQUIA,1,0.056381562724911155,FALSE,FALSE
52490,OLAYA HERRERA,NARIÑO,1,0.06842598737844276,FALSE,FALSE
41668,SAN AGUSTÍN,HUILA,1,0.07139807895401791,FALSE,FALSE
50590,PUERTO RICO,META,1,0.08504634664724077,FALSE,FALSE
27800,UNGUÍA,CHOCÓ,1,0.12971312890156916,FALSE,FALSE
05480,MUTATÁ,ANTIOQUIA,1,0.16827770856937915,FALSE,FALSE
52835,SAN ANDRÉS DE TUMACO,NARIÑO,1,0.16882266618400227,FALSE,FALSE
91669,PUERTO SANTANDER,AMAZONAS,1,0.18005365000416898,FALSE,FALSE
27495,NUQUÍ,CHOCÓ,1,0.18801947580511147,FALSE,FALSE
97161,CARURÚ,VAUPÉS,1,0.19947045582245831,FALSE,FALSE
27006,ACANDÍ,CHOCÓ,1,0.21730282075112076,FALSE,FALSE
94888,MORICHAL,GUAINÍA,1,0.22287570099659942,FALSE,FALSE
27205,CONDOTO,CHOCÓ,1,0.22483371109414751,FALSE,FALSE
27600,RÍO QUITO,CHOCÓ,1,0.2748494716762468,FALSE,FALSE
27025,ALTO BAUDÓ,CHOCÓ,1,0.280911261588035,FALSE,FALSE
27150,CARMEN DEL DARIÉN,CHOCÓ,1,0.29600503648161114,FALSE,FALSE
97511,PACOA,VAUPÉS,1,0.3309060646773172,FALSE,FALSE
99773,CUMARIBO,VICHADA,1,0.33444480894821677,FALSE,FALSE
27050,ATRATO,CHOCÓ,1,0.3393281588934695,FALSE,FALSE
18150,CARTAGENA DEL CHAIRÁ,CAQUETÁ,1,0.3528109185955031,FALSE,FALSE
94001,INÍRIDA,GUAINÍA,1,0.3541168317132698,FALSE,FALSE
27615,RIOSUCIO,CHOCÓ,1,0.36508632415933245,FALSE,FALSE
97001,MITÚ,VAUPÉS,1,0.42141246464118776,FALSE,FALSE
19318,GUAPI,CAUCA,1,0.4469388054042253,FALSE,FALSE
91405,LA CHORRERA,AMAZONAS,1,0.4541515282429585,FALSE,FALSE
27001,QUIBDÓ,CHOCÓ,1,0.5268554202784932,FALSE,FALSE
27430,MEDIO BAUDÓ,CHOCÓ,1,0.5571366235047784,FALSE,FALSE
18756,SOLANO,CAQUETÁ,1,0.6762243307035141,FALSE,FALSE
27077,BAJO BAUDÓ,CHOCÓ,1,0.7469745487015607,TRUE,FALSE
27361,ISTMINA,CHOCÓ,1,0.7538036833535108,TRUE,FALSE
19418,LÓPEZ DE MICAY,CAUCA,1,0.7895402448310535,TRUE,FALSE
76109,BUENAVENTURA,VALLE DEL CAUCA,1,0.8041206681583303,TRUE,FALSE
15187,CHIVATÁ,BOYACÁ,0,4.12927091475097e-5,TRUE,TRUE
15762,SORA,BOYACÁ,0,5.1543386818425114e-5,TRUE,TRUE
15638,SÁCHICA,BOYACÁ,0,6.719094247745894e-5,TRUE,TRUE
15764,SORACÁ,BOYACÁ,0,1.0037409455081294e-4,TRUE,TRUE
68872,VILLANUEVA,SANTANDER,0,1.134497172605689e-4,TRUE,TRUE
15224,CUCAITA,BOYACÁ,0,1.1654174369053473e-4,TRUE,TRUE
15476,MOTAVITA,BOYACÁ,0,1.1664296126943569e-4,TRUE,TRUE
15500,OICATÁ,BOYACÁ,0,1.3192430486642503e-4,TRUE,TRUE
15104,BOYACÁ,BOYACÁ,0,1.568093559329728e-4,TRUE,TRUE
73275,FLANDES,TOLIMA,0,1.588131118820844e-4,TRUE,TRUE
08634,SABANAGRANDE,ATLÁNTICO,0,1.5929767107181235e-4,TRUE,TRUE
15001,TUNJA,BOYACÁ,0,1.9807139897619894e-4,TRUE,TRUE
15272,FIRAVITOBA,BOYACÁ,0,2.003285768199457e-4,TRUE,TRUE
08770,SUAN,ATLÁNTICO,0,2.0150782269338203e-4,TRUE,TRUE
08137,CAMPO DE LA CRUZ,ATLÁNTICO,0,2.070763381529974e-4,TRUE,TRUE
15362,IZA,BOYACÁ,0,2.1893264833729186e-4,TRUE,TRUE
15114,BUSBANZÁ,BOYACÁ,0,2.1991247655736123e-4,TRUE,TRUE
15367,JENESANO,BOYACÁ,0,2.2641154839686274e-4,TRUE,TRUE
25286,FUNZA,CUNDINAMARCA,0,2.2798863379975943e-4,TRUE,TRUE
70717,SAN PEDRO,SUCRE,0,2.3469608046082006e-4,TRUE,TRUE
08758,SOLEDAD,ATLÁNTICO,0,2.4918888090751714e-4,TRUE,TRUE
15226,CUÍTIVA,BOYACÁ,0,2.5565397628004205e-4,TRUE,TRUE
08675,SANTA LUCÍA,ATLÁNTICO,0,2.6343879047085263e-4,TRUE,TRUE
25126,CAJICÁ,CUNDINAMARCA,0,2.685979639952637e-4,TRUE,TRUE
25214,COTA,CUNDINAMARCA,0,2.76466905059626e-4,TRUE,TRUE
25260,EL ROSAL,CUNDINAMARCA,0,2.783310008855306e-4,TRUE,TRUE
76130,CANDELARIA,VALLE DEL CAUCA,0,2.933974001627864e-4,TRUE,TRUE
15835,TURMEQUÉ,BOYACÁ,0,2.943610117174469e-4,TRUE,TRUE
15494,NUEVO COLÓN,BOYACÁ,0,2.9883804162852544e-4,TRUE,TRUE
25898,ZIPACÓN,CUNDINAMARCA,0,3.0125004870516363e-4,TRUE,TRUE
23300,COTORRA,CÓRDOBA,0,3.0401784233974316e-4,TRUE,TRUE
19845,VILLA RICA,CAUCA,0,3.101771488566111e-4,TRUE,TRUE
08558,POLONUEVO,ATLÁNTICO,0,3.1616886537446536e-4,TRUE,TRUE
25295,GACHANCIPÁ,CUNDINAMARCA,0,3.166091538481311e-4,TRUE,TRUE
13620,SAN CRISTÓBAL,BOLÍVAR,0,3.1726885670525665e-4,TRUE,TRUE
63212,CÓRDOBA,QUINDÍO,0,3.289408139739367e-4,TRUE,TRUE
08685,SANTO TOMÁS,ATLÁNTICO,0,3.4036173227351403e-4,TRUE,TRUE
15778,SUTATENZA,BOYACÁ,0,3.5483099371331583e-4,TRUE,TRUE
19513,PADILLA,CAUCA,0,3.579223338156751e-4,TRUE,TRUE
13760,SOPLAVIENTO,BOLÍVAR,0,3.587741352668825e-4,TRUE,TRUE
15723,SATIVASUR,BOYACÁ,0,3.620188898853422e-4,TRUE,TRUE
25473,MOSQUERA,CUNDINAMARCA,0,3.7251249226691514e-4,TRUE,TRUE
15380,LA CAPILLA,BOYACÁ,0,3.8309685111085614e-4,TRUE,TRUE
15798,TENZA,BOYACÁ,0,3.951045569366333e-4,TRUE,TRUE
68684,SAN JOSÉ DE MIRANDA,SANTANDER,0,4.0088337121805027e-4,TRUE,TRUE
15814,TOCA,BOYACÁ,0,4.1563029384056473e-4,TRUE,TRUE
19573,PUERTO TEJADA,CAUCA,0,4.204469931212872e-4,TRUE,TRUE
70702,SAN JUAN DE BETULIA,SUCRE,0,4.2313232902133866e-4,TRUE,TRUE
15511,PACHAVITA,BOYACÁ,0,4.249439965512488e-4,TRUE,TRUE
25175,CHÍA,CUNDINAMARCA,0,4.277111643628854e-4,TRUE,TRUE
15837,TUTA,BOYACÁ,0,4.3017598437733353e-4,TRUE,TRUE
25817,TOCANCIPÁ,CUNDINAMARCA,0,4.3226486797743696e-4,TRUE,TRUE
15740,SIACHOQUE,BOYACÁ,0,4.3541925655957e-4,TRUE,TRUE
68867,VETAS,SANTANDER,0,4.3582849408177574e-4,TRUE,TRUE
25843,VILLA DE SAN DIEGO DE UBATÉ,CUNDINAMARCA,0,4.480557010198607e-4,TRUE,TRUE
15879,VIRACACHÁ,BOYACÁ,0,4.511953162928506e-4,TRUE,TRUE
52354,IMUÉS,NARIÑO,0,4.6637283069991115e-4,TRUE,TRUE
25430,MADRID,CUNDINAMARCA,0,4.763417763028629e-4,TRUE,TRUE
15776,SUTAMARCHÁN,BOYACÁ,0,4.799063516351446e-4,TRUE,TRUE
25224,CUCUNUBÁ,CUNDINAMARCA,0,4.8234193859449185e-4,TRUE,TRUE
15232,CHÍQUIZA,BOYACÁ,0,4.933492766736379e-4,TRUE,TRUE
25799,TENJO,CUNDINAMARCA,0,4.95408687996303e-4,TRUE,TRUE
25123,CACHIPAY,CUNDINAMARCA,0,4.95989923741396e-4,TRUE,TRUE
25612,RICAURTE,CUNDINAMARCA,0,5.042436020576229e-4,TRUE,TRUE
25001,AGUA DE DIOS,CUNDINAMARCA,0,5.067860670541087e-4,TRUE,TRUE
25486,NEMOCÓN,CUNDINAMARCA,0,5.14260829789927e-4,TRUE,TRUE
25772,SUESCA,CUNDINAMARCA,0,5.173251588329495e-4,TRUE,TRUE
25758,SOPÓ,CUNDINAMARCA,0,5.223269772104303e-4,TRUE,TRUE
08520,PALMAR DE VARELA,ATLÁNTICO,0,5.275635330847749e-4,TRUE,TRUE
68432,MÁLAGA,SANTANDER,0,5.278094295102857e-4,TRUE,TRUE
25807,TIBIRITA,CUNDINAMARCA,0,5.496313887641535e-4,TRUE,TRUE
15162,CERINZA,BOYACÁ,0,5.570720731211871e-4,TRUE,TRUE
15466,MONGUÍ,BOYACÁ,0,5.575594578413752e-4,TRUE,TRUE
52506,OSPINA,NARIÑO,0,5.65100551255609e-4,TRUE,TRUE
08141,CANDELARIA,ATLÁNTICO,0,5.695076582277683e-4,TRUE,TRUE
08560,PONEDERA,ATLÁNTICO,0,5.697422222352539e-4,TRUE,TRUE
25797,TENA,CUNDINAMARCA,0,5.737982611382915e-4,TRUE,TRUE
25805,TIBACUY,CUNDINAMARCA,0,5.761012321705808e-4,TRUE,TRUE
25099,BOJACÁ,CUNDINAMARCA,0,5.817075040825089e-4,TRUE,TRUE
15806,TIBASOSA,BOYACÁ,0,5.818870889374392e-4,TRUE,TRUE
15491,NOBSA,BOYACÁ,0,5.833138643651015e-4,TRUE,TRUE
25288,FÚQUENE,CUNDINAMARCA,0,5.880680140694393e-4,TRUE,TRUE
15696,SANTA SOFÍA,BOYACÁ,0,5.972326393409924e-4,TRUE,TRUE
15810,TIPACOQUE,BOYACÁ,0,5.9888685368734e-4,TRUE,TRUE
15189,CIÉNEGA,BOYACÁ,0,5.997310341278916e-4,TRUE,TRUE
23586,PURÍSIMA DE LA CONCEPCIÓN,CÓRDOBA,0,6.011518910369729e-4,TRUE,TRUE
15322,GUATEQUE,BOYACÁ,0,6.017312210382821e-4,TRUE,TRUE
70221,COVEÑAS,SUCRE,0,6.056996224982431e-4,TRUE,TRUE
52224,CUASPUD CARLOSAMA,NARIÑO,0,6.072309897122627e-4,TRUE,TRUE
23162,CERETÉ,CÓRDOBA,0,6.117412842854389e-4,TRUE,TRUE
05360,ITAGÜÍ,ANTIOQUIA,0,6.24818807116405e-4,TRUE,TRUE
15839,TUTAZÁ,BOYACÁ,0,6.490165401433699e-4,TRUE,TRUE
15820,TÓPAGA,BOYACÁ,0,6.522973726836334e-4,TRUE,TRUE
25785,TABIO,CUNDINAMARCA,0,6.560988748382905e-4,TRUE,TRUE
15218,COVARACHÍA,BOYACÁ,0,6.591004687618036e-4,TRUE,TRUE
25645,SAN ANTONIO DEL TEQUENDAMA,CUNDINAMARCA,0,6.613265170223485e-4,TRUE,TRUE
68425,MACARAVITA,SANTANDER,0,6.684796375509492e-4,TRUE,TRUE
15215,CORRALES,BOYACÁ,0,6.706890215867183e-4,TRUE,TRUE
41872,VILLAVIEJA,HUILA,0,6.821697532426495e-4,TRUE,TRUE
68686,SAN MIGUEL,SANTANDER,0,6.844578605722539e-4,TRUE,TRUE
73671,SALDAÑA,TOLIMA,0,6.927206456628403e-4,TRUE,TRUE
25599,APULO,CUNDINAMARCA,0,7.017223319028908e-4,TRUE,TRUE
73268,ESPINAL,TOLIMA,0,7.106778549538021e-4,TRUE,TRUE
47161,CERRO DE SAN ANTONIO,MAGDALENA,0,7.139383726631728e-4,TRUE,TRUE
25019,ALBÁN,CUNDINAMARCA,0,7.184065201963155e-4,TRUE,TRUE
15804,TIBANÁ,BOYACÁ,0,7.219585401868647e-4,TRUE,TRUE
15522,PANQUEBA,BOYACÁ,0,7.251492987434438e-4,TRUE,TRUE
15276,FLORESTA,BOYACÁ,0,7.253484837338153e-4,TRUE,TRUE
52210,CONTADERO,NARIÑO,0,7.285043982453285e-4,TRUE,TRUE
25328,GUAYABAL DE SÍQUIMA,CUNDINAMARCA,0,7.314430166262949e-4,TRUE,TRUE
25740,SIBATÉ,CUNDINAMARCA,0,7.324917743400351e-4,TRUE,TRUE
05631,SABANETA,ANTIOQUIA,0,7.34899542694333e-4,TRUE,TRUE
25596,QUIPILE,CUNDINAMARCA,0,7.56188516461085e-4,TRUE,TRUE
15861,VENTAQUEMADA,BOYACÁ,0,7.578731085941154e-4,TRUE,TRUE
70418,LOS PALMITOS,SUCRE,0,7.616179106269876e-4,TRUE,TRUE
25095,BITUIMA,CUNDINAMARCA,0,7.773783799678512e-4,TRUE,TRUE
19300,GUACHENÉ,CAUCA,0,7.834161483704989e-4,TRUE,TRUE
68370,JORDÁN,SANTANDER,0,7.844593598159604e-4,TRUE,TRUE
15204,CÓMBITA,BOYACÁ,0,7.928991112952255e-4,TRUE,TRUE
15092,BETÉITIVA,BOYACÁ,0,8.121565639358695e-4,TRUE,TRUE
25841,UBAQUE,CUNDINAMARCA,0,8.198192336518854e-4,TRUE,TRUE
15720,SATIVANORTE,BOYACÁ,0,8.209494431051944e-4,TRUE,TRUE
25592,QUEBRADANEGRA,CUNDINAMARCA,0,8.241888991635716e-4,TRUE,TRUE
15293,GACHANTIVÁ,BOYACÁ,0,8.257905067981613e-4,TRUE,TRUE
25781,SUTATAUSA,CUNDINAMARCA,0,8.390737438892427e-4,TRUE,TRUE
15842,ÚMBITA,BOYACÁ,0,8.405394186772215e-4,TRUE,TRUE
66400,LA VIRGINIA,RISARALDA,0,8.446630882531117e-4,TRUE,TRUE
70742,SAN LUIS DE SINCÉ,SUCRE,0,8.488611329456027e-4,TRUE,TRUE
68132,CALIFORNIA,SANTANDER,0,8.559604008859347e-4,TRUE,TRUE
25307,GIRARDOT,CUNDINAMARCA,0,8.643155988372637e-4,TRUE,TRUE
25873,VILLAPINZÓN,CUNDINAMARCA,0,8.687445286362232e-4,TRUE,TRUE
52022,ALDANA,NARIÑO,0,8.68747369580738e-4,TRUE,TRUE
13188,CICUCO,BOLÍVAR,0,8.803490997911513e-4,TRUE,TRUE
15131,CALDAS,BOYACÁ,0,8.851242750815073e-4,TRUE,TRUE
52320,GUAITARILLA,NARIÑO,0,9.0144333830548e-4,TRUE,TRUE
68147,CAPITANEJO,SANTANDER,0,9.015784642502332e-4,TRUE,TRUE
15407,VILLA DE LEYVA,BOYACÁ,0,9.082279844465148e-4,TRUE,TRUE
25151,CÁQUEZA,CUNDINAMARCA,0,9.083054885277118e-4,TRUE,TRUE
68418,LOS SANTOS,SANTANDER,0,9.095657379640776e-4,TRUE,TRUE
15646,SAMACÁ,BOYACÁ,0,9.14243698577347e-4,TRUE,TRUE
15368,JERICÓ,BOYACÁ,0,9.382308763534678e-4,TRUE,TRUE
25754,SOACHA,CUNDINAMARCA,0,9.430506711832954e-4,TRUE,TRUE
25324,GUATAQUÍ,CUNDINAMARCA,0,9.4324185111571e-4,TRUE,TRUE
25178,CHIPAQUE,CUNDINAMARCA,0,9.493740628099079e-4,TRUE,TRUE
23464,MOMIL,CÓRDOBA,0,9.497247617908552e-4,TRUE,TRUE
52352,ILES,NARIÑO,0,9.558218101504823e-4,TRUE,TRUE
25407,LENGUAZAQUE,CUNDINAMARCA,0,9.567762716305663e-4,TRUE,TRUE
15808,TINJACÁ,BOYACÁ,0,9.596694708576735e-4,TRUE,TRUE
25489,NIMAIMA,CUNDINAMARCA,0,9.70706663493843e-4,TRUE,TRUE
68266,ENCISO,SANTANDER,0,9.751062211141002e-4,TRUE,TRUE
15097,BOAVITA,BOYACÁ,0,9.77437375358477e-4,TRUE,TRUE
15317,GUACAMAYAS,BOYACÁ,0,9.904851673620653e-4,TRUE,TRUE
25867,VIANÍ,CUNDINAMARCA,0,9.996732564732356e-4,TRUE,TRUE
15822,TOTA,BOYACÁ,0,0.0010057274087624953,TRUE,TRUE
52051,ARBOLEDA,NARIÑO,0,0.001009516022341687,TRUE,TRUE
25269,FACATATIVÁ,CUNDINAMARCA,0,0.001015523584326768,TRUE,TRUE
25779,SUSA,CUNDINAMARCA,0,0.0010196461011884057,TRUE,TRUE
54874,VILLA DEL ROSARIO,NORTE DE SANTANDER,0,0.0010219105052231517,TRUE,TRUE
25386,LA MESA,CUNDINAMARCA,0,0.0010302280699657138,TRUE,TRUE
05380,LA ESTRELLA,ANTIOQUIA,0,0.001035566539963733,TRUE,TRUE
70670,SAMPUÉS,SUCRE,0,0.001044492818368529,TRUE,TRUE
52254,EL PEÑOL,NARIÑO,0,0.001047827719252016,TRUE,TRUE
25317,GUACHETÁ,CUNDINAMARCA,0,0.0010503114611596278,TRUE,TRUE
17442,MARMATO,CALDAS,0,0.0010506112683645525,TRUE,TRUE
52323,GUALMATÁN,NARIÑO,0,0.0010540027804649156,TRUE,TRUE
15248,EL ESPINO,BOYACÁ,0,0.0010682721737192511,TRUE,TRUE
20295,GAMARRA,CESAR,0,0.0010818498598852682,TRUE,TRUE
25035,ANAPOIMA,CUNDINAMARCA,0,0.0010924472473111046,TRUE,TRUE
17388,LA MERCED,CALDAS,0,0.0011024858666489764,TRUE,TRUE
25040,ANOLAIMA,CUNDINAMARCA,0,0.0011044369204722823,TRUE,TRUE
54553,PUERTO SANTANDER,NORTE DE SANTANDER,0,0.0011046330757582634,TRUE,TRUE
15693,SANTA ROSA DE VITERBO,BOYACÁ,0,0.0011053482290090282,TRUE,TRUE
15401,LA VICTORIA,BOYACÁ,0,0.001106874943842977,TRUE,TRUE
25200,COGUA,CUNDINAMARCA,0,0.0011278251262243021,TRUE,TRUE
68522,PALMAR,SANTANDER,0,0.0011444803377322129,TRUE,TRUE
23815,TUCHÍN,CÓRDOBA,0,0.0011478634937164634,TRUE,TRUE
52885,YACUANQUER,NARIÑO,0,0.001148499976397214,TRUE,TRUE
52019,ALBÁN,NARIÑO,0,0.0011548829921418943,TRUE,TRUE
15753,SOATÁ,BOYACÁ,0,0.001158320744794278,TRUE,TRUE
52083,BELÉN,NARIÑO,0,0.0011785269893621858,TRUE,TRUE
15537,PAZ DE RÍO,BOYACÁ,0,0.0011789209522319684,TRUE,TRUE
25736,SESQUILÉ,CUNDINAMARCA,0,0.0011822569951104405,TRUE,TRUE
15759,SOGAMOSO,BOYACÁ,0,0.0011893362718638147,TRUE,TRUE
25491,NOCAIMA,CUNDINAMARCA,0,0.0011899463739846272,TRUE,TRUE
70215,COROZAL,SUCRE,0,0.0012027383535091474,TRUE,TRUE
68051,ARATOCA,SANTANDER,0,0.0012048109357754814,TRUE,TRUE
15051,ARCABUCO,BOYACÁ,0,0.001212590870521025,TRUE,TRUE
13780,TALAIGUA NUEVO,BOLÍVAR,0,0.0012224581059997333,TRUE,TRUE
73030,AMBALEMA,TOLIMA,0,0.0012307881610895462,TRUE,TRUE
76845,ULLOA,VALLE DEL CAUCA,0,0.0012537830683368007,TRUE,TRUE
25851,ÚTICA,CUNDINAMARCA,0,0.0012605867730821501,FALSE,TRUE
15774,SUSACÓN,BOYACÁ,0,0.0012707410394907593,FALSE,TRUE
23168,CHIMÁ,CÓRDOBA,0,0.0012710214793702373,FALSE,TRUE
23670,SAN ANDRÉS DE SOTAVENTO,CÓRDOBA,0,0.0012755512158525535,FALSE,TRUE
08433,MALAMBO,ATLÁNTICO,0,0.0012764385110650043,FALSE,TRUE
25745,SIMIJACA,CUNDINAMARCA,0,0.0012843541359369708,FALSE,TRUE
15676,SAN MIGUEL DE SEMA,BOYACÁ,0,0.00128775039771142,FALSE,TRUE
63111,BUENAVISTA,QUINDÍO,0,0.0013223960055028794,FALSE,TRUE
63401,LA TEBAIDA,QUINDÍO,0,0.0013260859800931738,FALSE,TRUE
05390,LA PINTADA,ANTIOQUIA,0,0.0013535284238817807,FALSE,TRUE
15109,BUENAVISTA,BOYACÁ,0,0.0013742981468233904,FALSE,TRUE
68176,CHIMA,SANTANDER,0,0.0013795776200877918,FALSE,TRUE
52480,NARIÑO,NARIÑO,0,0.0013803907630767138,FALSE,TRUE
25871,VILLAGÓMEZ,CUNDINAMARCA,0,0.0013826195634095702,FALSE,TRUE
25815,TOCAIMA,CUNDINAMARCA,0,0.001390544635983435,FALSE,TRUE
25845,UNE,CUNDINAMARCA,0,0.0013907651479355626,FALSE,TRUE
68468,MOLAGAVITA,SANTANDER,0,0.0013963055971506731,FALSE,TRUE
05501,OLAYA,ANTIOQUIA,0,0.0014049175594086736,FALSE,TRUE
70523,PALMITO,SUCRE,0,0.0014063453003324443,FALSE,TRUE
25281,FOSCA,CUNDINAMARCA,0,0.0014116994020893293,FALSE,TRUE
68549,PINCHOTE,SANTANDER,0,0.0014182449100522605,FALSE,TRUE
68079,BARICHARA,SANTANDER,0,0.001433872053047571,FALSE,TRUE
73319,GUAMO,TOLIMA,0,0.0014396271352302445,FALSE,TRUE
08436,MANATÍ,ATLÁNTICO,0,0.001452031473147872,FALSE,TRUE
15599,RAMIRIQUÍ,BOYACÁ,0,0.001460405681239636,FALSE,TRUE
68160,CEPITÁ,SANTANDER,0,0.001465543774692082,FALSE,TRUE
54347,HERRÁN,NORTE DE SANTANDER,0,0.0014705913634848076,FALSE,TRUE
25398,LA PEÑA,CUNDINAMARCA,0,0.001478911063344555,FALSE,TRUE
15296,GÁMEZA,BOYACÁ,0,0.001480042178854861,FALSE,TRUE
52036,ANCUYA,NARIÑO,0,0.0014869000676955286,FALSE,TRUE
52215,CÓRDOBA,NARIÑO,0,0.0014888492088067928,FALSE,TRUE
44560,MANAURE,LA GUAJIRA,0,0.0014925279586718405,FALSE,TRUE
25769,SUBACHOQUE,CUNDINAMARCA,0,0.0014981199626713188,FALSE,TRUE
05059,ARMENIA,ANTIOQUIA,0,0.0014986077102912884,FALSE,TRUE
15600,RÁQUIRA,BOYACÁ,0,0.0015223629842078808,FALSE,TRUE
76823,TORO,VALLE DEL CAUCA,0,0.001531547093681145,FALSE,TRUE
86219,COLÓN,PUTUMAYO,0,0.0015472311721464404,FALSE,TRUE
15403,LA UVITA,BOYACÁ,0,0.001551588451859779,FALSE,TRUE
15673,SAN MATEO,BOYACÁ,0,0.0015621426852330106,FALSE,TRUE
08573,PUERTO COLOMBIA,ATLÁNTICO,0,0.0015714016422133858,FALSE,TRUE
15087,BELÉN,BOYACÁ,0,0.0015742790216026483,FALSE,TRUE
54418,LOURDES,NORTE DE SANTANDER,0,0.001577267598717219,FALSE,TRUE
73854,VALLE DE SAN JUAN,TOLIMA,0,0.0015875053423631928,FALSE,TRUE
13062,ARROYOHONDO,BOLÍVAR,0,0.001604469446736234,FALSE,TRUE
54599,RAGONVALIA,NORTE DE SANTANDER,0,0.001622747704112232,FALSE,TRUE
47720,SANTA BÁRBARA DE PINTO,MAGDALENA,0,0.0016416860118810045,FALSE,TRUE
25662,SAN JUAN DE RIOSECO,CUNDINAMARCA,0,0.0016426220209064786,FALSE,TRUE
25183,CHOCONTÁ,CUNDINAMARCA,0,0.0016434815139216706,FALSE,TRUE
20310,GONZÁLEZ,CESAR,0,0.0016444466463252615,FALSE,TRUE
17665,SAN JOSÉ,CALDAS,0,0.0016514102413436322,FALSE,TRUE
76869,VIJES,VALLE DEL CAUCA,0,0.0016523631008153025,FALSE,TRUE
25245,EL COLEGIO,CUNDINAMARCA,0,0.00165630257537364,FALSE,TRUE
52694,SAN PEDRO DE CARTAGO,NARIÑO,0,0.0016587448094851434,FALSE,TRUE
08849,USIACURÍ,ATLÁNTICO,0,0.0016591452898715615,FALSE,TRUE
25312,GRANADA,CUNDINAMARCA,0,0.0016839328936177676,FALSE,TRUE
25436,MANTA,CUNDINAMARCA,0,0.0017160184079598737,FALSE,TRUE
15022,ALMEIDA,BOYACÁ,0,0.0017182251331502494,FALSE,TRUE
25793,TAUSA,CUNDINAMARCA,0,0.0017241322849389457,FALSE,TRUE
15761,SOMONDOCO,BOYACÁ,0,0.0017274366109351308,FALSE,TRUE
76020,ALCALÁ,VALLE DEL CAUCA,0,0.0017397383068657696,FALSE,TRUE
25258,EL PEÑÓN,CUNDINAMARCA,0,0.0017401875184675732,FALSE,TRUE
15090,BERBEO,BOYACÁ,0,0.001755476817126118,FALSE,TRUE
63190,CIRCASIA,QUINDÍO,0,0.0017635719997826046,FALSE,TRUE
25899,ZIPAQUIRÁ,CUNDINAMARCA,0,0.001769409261737532,FALSE,TRUE
70233,EL ROBLE,SUCRE,0,0.0017768092167828992,FALSE,TRUE
52786,TAMINANGO,NARIÑO,0,0.0017775618370827286,FALSE,TRUE
15176,CHIQUINQUIRÁ,BOYACÁ,0,0.0017806828913076978,FALSE,TRUE
68327,GÜEPSA,SANTANDER,0,0.001783181499263145,FALSE,TRUE
25524,PANDI,CUNDINAMARCA,0,0.0017897244222002747,FALSE,TRUE
70110,BUENAVISTA,SUCRE,0,0.0018012918296122305,FALSE,TRUE
47541,PEDRAZA,MAGDALENA,0,0.0018051815003479724,FALSE,TRUE
52203,COLÓN,NARIÑO,0,0.001871577304011169,FALSE,TRUE
25743,SILVANIA,CUNDINAMARCA,0,0.0018751007297474755,FALSE,TRUE
25086,BELTRÁN,CUNDINAMARCA,0,0.0018785101297639076,FALSE,TRUE
13222,CLEMENCIA,BOLÍVAR,0,0.0019015633915014606,FALSE,TRUE
73547,PIEDRAS,TOLIMA,0,0.001912970576950062,FALSE,TRUE
47960,ZAPAYÁN,MAGDALENA,0,0.001918164124622021,FALSE,TRUE
15757,SOCHA,BOYACÁ,0,0.0019302645879974599,FALSE,TRUE
41244,ELÍAS,HUILA,0,0.0019386701912575898,FALSE,TRUE
70235,GALERAS,SUCRE,0,0.0019387505095973848,FALSE,TRUE
76036,ANDALUCÍA,VALLE DEL CAUCA,0,0.0019525224643986475,FALSE,TRUE
76863,VERSALLES,VALLE DEL CAUCA,0,0.001953416020606013,FALSE,TRUE
25875,VILLETA,CUNDINAMARCA,0,0.0019545218033479614,FALSE,TRUE
15172,CHINAVITA,BOYACÁ,0,0.0019656099174439235,FALSE,TRUE
76622,ROLDANILLO,VALLE DEL CAUCA,0,0.001966361616893328,FALSE,TRUE
25535,PASCA,CUNDINAMARCA,0,0.001987216796297479,FALSE,TRUE
63001,ARMENIA,QUINDÍO,0,0.0020006901270454283,FALSE,TRUE
73217,COYAIMA,TOLIMA,0,0.0020023037775585835,FALSE,TRUE
52720,SAPUYES,NARIÑO,0,0.0020046858219003086,FALSE,TRUE
25580,PULÍ,CUNDINAMARCA,0,0.0020162340729683237,FALSE,TRUE
76497,OBANDO,VALLE DEL CAUCA,0,0.0020257690020577496,FALSE,TRUE
47205,CONCORDIA,MAGDALENA,0,0.0020263654793477967,FALSE,TRUE
25154,CARMEN DE CARUPA,CUNDINAMARCA,0,0.0020338593614834324,FALSE,TRUE
13838,TURBANA,BOLÍVAR,0,0.002039799689988265,FALSE,TRUE
25181,CHOACHÍ,CUNDINAMARCA,0,0.0020415886758005583,FALSE,TRUE
15832,TUNUNGUÁ,BOYACÁ,0,0.002048144304374922,FALSE,TRUE
23686,SAN PELAYO,CÓRDOBA,0,0.0020625778319149483,FALSE,TRUE
25290,FUSAGASUGÁ,CUNDINAMARCA,0,0.002074642703910229,FALSE,TRUE
25777,SUPATÁ,CUNDINAMARCA,0,0.002075054453607981,FALSE,TRUE
25862,VERGARA,CUNDINAMARCA,0,0.0020897627326715205,FALSE,TRUE
50318,GUAMAL,META,0,0.002095137978149243,FALSE,TRUE
63272,FILANDIA,QUINDÍO,0,0.002095771304418716,FALSE,TRUE
52317,GUACHUCAL,NARIÑO,0,0.0020965691882065345,FALSE,TRUE
15244,EL COCUY,BOYACÁ,0,0.0021110576550294365,FALSE,TRUE
68533,PÁRAMO,SANTANDER,0,0.002124315708016727,FALSE,TRUE
52565,PROVIDENCIA,NARIÑO,0,0.0021316275259092806,FALSE,TRUE
08078,BARANOA,ATLÁNTICO,0,0.002137381205277884,FALSE,TRUE
41349,HOBO,HUILA,0,0.002145080383450143,FALSE,TRUE
73148,CARMEN DE APICALÁ,TOLIMA,0,0.0021748857374096313,FALSE,TRUE
52240,CHACHAGÜÍ,NARIÑO,0,0.0021795166180107995,FALSE,TRUE
25718,SASAIMA,CUNDINAMARCA,0,0.0022027648325647973,FALSE,TRUE
44847,URIBIA,LA GUAJIRA,0,0.0022110725010788647,FALSE,TRUE
68276,FLORIDABLANCA,SANTANDER,0,0.002218996200721385,FALSE,TRUE
73449,MELGAR,TOLIMA,0,0.0022232144805831556,FALSE,TRUE
68397,LA PAZ,SANTANDER,0,0.0022379340016983576,FALSE,TRUE
70823,SAN JOSÉ DE TOLUVIEJO,SUCRE,0,0.0022568414381869675,FALSE,TRUE
25878,VIOTÁ,CUNDINAMARCA,0,0.002256852377108345,FALSE,TRUE
25377,LA CALERA,CUNDINAMARCA,0,0.0022659219538515656,FALSE,TRUE
15542,PESCA,BOYACÁ,0,0.0022842002674948905,FALSE,TRUE
70001,SINCELEJO,SUCRE,0,0.0023024059602155355,FALSE,TRUE
47703,SAN ZENÓN,MAGDALENA,0,0.002307271700447805,FALSE,TRUE
25168,CHAGUANÍ,CUNDINAMARCA,0,0.002315188821430117,FALSE,TRUE
08296,GALAPA,ATLÁNTICO,0,0.0023310921488899523,FALSE,TRUE
52685,SAN BERNARDO,NARIÑO,0,0.00233255462062772,FALSE,TRUE
25326,GUATAVITA,CUNDINAMARCA,0,0.0023564367760597494,FALSE,TRUE
25299,GAMA,CUNDINAMARCA,0,0.002357916494942175,FALSE,TRUE
52411,LINARES,NARIÑO,0,0.0023714179212208698,FALSE,TRUE
52585,PUPIALES,NARIÑO,0,0.0023829057356073834,FALSE,TRUE
25053,ARBELÁEZ,CUNDINAMARCA,0,0.002384286989486077,FALSE,TRUE
25368,JERUSALÉN,CUNDINAMARCA,0,0.0023994050189568004,FALSE,TRUE
15660,SAN EDUARDO,BOYACÁ,0,0.0024253598717012504,FALSE,TRUE
25488,NILO,CUNDINAMARCA,0,0.0024568218494004004,FALSE,TRUE
25426,MACHETÁ,CUNDINAMARCA,0,0.0024706812579421474,FALSE,TRUE
05036,ANGELÓPOLIS,ANTIOQUIA,0,0.002477048513435023,FALSE,TRUE
73520,PALOCABILDO,TOLIMA,0,0.0024982804480519214,FALSE,TRUE
70204,COLOSÓ,SUCRE,0,0.002502879344324442,FALSE,TRUE
73483,NATAGAIMA,TOLIMA,0,0.0025252789614852817,FALSE,TRUE
54405,LOS PATIOS,NORTE DE SANTANDER,0,0.002526350783334593,FALSE,TRUE
05809,TITIRIBÍ,ANTIOQUIA,0,0.002533872542484211,FALSE,TRUE
66170,DOSQUEBRADAS,RISARALDA,0,0.002536372911677134,FALSE,TRUE
63594,QUIMBAYA,QUINDÍO,0,0.0025437642962126516,FALSE,TRUE
19455,MIRANDA,CAUCA,0,0.0025463512218772194,FALSE,TRUE
68169,CHARTA,SANTANDER,0,0.0025566581740166126,FALSE,TRUE
54313,GRAMALOTE,NORTE DE SANTANDER,0,0.0025800530491639157,FALSE,TRUE
41885,YAGUARÁ,HUILA,0,0.0025846730748750515,FALSE,TRUE
17272,FILADELFIA,CALDAS,0,0.0025861549350575906,FALSE,TRUE
05212,COPACABANA,ANTIOQUIA,0,0.002610863268447734,FALSE,TRUE
05308,GIRARDOTA,ANTIOQUIA,0,0.0026115416905746133,FALSE,TRUE
66318,GUÁTICA,RISARALDA,0,0.0026275887880873295,FALSE,TRUE
05306,GIRALDO,ANTIOQUIA,0,0.0026465676967110086,FALSE,TRUE
70230,CHALÁN,SUCRE,0,0.002649276998075876,FALSE,TRUE
15790,TASCO,BOYACÁ,0,0.002654201075533138,FALSE,TRUE
73200,COELLO,TOLIMA,0,0.0026566228391566816,FALSE,TRUE
23660,SAHAGÚN,CÓRDOBA,0,0.00267844735096368,FALSE,TRUE
41026,ALTAMIRA,HUILA,0,0.0026847840474077296,FALSE,TRUE
52381,LA FLORIDA,NARIÑO,0,0.0026864322258386307,FALSE,TRUE
05656,SAN JERÓNIMO,ANTIOQUIA,0,0.0026869040552261595,FALSE,TRUE
54480,MUTISCUA,NORTE DE SANTANDER,0,0.0027092887799701664,FALSE,TRUE
25506,VENECIA,CUNDINAMARCA,0,0.0027216494207311713,FALSE,TRUE
05145,CARAMANTA,ANTIOQUIA,0,0.0027362595752071102,FALSE,TRUE
13683,SANTA ROSA,BOLÍVAR,0,0.0027425307699936725,FALSE,TRUE
15632,SABOYÁ,BOYACÁ,0,0.0027520146900142962,FALSE,TRUE
05576,PUEBLORRICO,ANTIOQUIA,0,0.0027686529993364416,FALSE,TRUE
05697,EL SANTUARIO,ANTIOQUIA,0,0.0027946812713726256,FALSE,TRUE
70473,MORROA,SUCRE,0,0.0028033440309223573,FALSE,TRUE
25394,LA PALMA,CUNDINAMARCA,0,0.002803739236554032,FALSE,TRUE
17616,RISARALDA,CALDAS,0,0.0028040287532973152,FALSE,TRUE
23182,CHINÚ,CÓRDOBA,0,0.002822317703615979,FALSE,TRUE
54743,SILOS,NORTE DE SANTANDER,0,0.0028537732210360037,FALSE,TRUE
68077,BARBOSA,SANTANDER,0,0.002861333289550388,FALSE,TRUE
73585,PURIFICACIÓN,TOLIMA,0,0.0028651506139412545,FALSE,TRUE
13140,CALAMAR,BOLÍVAR,0,0.0028875833486079246,FALSE,TRUE
52693,SAN PABLO,NARIÑO,0,0.0028978040617457287,FALSE,TRUE
05467,MONTEBELLO,ANTIOQUIA,0,0.0029153705204282066,FALSE,TRUE
70820,SANTIAGO DE TOLÚ,SUCRE,0,0.0029229198029534697,FALSE,TRUE
54239,DURANIA,NORTE DE SANTANDER,0,0.002973643238846034,FALSE,TRUE
15816,TOGÜÍ,BOYACÁ,0,0.00298301815860164,FALSE,TRUE
63470,MONTENEGRO,QUINDÍO,0,0.002999997049875217,FALSE,TRUE
05792,TARSO,ANTIOQUIA,0,0.0030006852721361985,FALSE,TRUE
54680,SANTIAGO,NORTE DE SANTANDER,0,0.003016042418537788,FALSE,TRUE
76892,YUMBO,VALLE DEL CAUCA,0,0.0030181348727430237,FALSE,TRUE
68895,ZAPATOCA,SANTANDER,0,0.0030234173425500955,FALSE,TRUE
52683,SANDONÁ,NARIÑO,0,0.0030451117218957303,FALSE,TRUE
13836,TURBACO,BOLÍVAR,0,0.0030642910046519535,FALSE,TRUE
05347,HELICONIA,ANTIOQUIA,0,0.003072139151344825,FALSE,TRUE
47460,NUEVA GRANADA,MAGDALENA,0,0.0030775228649802897,FALSE,TRUE
23350,LA APARTADA,CÓRDOBA,0,0.0030844164720741575,FALSE,TRUE
25322,GUASCA,CUNDINAMARCA,0,0.0030858204640548553,FALSE,TRUE
05761,SOPETRÁN,ANTIOQUIA,0,0.0030924881436307354,FALSE,TRUE
17877,VITERBO,CALDAS,0,0.003093254936202911,FALSE,TRUE
08421,LURUACO,ATLÁNTICO,0,0.0030971192183814086,FALSE,TRUE
68318,GUACA,SANTANDER,0,0.0030985218473025366,FALSE,TRUE
68152,CARCASÍ,SANTANDER,0,0.0031058473599886584,FALSE,TRUE
13873,VILLANUEVA,BOLÍVAR,0,0.003114762844720969,FALSE,TRUE
15664,SAN JOSÉ DE PARE,BOYACÁ,0,0.003130909410477778,FALSE,TRUE
76147,CARTAGO,VALLE DEL CAUCA,0,0.0031519529404743832,FALSE,TRUE
19290,FLORENCIA,CAUCA,0,0.0031662149496370024,FALSE,TRUE
13647,SAN ESTANISLAO,BOLÍVAR,0,0.003168418146165931,FALSE,TRUE
23675,SAN BERNARDO DEL VIENTO,CÓRDOBA,0,0.003177691169270504,FALSE,TRUE
15238,DUITAMA,BOYACÁ,0,0.0031779026507138108,FALSE,TRUE
08372,JUAN DE ACOSTA,ATLÁNTICO,0,0.0031848398163277503,FALSE,TRUE
73686,SANTA ISABEL,TOLIMA,0,0.0031950701657954294,FALSE,TRUE
68855,VALLE DE SAN JOSÉ,SANTANDER,0,0.003202282619821918,FALSE,TRUE
76250,EL DOVIO,VALLE DEL CAUCA,0,0.003215173650871701,FALSE,TRUE
73861,VENADILLO,TOLIMA,0,0.003228121188218927,FALSE,TRUE
76377,LA CUMBRE,VALLE DEL CAUCA,0,0.003254112985228301,FALSE,TRUE
13300,HATILLO DE LOBA,BOLÍVAR,0,0.003274417658106598,FALSE,TRUE
13212,CÓRDOBA,BOLÍVAR,0,0.003282238266434677,FALSE,TRUE
05318,GUARNE,ANTIOQUIA,0,0.0033046709497402157,FALSE,TRUE
52687,SAN LORENZO,NARIÑO,0,0.0033098561885370587,FALSE,TRUE
66075,BALBOA,RISARALDA,0,0.0033216507197406683,FALSE,TRUE
68179,CHIPATÁ,SANTANDER,0,0.0033335076665271233,FALSE,TRUE
47258,EL PIÑÓN,MAGDALENA,0,0.0033383906954040704,FALSE,TRUE
15516,PAIPA,BOYACÁ,0,0.003340240907947492,FALSE,TRUE
70124,CAIMITO,SUCRE,0,0.0033433896482533343,FALSE,TRUE
68209,CONFINES,SANTANDER,0,0.0033705928346812776,FALSE,TRUE
76400,LA UNIÓN,VALLE DEL CAUCA,0,0.003371147304684393,FALSE,TRUE
73026,ALVARADO,TOLIMA,0,0.003375852355371824,FALSE,TRUE
05664,SAN PEDRO DE LOS MILAGROS,ANTIOQUIA,0,0.0033792231071082947,FALSE,TRUE
76895,ZARZAL,VALLE DEL CAUCA,0,0.003417183081347888,FALSE,TRUE
76318,GUACARÍ,VALLE DEL CAUCA,0,0.003418099665186849,FALSE,TRUE
68682,SAN JOAQUÍN,SANTANDER,0,0.0034339515532389835,FALSE,TRUE
13673,SANTA CATALINA,BOLÍVAR,0,0.0034379613216258525,FALSE,TRUE
73408,LÉRIDA,TOLIMA,0,0.0034494097101151074,FALSE,TRUE
05030,AMAGÁ,ANTIOQUIA,0,0.00345404997091496,FALSE,TRUE
15763,SOTAQUIRÁ,BOYACÁ,0,0.0034607988172101435,FALSE,TRUE
15299,GARAGOA,BOYACÁ,0,0.0034678507015948527,FALSE,TRUE
25649,SAN BERNARDO,CUNDINAMARCA,0,0.0034735270592553906,FALSE,TRUE
15325,GUAYATÁ,BOYACÁ,0,0.0034924065021734764,FALSE,TRUE
68498,OCAMONTE,SANTANDER,0,0.0034934101110396286,FALSE,TRUE
68524,PALMAS DEL SOCORRO,SANTANDER,0,0.0035197152222555227,FALSE,TRUE
68001,BUCARAMANGA,SANTANDER,0,0.00354194731048857,FALSE,TRUE
17050,ARANZAZU,CALDAS,0,0.0035420331544189906,FALSE,TRUE
73461,MURILLO,TOLIMA,0,0.003546528327165611,FALSE,TRUE
15442,MARIPÍ,BOYACÁ,0,0.0035678937625638982,FALSE,TRUE
17088,BELALCÁZAR,CALDAS,0,0.003580342921452805,FALSE,TRUE
73352,ICONONZO,TOLIMA,0,0.003582713701394063,FALSE,TRUE
25483,NARIÑO,CUNDINAMARCA,0,0.003601397660816181,FALSE,TRUE
41013,AGRADO,HUILA,0,0.003603237025115571,FALSE,TRUE
86760,SANTIAGO,PUTUMAYO,0,0.0036088725080397014,FALSE,TRUE
68324,GUAVATÁ,SANTANDER,0,0.003614565482538536,FALSE,TRUE
68679,SAN GIL,SANTANDER,0,0.0036668624938962406,FALSE,TRUE
44378,HATONUEVO,LA GUAJIRA,0,0.0036705721703131247,FALSE,TRUE
05353,HISPANIA,ANTIOQUIA,0,0.0037288996887233166,FALSE,TRUE
63130,CALARCÁ,QUINDÍO,0,0.003729307600307381,FALSE,TRUE
08606,REPELÓN,ATLÁNTICO,0,0.0037558912936049415,FALSE,TRUE
54125,CÁCOTA,NORTE DE SANTANDER,0,0.0037740504270563787,FALSE,TRUE
15621,RONDÓN,BOYACÁ,0,0.0037792121871568327,FALSE,TRUE
15686,SANTANA,BOYACÁ,0,0.003810439574073053,FALSE,TRUE
73563,PRADO,TOLIMA,0,0.0038130685654573413,FALSE,TRUE
25402,LA VEGA,CUNDINAMARCA,0,0.003816739955154566,FALSE,TRUE
19022,ALMAGUER,CAUCA,0,0.003820269195077356,FALSE,TRUE
20060,BOSCONIA,CESAR,0,0.0038287071491692757,FALSE,TRUE
85440,VILLANUEVA,CASANARE,0,0.0038516645898220656,FALSE,TRUE
47545,PIJIÑO DEL CARMEN,MAGDALENA,0,0.0038635964881992228,FALSE,TRUE
13433,MAHATES,BOLÍVAR,0,0.003953659209110785,FALSE,TRUE
47030,ALGARROBO,MAGDALENA,0,0.003971940128343852,FALSE,TRUE
66594,QUINCHÍA,RISARALDA,0,0.003980866502813099,FALSE,TRUE
68705,SANTA BÁRBARA,SANTANDER,0,0.003990184110936265,FALSE,TRUE
19622,ROSAS,CAUCA,0,0.003997379460777375,FALSE,TRUE
41615,RIVERA,HUILA,0,0.004017894949277182,FALSE,TRUE
73024,ALPUJARRA,TOLIMA,0,0.00402115972041356,FALSE,TRUE
70508,OVEJAS,SUCRE,0,0.004096258402325244,FALSE,TRUE
73152,CASABIANCA,TOLIMA,0,0.004108220662596093,FALSE,TRUE
68229,CURITÍ,SANTANDER,0,0.004113206854666035,FALSE,TRUE
05861,VENECIA,ANTIOQUIA,0,0.0041177524562228595,FALSE,TRUE
50270,EL DORADO,META,0,0.00413163242684991,FALSE,TRUE
05368,JERICÓ,ANTIOQUIA,0,0.004141153368278034,FALSE,TRUE
54520,PAMPLONITA,NORTE DE SANTANDER,0,0.0041433197599545874,FALSE,TRUE
25297,GACHETÁ,CUNDINAMARCA,0,0.0041469385373991636,FALSE,TRUE
76246,EL CAIRO,VALLE DEL CAUCA,0,0.004169161186226623,FALSE,TRUE
15212,COPER,BOYACÁ,0,0.004169280996915565,FALSE,TRUE
44098,DISTRACCIÓN,LA GUAJIRA,0,0.004175123159366145,FALSE,TRUE
05190,CISNEROS,ANTIOQUIA,0,0.004189669652039706,FALSE,TRUE
05679,SANTA BÁRBARA,ANTIOQUIA,0,0.004200634724554908,FALSE,TRUE
52838,TÚQUERRES,NARIÑO,0,0.0042046083081352294,FALSE,TRUE
13468,SANTA CRUZ DE MOMPOX,BOLÍVAR,0,0.0042200129493642265,FALSE,TRUE
41132,CAMPOALEGRE,HUILA,0,0.004223068348385074,FALSE,TRUE
41483,NÁTAGA,HUILA,0,0.004230480955526584,FALSE,TRUE
15425,MACANAL,BOYACÁ,0,0.004232510679318995,FALSE,TRUE
05209,CONCORDIA,ANTIOQUIA,0,0.004247523712912558,FALSE,TRUE
54099,BOCHALEMA,NORTE DE SANTANDER,0,0.004270301184810989,FALSE,TRUE
47798,TENERIFE,MAGDALENA,0,0.004273614410099355,FALSE,TRUE
68162,CERRITO,SANTANDER,0,0.004276626755329769,FALSE,TRUE
08549,PIOJÓ,ATLÁNTICO,0,0.004285679393515647,FALSE,TRUE
68121,CABRERA,SANTANDER,0,0.004298504640774111,FALSE,TRUE
25823,TOPAIPÍ,CUNDINAMARCA,0,0.004305667407797031,FALSE,TRUE
25594,QUETAME,CUNDINAMARCA,0,0.004307956840659989,FALSE,TRUE
05240,EBÉJICO,ANTIOQUIA,0,0.004318341587488114,FALSE,TRUE
68820,TONA,SANTANDER,0,0.004335190403641047,FALSE,TRUE
25653,SAN CAYETANO,CUNDINAMARCA,0,0.004346108594829247,FALSE,TRUE
41548,PITAL,HUILA,0,0.004353915788333102,FALSE,TRUE
17777,SUPÍA,CALDAS,0,0.004392189545470886,FALSE,TRUE
15480,MUZO,BOYACÁ,0,0.004404255613362059,FALSE,TRUE
68368,JESÚS MARÍA,SANTANDER,0,0.0044074991157652,FALSE,TRUE
47692,SAN SEBASTIÁN DE BUENAVISTA,MAGDALENA,0,0.0044142329279414135,FALSE,TRUE
17524,PALESTINA,CALDAS,0,0.004442146135187288,FALSE,TRUE
68322,GUAPOTÁ,SANTANDER,0,0.0044512624272877825,FALSE,TRUE
25279,FÓMEQUE,CUNDINAMARCA,0,0.004490225142740043,FALSE,TRUE
19824,TOTORÓ,CAUCA,0,0.004565777395403238,FALSE,TRUE
52207,CONSACÁ,NARIÑO,0,0.004567398316755149,FALSE,TRUE
05440,MARINILLA,ANTIOQUIA,0,0.0045952146336226355,FALSE,TRUE
13440,MARGARITA,BOLÍVAR,0,0.0046069401270450614,FALSE,TRUE
68271,FLORIÁN,SANTANDER,0,0.0046245755767366295,FALSE,TRUE
47675,SALAMINA,MAGDALENA,0,0.004631960888749237,FALSE,TRUE
73349,HONDA,TOLIMA,0,0.004633925220394677,FALSE,TRUE
23500,MOÑITOS,CÓRDOBA,0,0.004634747933727213,FALSE,TRUE
68673,SAN BENITO,SANTANDER,0,0.00463510350485948,FALSE,TRUE
68755,SOCORRO,SANTANDER,0,0.004660565589170538,FALSE,TRUE
76122,CAICEDONIA,VALLE DEL CAUCA,0,0.00468430995137919,FALSE,TRUE
13650,SAN FERNANDO,BOLÍVAR,0,0.004690038015827686,FALSE,TRUE
76403,LA VICTORIA,VALLE DEL CAUCA,0,0.004694481266194287,FALSE,TRUE
23189,CIÉNAGA DE ORO,CÓRDOBA,0,0.00475825844920529,FALSE,TRUE
25572,PUERTO SALGAR,CUNDINAMARCA,0,0.004758858770392681,FALSE,TRUE
73270,FALAN,TOLIMA,0,0.004768077026325014,FALSE,TRUE
15106,BRICEÑO,BOYACÁ,0,0.0047826478191293305,FALSE,TRUE
54398,LA PLAYA,NORTE DE SANTANDER,0,0.004794676346857707,FALSE,TRUE
19142,CALOTO,CAUCA,0,0.0047988072791231825,FALSE,TRUE
05856,VALPARAÍSO,ANTIOQUIA,0,0.004810970535467748,FALSE,TRUE
41799,TELLO,HUILA,0,0.004821079013810891,FALSE,TRUE
23555,PLANETA RICA,CÓRDOBA,0,0.004821191229632388,FALSE,TRUE
88564,PROVIDENCIA,"ARCHIPIÉLAGO DE SAN ANDRÉS, PROVIDENCIA Y SANTA CATALINA",0,0.004859279437639886,FALSE,TRUE
66440,MARSELLA,RISARALDA,0,0.0049008896851599855,FALSE,TRUE
19392,LA SIERRA,CAUCA,0,0.0049319658555542,FALSE,TRUE
23090,CANALETE,CÓRDOBA,0,0.004951883740521447,FALSE,TRUE
44874,VILLANUEVA,LA GUAJIRA,0,0.004967142453690951,FALSE,TRUE
76890,YOTOCO,VALLE DEL CAUCA,0,0.004990035081290303,FALSE,TRUE
25120,CABRERA,CUNDINAMARCA,0,0.005008121170369854,FALSE,TRUE
05658,SAN JOSÉ DE LA MONTAÑA,ANTIOQUIA,0,0.0050369766965061335,FALSE,TRUE
15580,QUÍPAMA,BOYACÁ,0,0.005059943412848549,FALSE,TRUE
68250,EL PEÑÓN,SANTANDER,0,0.005060828462344629,FALSE,TRUE
15897,ZETAQUIRA,BOYACÁ,0,0.005078617571074354,FALSE,TRUE
50150,CASTILLA LA NUEVA,META,0,0.00509290850744849,FALSE,TRUE
25372,JUNÍN,CUNDINAMARCA,0,0.0051088016817581305,FALSE,TRUE
25518,PAIME,CUNDINAMARCA,0,0.005125287871459843,FALSE,TRUE
73870,VILLAHERMOSA,TOLIMA,0,0.005128728971538708,FALSE,TRUE
86749,SIBUNDOY,PUTUMAYO,0,0.005128857216544377,FALSE,TRUE
19450,MERCADERES,CAUCA,0,0.005131647386912771,FALSE,TRUE
05113,BURITICÁ,ANTIOQUIA,0,0.005178294440618966,FALSE,TRUE
05282,FREDONIA,ANTIOQUIA,0,0.005212227293445785,FALSE,TRUE
76113,BUGALAGRANDE,VALLE DEL CAUCA,0,0.005217221935911692,FALSE,TRUE
52788,TANGUA,NARIÑO,0,0.0052255489110337875,FALSE,TRUE
20614,RÍO DE ORO,CESAR,0,0.005355277283367359,FALSE,TRUE
73411,LÍBANO,TOLIMA,0,0.005379716170708686,FALSE,TRUE
41016,AIPE,HUILA,0,0.005401515715393821,FALSE,TRUE
41518,PAICOL,HUILA,0,0.005401721678630828,FALSE,TRUE
23574,PUERTO ESCONDIDO,CÓRDOBA,0,0.005402860384231984,FALSE,TRUE
76670,SAN PEDRO,VALLE DEL CAUCA,0,0.005406744989669899,FALSE,TRUE
41797,TESALIA,HUILA,0,0.005451321377328344,FALSE,TRUE
47707,SANTA ANA,MAGDALENA,0,0.005472360551864988,FALSE,TRUE
15681,SAN PABLO DE BORBUR,BOYACÁ,0,0.005480864846730279,FALSE,TRUE
15464,MONGUA,BOYACÁ,0,0.005506780823696829,FALSE,TRUE
15469,MONIQUIRÁ,BOYACÁ,0,0.005542990859406916,FALSE,TRUE
54172,CHINÁCOTA,NORTE DE SANTANDER,0,0.005567544759934685,FALSE,TRUE
68444,MATANZA,SANTANDER,0,0.005574507137828645,FALSE,TRUE
73055,ARMERO,TOLIMA,0,0.005589030085525308,FALSE,TRUE
05819,TOLEDO,ANTIOQUIA,0,0.005598685749661634,FALSE,TRUE
08832,TUBARÁ,ATLÁNTICO,0,0.005616057552983002,FALSE,TRUE
86757,SAN MIGUEL,PUTUMAYO,0,0.0056420974963387145,FALSE,TRUE
47605,REMOLINO,MAGDALENA,0,0.0056491492216391576,FALSE,TRUE
52378,LA CRUZ,NARIÑO,0,0.00567058950128969,FALSE,TRUE
41078,BARAYA,HUILA,0,0.00567063029204481,FALSE,TRUE
76041,ANSERMANUEVO,VALLE DEL CAUCA,0,0.005678567831633952,FALSE,TRUE
73873,VILLARRICA,TOLIMA,0,0.005716229962168663,FALSE,TRUE
76606,RESTREPO,VALLE DEL CAUCA,0,0.005729450149570992,FALSE,TRUE
05615,RIONEGRO,ANTIOQUIA,0,0.005733893475302611,FALSE,TRUE
05321,GUATAPÉ,ANTIOQUIA,0,0.005747737427242389,FALSE,TRUE
63690,SALENTO,QUINDÍO,0,0.005771321644533213,FALSE,TRUE
05266,ENVIGADO,ANTIOQUIA,0,0.005779871338266457,FALSE,TRUE
17446,MARULANDA,CALDAS,0,0.005781596201952212,FALSE,TRUE
17042,ANSERMA,CALDAS,0,0.005809581731547223,FALSE,TRUE
23570,PUEBLO NUEVO,CÓRDOBA,0,0.005820462957192617,FALSE,TRUE
19807,TIMBÍO,CAUCA,0,0.005834230561243134,FALSE,TRUE
05093,BETULIA,ANTIOQUIA,0,0.005851069795262558,FALSE,TRUE
05400,LA UNIÓN,ANTIOQUIA,0,0.005889064323419431,FALSE,TRUE
47058,ARIGUANÍ,MAGDALENA,0,0.005890157526086294,FALSE,TRUE
05129,CALDAS,ANTIOQUIA,0,0.0058902607257582925,FALSE,TRUE
76243,EL ÁGUILA,VALLE DEL CAUCA,0,0.005933663499789879,FALSE,TRUE
25148,CAPARRAPÍ,CUNDINAMARCA,0,0.005973824554636527,FALSE,TRUE
17513,PÁCORA,CALDAS,0,0.005988142900779897,FALSE,TRUE
15185,CHITARAQUE,BOYACÁ,0,0.005999426295268569,FALSE,TRUE
25513,PACHO,CUNDINAMARCA,0,0.006005795609054671,FALSE,TRUE
73675,SAN ANTONIO,TOLIMA,0,0.006031782180177926,FALSE,TRUE
05086,BELMIRA,ANTIOQUIA,0,0.00605108468412855,FALSE,TRUE
17174,CHINCHINÁ,CALDAS,0,0.006089082213967794,FALSE,TRUE
05088,BELLO,ANTIOQUIA,0,0.006128033242692785,FALSE,TRUE
66383,LA CELIA,RISARALDA,0,0.006146979340834648,FALSE,TRUE
47170,CHIVOLO,MAGDALENA,0,0.006148649599269068,FALSE,TRUE
15455,MIRAFLORES,BOYACÁ,0,0.006159860162161078,FALSE,TRUE
76563,PRADERA,VALLE DEL CAUCA,0,0.00616111788359641,FALSE,TRUE
13580,REGIDOR,BOLÍVAR,0,0.006200105209136871,FALSE,TRUE
19548,PIENDAMÓ - TUNÍA,CAUCA,0,0.006218374060251592,FALSE,TRUE
17653,SALAMINA,CALDAS,0,0.006252200058570539,FALSE,TRUE
54109,BUCARASICA,NORTE DE SANTANDER,0,0.006254753231355401,FALSE,TRUE
23419,LOS CÓRDOBAS,CÓRDOBA,0,0.006277791131300326,FALSE,TRUE
19364,JAMBALÓ,CAUCA,0,0.006278410777792479,FALSE,TRUE
05541,PEÑOL,ANTIOQUIA,0,0.006335589232639284,FALSE,TRUE
25320,GUADUAS,CUNDINAMARCA,0,0.0063393901602924975,FALSE,TRUE
20011,AGUACHICA,CESAR,0,0.006344955569450611,FALSE,TRUE
76275,FLORIDA,VALLE DEL CAUCA,0,0.006355075960501018,FALSE,TRUE
13894,ZAMBRANO,BOLÍVAR,0,0.006366246360357313,FALSE,TRUE
17380,LA DORADA,CALDAS,0,0.006368723126165741,FALSE,TRUE
20550,PELAYA,CESAR,0,0.0063712756711770055,FALSE,TRUE
63302,GÉNOVA,QUINDÍO,0,0.006379037081384489,FALSE,TRUE
20032,ASTREA,CESAR,0,0.006388068683030645,FALSE,TRUE
50110,BARRANCA DE UPÍA,META,0,0.006465417994030477,FALSE,TRUE
52385,LA LLANADA,NARIÑO,0,0.006548508268853877,FALSE,TRUE
73236,DOLORES,TOLIMA,0,0.006554987638258443,FALSE,TRUE
68207,CONCEPCIÓN,SANTANDER,0,0.0065597709100956875,FALSE,TRUE
17444,MARQUETALIA,CALDAS,0,0.006572039771365886,FALSE,TRUE
68245,EL GUACAMAYO,SANTANDER,0,0.006572149763987304,FALSE,TRUE
25658,SAN FRANCISCO,CUNDINAMARCA,0,0.006615999351490875,FALSE,TRUE
23417,LORICA,CÓRDOBA,0,0.006617373733813628,FALSE,TRUE
17013,AGUADAS,CALDAS,0,0.006626774784944594,FALSE,TRUE
05376,LA CEJA,ANTIOQUIA,0,0.006671822398736811,FALSE,TRUE
50287,FUENTE DE ORO,META,0,0.006706697439138281,FALSE,TRUE
41807,TIMANÁ,HUILA,0,0.006736239715368587,FALSE,TRUE
66088,BELÉN DE UMBRÍA,RISARALDA,0,0.0067658891636655895,FALSE,TRUE
05264,ENTRERRÍOS,ANTIOQUIA,0,0.006773660700315568,FALSE,TRUE
05044,ANZÁ,ANTIOQUIA,0,0.006804031326963455,FALSE,TRUE
76828,TRUJILLO,VALLE DEL CAUCA,0,0.006849541132149692,FALSE,TRUE
47745,SITIONUEVO,MAGDALENA,0,0.0068965083075090364,FALSE,TRUE
63548,PIJAO,QUINDÍO,0,0.006923293956239715,FALSE,TRUE
68296,GALÁN,SANTANDER,0,0.006951020127807439,FALSE,TRUE
13248,EL GUAMO,BOLÍVAR,0,0.006957582225304518,FALSE,TRUE
05411,LIBORINA,ANTIOQUIA,0,0.006974318307644256,FALSE,TRUE
50124,CABUYARO,META,0,0.006975097742856959,FALSE,TRUE
13442,MARÍA LA BAJA,BOLÍVAR,0,0.006982799718068035,FALSE,TRUE
68572,PUENTE NACIONAL,SANTANDER,0,0.0069956069400399735,FALSE,TRUE
25339,GUTIÉRREZ,CUNDINAMARCA,0,0.007013830673100823,FALSE,TRUE
68020,ALBANIA,SANTANDER,0,0.007021280935145917,FALSE,TRUE
41503,OPORAPA,HUILA,0,0.007043963293359398,FALSE,TRUE
15531,PAUNA,BOYACÁ,0,0.007091884713562221,FALSE,TRUE
23855,VALENCIA,CÓRDOBA,0,0.00713746859867262,FALSE,TRUE
19473,MORALES,CAUCA,0,0.007142170382715118,FALSE,TRUE
54871,VILLA CARO,NORTE DE SANTANDER,0,0.007157030573401549,FALSE,TRUE
05591,PUERTO TRIUNFO,ANTIOQUIA,0,0.007158543168596256,FALSE,TRUE
50686,SAN JUANITO,META,0,0.007304792363123675,FALSE,TRUE
05674,SAN VICENTE FERRER,ANTIOQUIA,0,0.007324505272446107,FALSE,TRUE
76306,GINEBRA,VALLE DEL CAUCA,0,0.007342791162899826,FALSE,TRUE
17433,MANZANARES,CALDAS,0,0.007343575092853102,FALSE,TRUE
15135,CAMPOHERMOSO,BOYACÁ,0,0.007451104053713213,FALSE,TRUE
13052,ARJONA,BOLÍVAR,0,0.007465647631933591,FALSE,TRUE
54673,SAN CAYETANO,NORTE DE SANTANDER,0,0.007491338507377998,FALSE,TRUE
76054,ARGELIA,VALLE DEL CAUCA,0,0.007498112812687895,FALSE,TRUE
52405,LEIVA,NARIÑO,0,0.007510551711035803,FALSE,TRUE
05313,GRANADA,ANTIOQUIA,0,0.007518761291312591,FALSE,TRUE
41524,PALERMO,HUILA,0,0.007566085197979803,FALSE,TRUE
19760,SOTARÁ PAISPAMBA,CAUCA,0,0.007586605491633887,FALSE,TRUE
76248,EL CERRITO,VALLE DEL CAUCA,0,0.0076019150521278575,FALSE,TRUE
68320,GUADALUPE,SANTANDER,0,0.007649278416768008,FALSE,TRUE
54377,LABATECA,NORTE DE SANTANDER,0,0.007677396585411249,FALSE,TRUE
17486,NEIRA,CALDAS,0,0.007783355354710307,FALSE,TRUE
68547,PIEDECUESTA,SANTANDER,0,0.007787213452815464,FALSE,TRUE
68013,AGUADA,SANTANDER,0,0.007809828649270059,FALSE,TRUE
41791,TARQUI,HUILA,0,0.007857490450738844,FALSE,TRUE
52256,EL ROSARIO,NARIÑO,0,0.007859363301583487,FALSE,TRUE
73043,ANZOÁTEGUI,TOLIMA,0,0.007943005228063058,FALSE,TRUE
13430,MAGANGUÉ,BOLÍVAR,0,0.007989341490128508,FALSE,TRUE
05789,TÁMESIS,ANTIOQUIA,0,0.00799661988095981,FALSE,TRUE
15332,GÜICÁN DE LA SIERRA,BOYACÁ,0,0.008004004083464444,FALSE,TRUE
05543,PEQUE,ANTIOQUIA,0,0.008005270013619377,FALSE,TRUE
85263,PORE,CASANARE,0,0.008039075110190275,FALSE,TRUE
73622,RONCESVALLES,TOLIMA,0,0.008089493056883433,FALSE,TRUE
73504,ORTEGA,TOLIMA,0,0.00812324477693152,FALSE,TRUE
52233,CUMBITARA,NARIÑO,0,0.008147210266749154,FALSE,TRUE
68780,SURATÁ,SANTANDER,0,0.008162753831779248,FALSE,TRUE
13244,EL CARMEN DE BOLÍVAR,BOLÍVAR,0,0.008302688094182853,FALSE,TRUE
73226,CUNDAY,TOLIMA,0,0.008357856892699918,FALSE,TRUE
68344,HATO,SANTANDER,0,0.008413262171208073,FALSE,TRUE
50245,EL CALVARIO,META,0,0.008462349093365679,FALSE,TRUE
54498,OCAÑA,NORTE DE SANTANDER,0,0.008476533466403747,FALSE,TRUE
85279,RECETOR,CASANARE,0,0.008523261697858973,FALSE,TRUE
66687,SANTUARIO,RISARALDA,0,0.008530241595328404,FALSE,TRUE
13030,ALTOS DEL ROSARIO,BOLÍVAR,0,0.008542303814280231,FALSE,TRUE
47318,GUAMAL,MAGDALENA,0,0.00858625317438636,FALSE,TRUE
68669,SAN ANDRÉS,SANTANDER,0,0.008609117892507779,FALSE,TRUE
50606,RESTREPO,META,0,0.008701092943263976,FALSE,TRUE
47570,PUEBLOVIEJO,MAGDALENA,0,0.008705962057273555,FALSE,TRUE
73283,FRESNO,TOLIMA,0,0.00872093763184098,FALSE,TRUE
13074,BARRANCO DE LOBA,BOLÍVAR,0,0.008765553847177017,FALSE,TRUE
20787,TAMALAMEQUE,CESAR,0,0.008830659660275127,FALSE,TRUE
81220,CRAVO NORTE,ARAUCA,0,0.008845011467853301,FALSE,TRUE
41306,GIGANTE,HUILA,0,0.008878745463770554,FALSE,TRUE
44420,LA JAGUA DEL PILAR,LA GUAJIRA,0,0.008897945805598401,FALSE,TRUE
66045,APÍA,RISARALDA,0,0.00896901297204319,FALSE,TRUE
76111,GUADALAJARA DE BUGA,VALLE DEL CAUCA,0,0.009062445689642611,FALSE,TRUE
13001,CARTAGENA DE INDIAS,BOLÍVAR,0,0.00906421525112621,FALSE,TRUE
54261,EL ZULIA,NORTE DE SANTANDER,0,0.009103047814565501,FALSE,TRUE
05002,ABEJORRAL,ANTIOQUIA,0,0.009164494001111747,FALSE,TRUE
19785,SUCRE,CAUCA,0,0.009225760090587376,FALSE,TRUE
47268,EL RETÉN,MAGDALENA,0,0.009252767137383343,FALSE,TRUE
05607,RETIRO,ANTIOQUIA,0,0.009255639154931161,FALSE,TRUE
15690,SANTA MARÍA,BOYACÁ,0,0.009266272328539837,FALSE,TRUE
25839,UBALÁ,CUNDINAMARCA,0,0.009268684492759123,FALSE,TRUE
05665,SAN PEDRO DE URABÁ,ANTIOQUIA,0,0.009337288007617335,FALSE,TRUE
23079,BUENAVISTA,CÓRDOBA,0,0.009437785073545786,FALSE,TRUE
05021,ALEJANDRÍA,ANTIOQUIA,0,0.009456915531090003,FALSE,TRUE
19212,CORINTO,CAUCA,0,0.009458509580991075,FALSE,TRUE
41676,SANTA MARÍA,HUILA,0,0.009515501145239578,FALSE,TRUE
05237,DONMATÍAS,ANTIOQUIA,0,0.009518942403451748,FALSE,TRUE
19397,LA VEGA,CAUCA,0,0.009646744292917717,FALSE,TRUE
52699,SANTACRUZ,NARIÑO,0,0.00965411850734217,FALSE,TRUE
73124,CAJAMARCA,TOLIMA,0,0.009657576167158899,FALSE,TRUE
19743,SILVIA,CAUCA,0,0.009673945482259328,FALSE,TRUE
19698,SANTANDER DE QUILICHAO,CAUCA,0,0.00969537146807902,FALSE,TRUE
52540,POLICARPA,NARIÑO,0,0.009723544147781009,FALSE,TRUE
68211,CONTRATACIÓN,SANTANDER,0,0.009829570041250728,FALSE,TRUE
70713,SAN ONOFRE,SUCRE,0,0.009899502582483868,FALSE,TRUE
50680,SAN CARLOS DE GUAROA,META,0,0.009946163316135768,FALSE,TRUE
54518,PAMPLONA,NORTE DE SANTANDER,0,0.009985568281573686,FALSE,TRUE
20383,LA GLORIA,CESAR,0,0.010015598287696069,FALSE,FALSE
85225,NUNCHÍA,CASANARE,0,0.010067867000131268,FALSE,FALSE
20710,SAN ALBERTO,CESAR,0,0.01010743591534219,FALSE,FALSE
20517,PAILITAS,CESAR,0,0.010127629444530035,FALSE,FALSE
73443,SAN SEBASTIÁN DE MARIQUITA,TOLIMA,0,0.01014387491402586,FALSE,FALSE
52399,LA UNIÓN,NARIÑO,0,0.010184789261301532,FALSE,FALSE
73347,HERVEO,TOLIMA,0,0.010192804630946637,FALSE,FALSE
68307,GIRÓN,SANTANDER,0,0.010347195473635882,FALSE,FALSE
50313,GRANADA,META,0,0.010413323300374583,FALSE,FALSE
88001,SAN ANDRÉS,"ARCHIPIÉLAGO DE SAN ANDRÉS, PROVIDENCIA Y SANTA CATALINA",0,0.010443601967070284,FALSE,FALSE
20250,EL PASO,CESAR,0,0.010481937650556326,FALSE,FALSE
19821,TORIBÍO,CAUCA,0,0.010518050313213668,FALSE,FALSE
17873,VILLAMARÍA,CALDAS,0,0.01059430376240329,FALSE,FALSE
19693,SAN SEBASTIÁN,CAUCA,0,0.010606765919306201,FALSE,FALSE
25293,GACHALÁ,CUNDINAMARCA,0,0.010646921747007572,FALSE,FALSE
44279,FONSECA,LA GUAJIRA,0,0.01069136897774592,FALSE,FALSE
19137,CALDONO,CAUCA,0,0.010695834068247314,FALSE,FALSE
47555,PLATO,MAGDALENA,0,0.01070422154550639,FALSE,FALSE
85136,LA SALINA,CASANARE,0,0.010716051325588912,FALSE,FALSE
50226,CUMARAL,META,0,0.010731263205617469,FALSE,FALSE
54670,SAN CALIXTO,NORTE DE SANTANDER,0,0.010741883848425712,FALSE,FALSE
68502,ONZAGA,SANTANDER,0,0.010775512345857155,FALSE,FALSE
05042,SANTA FÉ DE ANTIOQUIA,ANTIOQUIA,0,0.01080821372564023,FALSE,FALSE
52258,EL TABLÓN DE GÓMEZ,NARIÑO,0,0.01080884094382949,FALSE,FALSE
76736,SEVILLA,VALLE DEL CAUCA,0,0.01091296684619112,FALSE,FALSE
23001,MONTERÍA,CÓRDOBA,0,0.01091713128900634,FALSE,FALSE
15180,CHISCAS,BOYACÁ,0,0.010957693136401414,FALSE,FALSE
70708,SAN MARCOS,SUCRE,0,0.011011693147998339,FALSE,FALSE
05628,SABANALARGA,ANTIOQUIA,0,0.0110264188138048,FALSE,FALSE
05483,NARIÑO,ANTIOQUIA,0,0.011123114217350771,FALSE,FALSE
15183,CHITA,BOYACÁ,0,0.011126024976619167,FALSE,FALSE
85300,SABANALARGA,CASANARE,0,0.011134397125269502,FALSE,FALSE
15514,PÁEZ,BOYACÁ,0,0.011169888117509283,FALSE,FALSE
41357,ÍQUIRA,HUILA,0,0.01124889349343297,FALSE,FALSE
13268,EL PEÑÓN,BOLÍVAR,0,0.011259375919953553,FALSE,FALSE
68406,LEBRIJA,SANTANDER,0,0.011263360101261326,FALSE,FALSE
17001,MANIZALES,CALDAS,0,0.011282623006172731,FALSE,FALSE
05659,SAN JUAN DE URABÁ,ANTIOQUIA,0,0.011284635181398809,FALSE,FALSE
05364,JARDÍN,ANTIOQUIA,0,0.011475655349506206,FALSE,FALSE
05125,CAICEDO,ANTIOQUIA,0,0.01148376059363311,FALSE,FALSE
73067,ATACO,TOLIMA,0,0.011526192054441544,FALSE,FALSE
54223,CUCUTILLA,NORTE DE SANTANDER,0,0.011771996959657808,FALSE,FALSE
05315,GUADALUPE,ANTIOQUIA,0,0.011919269771298409,FALSE,FALSE
85139,MANÍ,CASANARE,0,0.01201047659212065,FALSE,FALSE
54128,CÁCHIRA,NORTE DE SANTANDER,0,0.012074778882551863,FALSE,FALSE
85162,MONTERREY,CASANARE,0,0.0121101309072613,FALSE,FALSE
15755,SOCOTÁ,BOYACÁ,0,0.012127686477238735,FALSE,FALSE
20770,SAN MARTÍN,CESAR,0,0.012196207029092082,FALSE,FALSE
17495,NORCASIA,CALDAS,0,0.012215362231863347,FALSE,FALSE
47245,EL BANCO,MAGDALENA,0,0.01231117747453188,FALSE,FALSE
05142,CARACOLÍ,ANTIOQUIA,0,0.012413625091997702,FALSE,FALSE
20443,MANAURE BALCÓN DEL CESAR,CESAR,0,0.012481350186780359,FALSE,FALSE
20750,SAN DIEGO,CESAR,0,0.012502028607822652,FALSE,FALSE
68377,LA BELLEZA,SANTANDER,0,0.012502080863804192,FALSE,FALSE
15507,OTANCHE,BOYACÁ,0,0.012612295537336907,FALSE,FALSE
68092,BETULIA,SANTANDER,0,0.012631084988747043,FALSE,FALSE
76616,RIOFRÍO,VALLE DEL CAUCA,0,0.012667808736792583,FALSE,FALSE
68770,SUAITA,SANTANDER,0,0.012704721957807532,FALSE,FALSE
15047,AQUITANIA,BOYACÁ,0,0.01270741904439253,FALSE,FALSE
70265,GUARANDA,SUCRE,0,0.012777276655923904,FALSE,FALSE
05079,BARBOSA,ANTIOQUIA,0,0.012895776294018219,FALSE,FALSE
73624,ROVIRA,TOLIMA,0,0.013010343180035376,FALSE,FALSE
85230,OROCUÉ,CASANARE,0,0.01303832380102071,FALSE,FALSE
19075,BALBOA,CAUCA,0,0.013058669344500584,FALSE,FALSE
05206,CONCEPCIÓN,ANTIOQUIA,0,0.01312698475533803,FALSE,FALSE
13654,SAN JACINTO,BOLÍVAR,0,0.013152754272694451,FALSE,FALSE
19110,BUENOS AIRES,CAUCA,0,0.013219231851307016,FALSE,FALSE
44430,MAICAO,LA GUAJIRA,0,0.0132342867454105,FALSE,FALSE
44110,EL MOLINO,LA GUAJIRA,0,0.013239033887617541,FALSE,FALSE
05055,ARGELIA,ANTIOQUIA,0,0.013347686217039864,FALSE,FALSE
52110,BUESACO,NARIÑO,0,0.013350611357797176,FALSE,FALSE
13667,SAN MARTÍN DE LOBA,BOLÍVAR,0,0.013494360302598995,FALSE,FALSE
15572,PUERTO BOYACÁ,BOYACÁ,0,0.013781170023568023,FALSE,FALSE
41359,ISNOS,HUILA,0,0.01390830361841084,FALSE,FALSE
68720,SANTA HELENA DEL OPÓN,SANTANDER,0,0.013962293168071425,FALSE,FALSE
99624,SANTA ROSALÍA,VICHADA,0,0.014111574042639432,FALSE,FALSE
08638,SABANALARGA,ATLÁNTICO,0,0.01421943788053994,FALSE,FALSE
81591,PUERTO RONDÓN,ARAUCA,0,0.014275597407334837,FALSE,FALSE
68264,ENCINO,SANTANDER,0,0.014292098607625111,FALSE,FALSE
70400,LA UNIÓN,SUCRE,0,0.014297472063215296,FALSE,FALSE
13549,PINILLOS,BOLÍVAR,0,0.014382822861466223,FALSE,FALSE
52573,PUERRES,NARIÑO,0,0.014440360490445768,FALSE,FALSE
41001,NEIVA,HUILA,0,0.014469116991462834,FALSE,FALSE
41530,PALESTINA,HUILA,0,0.014545306006924953,FALSE,FALSE
68861,VÉLEZ,SANTANDER,0,0.01455677886844833,FALSE,FALSE
05150,CAROLINA,ANTIOQUIA,0,0.014579632930444248,FALSE,FALSE
44855,URUMITA,LA GUAJIRA,0,0.014750983473673167,FALSE,FALSE
17541,PENSILVANIA,CALDAS,0,0.014845194812140533,FALSE,FALSE
05647,SAN ANDRÉS DE CUERQUÍA,ANTIOQUIA,0,0.014939914667506032,FALSE,FALSE
41298,GARZÓN,HUILA,0,0.014945108115872121,FALSE,FALSE
70429,MAJAGUAL,SUCRE,0,0.015023524446778794,FALSE,FALSE
17614,RIOSUCIO,CALDAS,0,0.015045746236906445,FALSE,FALSE
70678,SAN BENITO ABAD,SUCRE,0,0.015051680977650554,FALSE,FALSE
54660,SALAZAR,NORTE DE SANTANDER,0,0.015190380254911791,FALSE,FALSE
15667,SAN LUIS DE GACENO,BOYACÁ,0,0.015287967181977766,FALSE,FALSE
41020,ALGECIRAS,HUILA,0,0.015351856561917095,FALSE,FALSE
54385,LA ESPERANZA,NORTE DE SANTANDER,0,0.015434162231725236,FALSE,FALSE
47980,ZONA BANANERA,MAGDALENA,0,0.015468594811884551,FALSE,FALSE
76520,PALMIRA,VALLE DEL CAUCA,0,0.015558657721397341,FALSE,FALSE
54051,ARBOLEDAS,NORTE DE SANTANDER,0,0.015830241483019473,FALSE,FALSE
52612,RICAURTE,NARIÑO,0,0.01590599963830026,FALSE,FALSE
13657,SAN JUAN NEPOMUCENO,BOLÍVAR,0,0.01594339243639242,FALSE,FALSE
85315,SÁCAMA,CASANARE,0,0.015958669686963307,FALSE,FALSE
15533,PAYA,BOYACÁ,0,0.01603180934993134,FALSE,FALSE
19001,POPAYÁN,CAUCA,0,0.016208237124082474,FALSE,FALSE
50683,SAN JUAN DE ARAMA,META,0,0.016234136755090577,FALSE,FALSE
54344,HACARÍ,NORTE DE SANTANDER,0,0.016286552628090426,FALSE,FALSE
68773,SUCRE,SANTANDER,0,0.016378523026026368,FALSE,FALSE
85325,SAN LUIS DE PALENQUE,CASANARE,0,0.01641054716872214,FALSE,FALSE
13490,NOROSÍ,BOLÍVAR,0,0.016417641068654044,FALSE,FALSE
73001,IBAGUÉ,TOLIMA,0,0.01643388302364514,FALSE,FALSE
05425,MACEO,ANTIOQUIA,0,0.01645369839287894,FALSE,FALSE
66001,PEREIRA,RISARALDA,0,0.016574848574507525,FALSE,FALSE
41770,SUAZA,HUILA,0,0.01661468380352477,FALSE,FALSE
05148,EL CARMEN DE VIBORAL,ANTIOQUIA,0,0.016800348672577556,FALSE,FALSE
68255,EL PLAYÓN,SANTANDER,0,0.016835773956264448,FALSE,FALSE
05642,SALGAR,ANTIOQUIA,0,0.01691833681317659,FALSE,FALSE
41378,LA ARGENTINA,HUILA,0,0.016977252078898834,FALSE,FALSE
85410,TAURAMENA,CASANARE,0,0.01701283021613323,FALSE,FALSE
19701,SANTA ROSA,CAUCA,0,0.017032398273239855,FALSE,FALSE
25335,GUAYABETAL,CUNDINAMARCA,0,0.01712489074612546,FALSE,FALSE
52260,EL TAMBO,NARIÑO,0,0.01723151892875813,FALSE,FALSE
50689,SAN MARTÍN,META,0,0.01755529290949194,FALSE,FALSE
15518,PAJARITO,BOYACÁ,0,0.01774696392738132,FALSE,FALSE
25885,YACOPÍ,CUNDINAMARCA,0,0.017989959608442095,FALSE,FALSE
05842,URAMITA,ANTIOQUIA,0,0.01810085122074492,FALSE,FALSE
23678,SAN CARLOS,CÓRDOBA,0,0.018117419952734564,FALSE,FALSE
68298,GÁMBITA,SANTANDER,0,0.018156776976164548,FALSE,FALSE
20400,LA JAGUA DE IBIRICO,CESAR,0,0.0181983828260925,FALSE,FALSE
68167,CHARALÁ,SANTANDER,0,0.01825726322291123,FALSE,FALSE
52227,CUMBAL,NARIÑO,0,0.018286995092541135,FALSE,FALSE
05585,PUERTO NARE,ANTIOQUIA,0,0.018363343614377373,FALSE,FALSE
05197,COCORNÁ,ANTIOQUIA,0,0.018400370161600614,FALSE,FALSE
20238,EL COPEY,CESAR,0,0.01840903754788796,FALSE,FALSE
47660,SABANAS DE SAN ÁNGEL,MAGDALENA,0,0.018436607469775754,FALSE,FALSE
85015,CHÁMEZA,CASANARE,0,0.018448123987209592,FALSE,FALSE
68217,COROMORO,SANTANDER,0,0.018506906995783216,FALSE,FALSE
47288,FUNDACIÓN,MAGDALENA,0,0.018689050565912628,FALSE,FALSE
05051,ARBOLETES,ANTIOQUIA,0,0.019007636625697624,FALSE,FALSE
47551,PIVIJAY,MAGDALENA,0,0.019034550385550214,FALSE,FALSE
85010,AGUAZUL,CASANARE,0,0.01916256809341419,FALSE,FALSE
52287,FUNES,NARIÑO,0,0.019415742296090856,FALSE,FALSE
20228,CURUMANÍ,CESAR,0,0.019566580468135048,FALSE,FALSE
05101,CIUDAD BOLÍVAR,ANTIOQUIA,0,0.01965323030340481,FALSE,FALSE
25530,PARATEBUENO,CUNDINAMARCA,0,0.019709101721670376,FALSE,FALSE
05885,YALÍ,ANTIOQUIA,0,0.019808584188673917,FALSE,FALSE
41801,TERUEL,HUILA,0,0.019824113267449997,FALSE,FALSE
68500,OIBA,SANTANDER,0,0.020019103122988144,FALSE,FALSE
73678,SAN LUIS,TOLIMA,0,0.020116108845289984,FALSE,FALSE
85001,YOPAL,CASANARE,0,0.02016595090788085,FALSE,FALSE
52560,POTOSÍ,NARIÑO,0,0.020205049931338613,FALSE,FALSE
44078,BARRANCAS,LA GUAJIRA,0,0.020237990471360778,FALSE,FALSE
05690,SANTO DOMINGO,ANTIOQUIA,0,0.02048342334334796,FALSE,FALSE
66456,MISTRATÓ,RISARALDA,0,0.020500816565247094,FALSE,FALSE
41206,COLOMBIA,HUILA,0,0.020878834782950762,FALSE,FALSE
76364,JAMUNDÍ,VALLE DEL CAUCA,0,0.020952471532904905,FALSE,FALSE
20178,CHIRIGUANÁ,CESAR,0,0.021049378030481052,FALSE,FALSE
18479,MORELIA,CAQUETÁ,0,0.021146160035368178,FALSE,FALSE
76834,TULUÁ,VALLE DEL CAUCA,0,0.021336935704258875,FALSE,FALSE
05756,SONSÓN,ANTIOQUIA,0,0.021538146422677946,FALSE,FALSE
41319,GUADALUPE,HUILA,0,0.021580730483823737,FALSE,FALSE
17867,VICTORIA,CALDAS,0,0.021746023691430832,FALSE,FALSE
20175,CHIMICHAGUA,CESAR,0,0.021802986712804465,FALSE,FALSE
13600,RÍO VIEJO,BOLÍVAR,0,0.021890196629241587,FALSE,FALSE
73770,SUÁREZ,TOLIMA,0,0.02195332618721312,FALSE,FALSE
15377,LABRANZAGRANDE,BOYACÁ,0,0.022047242337429673,FALSE,FALSE
11001,"BOGOTÁ, D.C.","BOGOTÁ, D.C.",0,0.02232818877930714,FALSE,FALSE
50001,VILLAVICENCIO,META,0,0.022399899439800603,FALSE,FALSE
85430,TRINIDAD,CASANARE,0,0.022609445079676063,FALSE,FALSE
68235,EL CARMEN DE CHUCURÍ,SANTANDER,0,0.02263611721826479,FALSE,FALSE
68573,PUERTO PARRA,SANTANDER,0,0.0228785240632004,FALSE,FALSE
13042,ARENAL,BOLÍVAR,0,0.022900732510399747,FALSE,FALSE
54003,ÁBREGO,NORTE DE SANTANDER,0,0.023183594166647472,FALSE,FALSE
50400,LEJANÍAS,META,0,0.023206480240889348,FALSE,FALSE
44650,SAN JUAN DEL CESAR,LA GUAJIRA,0,0.023211427429881894,FALSE,FALSE
05091,BETANIA,ANTIOQUIA,0,0.023280994660239532,FALSE,FALSE
52678,SAMANIEGO,NARIÑO,0,0.02383284715618687,FALSE,FALSE
52418,LOS ANDES,NARIÑO,0,0.023887883232248452,FALSE,FALSE
18029,ALBANIA,CAQUETÁ,0,0.023932665396531074,FALSE,FALSE
05138,CAÑASGORDAS,ANTIOQUIA,0,0.02426571542596555,FALSE,FALSE
41660,SALADOBLANCO,HUILA,0,0.024492099285202417,FALSE,FALSE
20045,BECERRIL,CESAR,0,0.024915778202844678,FALSE,FALSE
05667,SAN RAFAEL,ANTIOQUIA,0,0.024926319087011324,FALSE,FALSE
23682,SAN JOSÉ DE URÉ,CÓRDOBA,0,0.025030666242959902,FALSE,FALSE
50251,EL CASTILLO,META,0,0.025098840129626182,FALSE,FALSE
68385,LANDÁZURI,SANTANDER,0,0.025197979763760456,FALSE,FALSE
05004,ABRIAQUÍ,ANTIOQUIA,0,0.02529210145365619,FALSE,FALSE
05670,SAN ROQUE,ANTIOQUIA,0,0.0256277417705722,FALSE,FALSE
05686,SANTA ROSA DE OSOS,ANTIOQUIA,0,0.025776955971761578,FALSE,FALSE
68081,BARRANCABERMEJA,SANTANDER,0,0.026286985012197013,FALSE,FALSE
17662,SAMANÁ,CALDAS,0,0.027002964127715592,FALSE,FALSE
19355,INZÁ,CAUCA,0,0.027012144773829353,FALSE,FALSE
19532,PATÍA,CAUCA,0,0.02702207514360128,FALSE,FALSE
52435,MALLAMA,NARIÑO,0,0.027400232127158124,FALSE,FALSE
05038,ANGOSTURA,ANTIOQUIA,0,0.027410814242767544,FALSE,FALSE
81001,ARAUCA,ARAUCA,0,0.027901859753447646,FALSE,FALSE
27660,SAN JOSÉ DEL PALMAR,CHOCÓ,0,0.028142555216252058,FALSE,FALSE
86865,VALLE DEL GUAMUEZ,PUTUMAYO,0,0.028364217379229974,FALSE,FALSE
41006,ACEVEDO,HUILA,0,0.028446473057368693,FALSE,FALSE
20013,AGUSTÍN CODAZZI,CESAR,0,0.028625706050810724,FALSE,FALSE
20621,LA PAZ,CESAR,0,0.028939062738109627,FALSE,FALSE
19130,CAJIBÍO,CAUCA,0,0.028984119578360605,FALSE,FALSE
05310,GÓMEZ PLATA,ANTIOQUIA,0,0.029186681794366755,FALSE,FALSE
25438,MEDINA,CUNDINAMARCA,0,0.029241289141957897,FALSE,FALSE
05858,VEGACHÍ,ANTIOQUIA,0,0.029352397840046143,FALSE,FALSE
05579,PUERTO BERRÍO,ANTIOQUIA,0,0.029545360316117292,FALSE,FALSE
15550,PISBA,BOYACÁ,0,0.029551724468664883,FALSE,FALSE
68689,SAN VICENTE DE CHUCURÍ,SANTANDER,0,0.02987015734067229,FALSE,FALSE
68745,SIMACOTA,SANTANDER,0,0.03034754213467404,FALSE,FALSE
05147,CAREPA,ANTIOQUIA,0,0.030382343966891493,FALSE,FALSE
76233,DAGUA,VALLE DEL CAUCA,0,0.03080799093191489,FALSE,FALSE
54174,CHITAGÁ,NORTE DE SANTANDER,0,0.031056462418620367,FALSE,FALSE
19100,BOLÍVAR,CAUCA,0,0.031317087063032066,FALSE,FALSE
52473,MOSQUERA,NARIÑO,0,0.031590844049996486,FALSE,FALSE
54001,SAN JOSÉ DE CÚCUTA,NORTE DE SANTANDER,0,0.032169090884213325,FALSE,FALSE
05034,ANDES,ANTIOQUIA,0,0.03247491407689797,FALSE,FALSE
23068,AYAPEL,CÓRDOBA,0,0.032549841384184076,FALSE,FALSE
86755,SAN FRANCISCO,PUTUMAYO,0,0.03303670246307901,FALSE,FALSE
85125,HATO COROZAL,CASANARE,0,0.03368048637748744,FALSE,FALSE
18785,SOLITA,CAQUETÁ,0,0.03375268435553041,FALSE,FALSE
50450,PUERTO CONCORDIA,META,0,0.03447385435396369,FALSE,FALSE
76100,BOLÍVAR,VALLE DEL CAUCA,0,0.034758976515533335,FALSE,FALSE
05649,SAN CARLOS,ANTIOQUIA,0,0.034812590868497105,FALSE,FALSE
05045,APARTADÓ,ANTIOQUIA,0,0.03494532442434227,FALSE,FALSE
41396,LA PLATA,HUILA,0,0.03507168965199992,FALSE,FALSE
13473,MORALES,BOLÍVAR,0,0.03507444411109405,FALSE,FALSE
05652,SAN FRANCISCO,ANTIOQUIA,0,0.035237870614024794,FALSE,FALSE
13744,SIMITÍ,BOLÍVAR,0,0.03544297209267975,FALSE,FALSE
05107,BRICEÑO,ANTIOQUIA,0,0.035674951587845644,FALSE,FALSE
50573,PUERTO LÓPEZ,META,0,0.03588465040888342,FALSE,FALSE
76126,CALIMA,VALLE DEL CAUCA,0,0.03639775162659596,FALSE,FALSE
18205,CURILLO,CAQUETÁ,0,0.03647172103249435,FALSE,FALSE
52390,LA TOLA,NARIÑO,0,0.03675215662603001,FALSE,FALSE
13810,TIQUISIO,BOLÍVAR,0,0.03708772839222826,FALSE,FALSE
41551,PITALITO,HUILA,0,0.03717945901913331,FALSE,FALSE
52520,FRANCISCO PIZARRO,NARIÑO,0,0.03745818368501754,FALSE,FALSE
73168,CHAPARRAL,TOLIMA,0,0.037860238824521934,FALSE,FALSE
68101,BOLÍVAR,SANTANDER,0,0.038609231345668654,FALSE,FALSE
85400,TÁMARA,CASANARE,0,0.03885419517465571,FALSE,FALSE
85250,PAZ DE ARIPORO,CASANARE,0,0.03894716943782665,FALSE,FALSE
23466,MONTELÍBANO,CÓRDOBA,0,0.04014760386774504,FALSE,FALSE
68655,SABANA DE TORRES,SANTANDER,0,0.041810207974810665,FALSE,FALSE
99001,PUERTO CARREÑO,VICHADA,0,0.0418634382219641,FALSE,FALSE
50577,PUERTO LLERAS,META,0,0.04204655697912876,FALSE,FALSE
68575,PUERTO WILCHES,SANTANDER,0,0.04222687615997694,FALSE,FALSE
73616,RIOBLANCO,TOLIMA,0,0.0422631934099024,FALSE,FALSE
05890,YOLOMBÓ,ANTIOQUIA,0,0.04263344167948954,FALSE,FALSE
50006,ACACÍAS,META,0,0.04265056325779165,FALSE,FALSE
66572,PUEBLO RICO,RISARALDA,0,0.04294045105939314,FALSE,FALSE
54820,TOLEDO,NORTE DE SANTANDER,0,0.04365270965677862,FALSE,FALSE
50223,CUBARRAL,META,0,0.04419857967862235,FALSE,FALSE
52001,PASTO,NARIÑO,0,0.0444237138371915,FALSE,FALSE
05660,SAN LUIS,ANTIOQUIA,0,0.04442873813150099,FALSE,FALSE
13160,CANTAGALLO,BOLÍVAR,0,0.04591174425316316,FALSE,FALSE
19780,SUÁREZ,CAUCA,0,0.04695575874831885,FALSE,FALSE
68615,RIONEGRO,SANTANDER,0,0.046976305855693484,FALSE,FALSE
54720,SARDINATA,NORTE DE SANTANDER,0,0.04728383278726897,FALSE,FALSE
05172,CHIGORODÓ,ANTIOQUIA,0,0.04906381320763983,FALSE,FALSE
73555,PLANADAS,TOLIMA,0,0.04987260917658769,FALSE,FALSE
50330,MESETAS,META,0,0.05157731894306627,FALSE,FALSE
99524,LA PRIMAVERA,VICHADA,0,0.051605390958941434,FALSE,FALSE
52356,IPIALES,NARIÑO,0,0.05175545654987976,FALSE,FALSE
70771,SUCRE,SUCRE,0,0.05208035446453807,FALSE,FALSE
47189,CIÉNAGA,MAGDALENA,0,0.05475022092163344,FALSE,FALSE
13655,SAN JACINTO DEL CAUCA,BOLÍVAR,0,0.055117414476527085,FALSE,FALSE
81300,FORTUL,ARAUCA,0,0.05571224344491859,FALSE,FALSE
54206,CONVENCIÓN,NORTE DE SANTANDER,0,0.055816310547787365,FALSE,FALSE
05490,NECOCLÍ,ANTIOQUIA,0,0.05628044931252422,FALSE,FALSE
52696,SANTA BÁRBARA,NARIÑO,0,0.056699682962850856,FALSE,FALSE
54800,TEORAMA,NORTE DE SANTANDER,0,0.05681184960987923,FALSE,FALSE
20001,VALLEDUPAR,CESAR,0,0.057046648413853304,FALSE,FALSE
19050,ARGELIA,CAUCA,0,0.0580389993286317,FALSE,FALSE
20570,PUEBLO BELLO,CESAR,0,0.05841643563201862,FALSE,FALSE
95015,CALAMAR,GUAVIARE,0,0.0586970190957614,FALSE,FALSE
81736,SARAVENA,ARAUCA,0,0.05979239122739026,FALSE,FALSE
13006,ACHÍ,BOLÍVAR,0,0.06032825930110318,FALSE,FALSE
05154,CAUCASIA,ANTIOQUIA,0,0.06038465460463403,FALSE,FALSE
81065,ARAUQUITA,ARAUCA,0,0.06061561705393252,FALSE,FALSE
94884,PUERTO COLOMBIA,GUAINÍA,0,0.06105931681051866,FALSE,FALSE
18860,VALPARAÍSO,CAQUETÁ,0,0.06170480576770221,FALSE,FALSE
54250,EL TARRA,NORTE DE SANTANDER,0,0.06431396219746777,FALSE,FALSE
68190,CIMITARRA,SANTANDER,0,0.0647177165666926,FALSE,FALSE
23580,PUERTO LIBERTADOR,CÓRDOBA,0,0.06678819658384126,FALSE,FALSE
18247,EL DONCELLO,CAQUETÁ,0,0.06702139230706397,FALSE,FALSE
91540,PUERTO NARIÑO,AMAZONAS,0,0.06800597412466095,FALSE,FALSE
05495,NECHÍ,ANTIOQUIA,0,0.06819525683307369,FALSE,FALSE
27245,EL CARMEN DE ATRATO,CHOCÓ,0,0.0704387979287954,FALSE,FALSE
05001,MEDELLÍN,ANTIOQUIA,0,0.07129963263765753,FALSE,FALSE
54810,TIBÚ,NORTE DE SANTANDER,0,0.07263208709263605,FALSE,FALSE
50568,PUERTO GAITÁN,META,0,0.07320639117773171,FALSE,FALSE
05031,AMALFI,ANTIOQUIA,0,0.07328571131821998,FALSE,FALSE
05887,YARUMAL,ANTIOQUIA,0,0.07438548024028135,FALSE,FALSE
50711,VISTAHERMOSA,META,0,0.07537352073924514,FALSE,FALSE
19517,PÁEZ,CAUCA,0,0.07596906822833223,FALSE,FALSE
05854,VALDIVIA,ANTIOQUIA,0,0.07789929548703713,FALSE,FALSE
05284,FRONTINO,ANTIOQUIA,0,0.07965267122602873,FALSE,FALSE
91430,LA VICTORIA,AMAZONAS,0,0.08095778509024823,FALSE,FALSE
18256,EL PAUJÍL,CAQUETÁ,0,0.0812303916793575,FALSE,FALSE
86569,PUERTO CAICEDO,PUTUMAYO,0,0.0818393189374665,FALSE,FALSE
86568,PUERTO ASÍS,PUTUMAYO,0,0.08189942576941597,FALSE,FALSE
05604,REMEDIOS,ANTIOQUIA,0,0.08216499591918863,FALSE,FALSE
05847,URRAO,ANTIOQUIA,0,0.08360681981055756,FALSE,FALSE
05790,TARAZÁ,ANTIOQUIA,0,0.08454836321386497,FALSE,FALSE
18460,MILÁN,CAQUETÁ,0,0.08537358197675175,FALSE,FALSE
18094,BELÉN DE LOS ANDAQUÍES,CAQUETÁ,0,0.08678754994867788,FALSE,FALSE
13670,SAN PABLO,BOLÍVAR,0,0.08887292487944203,FALSE,FALSE
05250,EL BAGRE,ANTIOQUIA,0,0.09097242658407075,FALSE,FALSE
05837,TURBO,ANTIOQUIA,0,0.09295069296753199,FALSE,FALSE
44035,ALBANIA,LA GUAJIRA,0,0.09553445628367127,FALSE,FALSE
13688,SANTA ROSA DEL SUR,BOLÍVAR,0,0.09593320493720561,FALSE,FALSE
52621,ROBERTO PAYÁN,NARIÑO,0,0.09863135602979964,FALSE,FALSE
15223,CUBARÁ,BOYACÁ,0,0.10024070711941306,FALSE,FALSE
81794,TAME,ARAUCA,0,0.10065129729807128,FALSE,FALSE
76001,SANTIAGO DE CALI,VALLE DEL CAUCA,0,0.1014842523509975,FALSE,FALSE
27745,SIPÍ,CHOCÓ,0,0.10525112624942473,FALSE,FALSE
05736,SEGOVIA,ANTIOQUIA,0,0.10763102511811544,FALSE,FALSE
86320,ORITO,PUTUMAYO,0,0.10767883632912702,FALSE,FALSE
05040,ANORÍ,ANTIOQUIA,0,0.110273903266142,FALSE,FALSE
47001,SANTA MARTA,MAGDALENA,0,0.11420414188335051,FALSE,FALSE
05361,ITUANGO,ANTIOQUIA,0,0.11778284997521787,FALSE,FALSE
50370,URIBE,META,0,0.12070040259967002,FALSE,FALSE
18001,FLORENCIA,CAQUETÁ,0,0.12078222251522064,FALSE,FALSE
44090,DIBULLA,LA GUAJIRA,0,0.12094292369764417,FALSE,FALSE
44001,RIOHACHA,LA GUAJIRA,0,0.1222812750398317,FALSE,FALSE
94885,LA GUADALUPE,GUAINÍA,0,0.123105794626529,FALSE,FALSE
94886,CACAHUAL,GUAINÍA,0,0.12319463764375035,FALSE,FALSE
52427,MAGÜÍ,NARIÑO,0,0.12698535732975186,FALSE,FALSE
18410,LA MONTAÑITA,CAQUETÁ,0,0.1278608202866796,FALSE,FALSE
05120,CÁCERES,ANTIOQUIA,0,0.12817496199554532,FALSE,FALSE
05234,DABEIBA,ANTIOQUIA,0,0.13428114466178295,FALSE,FALSE
05895,ZARAGOZA,ANTIOQUIA,0,0.13525004099775478,FALSE,FALSE
50325,MAPIRIPÁN,META,0,0.1443782471664658,FALSE,FALSE
23807,TIERRALTA,CÓRDOBA,0,0.14502614428387828,FALSE,FALSE
86001,MOCOA,PUTUMAYO,0,0.14647218607269788,FALSE,FALSE
18592,PUERTO RICO,CAQUETÁ,0,0.14766786356806463,FALSE,FALSE
47053,ARACATACA,MAGDALENA,0,0.15205532774914454,FALSE,FALSE
52250,EL CHARCO,NARIÑO,0,0.15675128721439724,FALSE,FALSE
50350,LA MACARENA,META,0,0.15738035443139836,FALSE,FALSE
86885,VILLAGARZÓN,PUTUMAYO,0,0.1644955431502395,FALSE,FALSE
18610,SAN JOSÉ DEL FRAGUA,CAQUETÁ,0,0.1654769098890662,FALSE,FALSE
19256,EL TAMBO,CAUCA,0,0.17320756295115797,FALSE,FALSE
27810,UNIÓN PANAMERICANA,CHOCÓ,0,0.1778775951562523,FALSE,FALSE
91001,LETICIA,AMAZONAS,0,0.180278797087109,FALSE,FALSE
27075,BAHÍA SOLANO,CHOCÓ,0,0.18105008800522104,FALSE,FALSE
05475,MURINDÓ,ANTIOQUIA,0,0.18242544059407975,FALSE,FALSE
27580,RÍO IRÓ,CHOCÓ,0,0.1879823816594336,FALSE,FALSE
13458,MONTECRISTO,BOLÍVAR,0,0.18844519482224137,FALSE,FALSE
94883,SAN FELIPE,GUAINÍA,0,0.1915619717652499,FALSE,FALSE
97889,YAVARATÉ,VAUPÉS,0,0.19700758509254473,FALSE,FALSE
97777,PAPUNAHUA,VAUPÉS,0,0.19995191151182246,FALSE,FALSE
27073,BAGADÓ,CHOCÓ,0,0.21641844476177746,FALSE,FALSE
95200,MIRAFLORES,GUAVIARE,0,0.21920580004635118,FALSE,FALSE
86571,PUERTO GUZMÁN,PUTUMAYO,0,0.21992639218040205,FALSE,FALSE
95001,SAN JOSÉ DEL GUAVIARE,GUAVIARE,0,0.23520696491601412,FALSE,FALSE
27372,JURADÓ,CHOCÓ,0,0.23990715107643695,FALSE,FALSE
27135,EL CANTÓN DEL SAN PABLO,CHOCÓ,0,0.24437048981193857,FALSE,FALSE
27160,CÉRTEGUI,CHOCÓ,0,0.25130689259806693,FALSE,FALSE
05873,VIGÍA DEL FUERTE,ANTIOQUIA,0,0.2540517829377059,FALSE,FALSE
19533,PIAMONTE,CAUCA,0,0.26128042496823484,FALSE,FALSE
94343,BARRANCOMINAS,GUAINÍA,0,0.26421438531971864,FALSE,FALSE
95025,EL RETORNO,GUAVIARE,0,0.27334935017900924,FALSE,FALSE
94887,PANA PANA,GUAINÍA,0,0.2832284574901882,FALSE,FALSE
97666,TARAIRA,VAUPÉS,0,0.2971373258415222,FALSE,FALSE
52079,BARBACOAS,NARIÑO,0,0.29895329181631447,FALSE,FALSE
27491,NÓVITA,CHOCÓ,0,0.3055538187634608,FALSE,FALSE
91798,TARAPACÁ,AMAZONAS,0,0.3072135839477901,FALSE,FALSE
86573,PUERTO LEGUÍZAMO,PUTUMAYO,0,0.3100517780916353,FALSE,FALSE
27425,MEDIO ATRATO,CHOCÓ,0,0.31424396717874664,FALSE,FALSE
91536,PUERTO ARICA,AMAZONAS,0,0.33154230318973266,FALSE,FALSE
91530,PUERTO ALEGRÍA,AMAZONAS,0,0.33792397073998776,FALSE,FALSE
27787,TADÓ,CHOCÓ,0,0.3489459370957341,FALSE,FALSE
91263,EL ENCANTO,AMAZONAS,0,0.3658784005318805,FALSE,FALSE
18753,SAN VICENTE DEL CAGUÁN,CAQUETÁ,0,0.396906071194557,FALSE,FALSE
91460,MIRITÍ - PARANÁ,AMAZONAS,0,0.42797984630068575,FALSE,FALSE
27413,LLORÓ,CHOCÓ,0,0.4566815389705035,FALSE,FALSE
91407,LA PEDRERA,AMAZONAS,0,0.4584435571656466,FALSE,FALSE
27099,BOJAYÁ,CHOCÓ,0,0.4731444968126975,FALSE,FALSE
54245,EL CARMEN,NORTE DE SANTANDER,0,0.5082137916748065,FALSE,FALSE
27450,MEDIO SAN JUAN,CHOCÓ,0,0.5408097375470643,FALSE,FALSE
19809,TIMBIQUÍ,CAUCA,0,0.5424166354043694,FALSE,FALSE
27250,EL LITORAL DEL SAN JUAN,CHOCÓ,0,0.7188409285425497,FALSE,FALSE
