Project ID,Project Name,Project Stage,Project URL,Duration start,Duration end,n_matches,cod_dane,municipio
CDC-102,Proyecto Agrupado YAAWI IIPANA REDD+,Certified,https://www.ecoregistry.io/projects/102,2016-01-01,2045-12-31,3,13683;19701;94888,MORICHAL;SANTA ROSA
CDC-102,Proyecto Agrupado YAAWI IIPANA REDD+,Certified,https://www.ecoregistry.io/projects/102,2016-01-01,2045-12-31,3,13683;19701;94888,MORICHAL;SANTA ROSA
CDC-102,Proyecto Agrupado YAAWI IIPANA REDD+,Certified,https://www.ecoregistry.io/projects/102,2016-01-01,2045-12-31,3,13683;19701;94888,MORICHAL;SANTA ROSA
CDC-116,Generación Eléctrica/Térmica a partir de Biomasa – Manuelita S.A.,Verification,https://www.ecoregistry.io/projects/116,2018-06-22,2068-06-21,0,,
CDC-116,Generación Eléctrica/Térmica a partir de Biomasa – Manuelita S.A.,Verification,https://www.ecoregistry.io/projects/116,2018-06-22,2068-06-21,0,,
CDC-116,Generación Eléctrica/Térmica a partir de Biomasa – Manuelita S.A.,Verification,https://www.ecoregistry.io/projects/116,2018-06-22,2068-06-21,0,,
CDC-116,Generación Eléctrica/Térmica a partir de Biomasa – Manuelita S.A.,Verification,https://www.ecoregistry.io/projects/116,2018-06-22,2068-06-21,0,,
CDC-71,	Bajo Tuluá Minor Hydroelectric Power Plant,Registration,https://www.ecoregistry.io/projects/71,2011-11-29,2065-01-29,2,70717;76670,SAN PEDRO
CDC-71,	Bajo Tuluá Minor Hydroelectric Power Plant,Registration,https://www.ecoregistry.io/projects/71,2011-11-29,2065-01-29,2,70717;76670,SAN PEDRO
CDC-71,	Bajo Tuluá Minor Hydroelectric Power Plant,Registration,https://www.ecoregistry.io/projects/71,2011-11-29,2065-01-29,2,70717;76670,SAN PEDRO
CDC-71,	Bajo Tuluá Minor Hydroelectric Power Plant,Registration,https://www.ecoregistry.io/projects/71,2011-11-29,2065-01-29,2,70717;76670,SAN PEDRO
CDC-70,Alto Tuluá Minor Hydroelectric Power Plant,Registration,https://www.ecoregistry.io/projects/70,2012-01-01,2062-05-27,0,,
CDC-70,Alto Tuluá Minor Hydroelectric Power Plant,Registration,https://www.ecoregistry.io/projects/70,2012-01-01,2062-05-27,0,,
CDC-70,Alto Tuluá Minor Hydroelectric Power Plant,Registration,https://www.ecoregistry.io/projects/70,2012-01-01,2062-05-27,0,,
CDC-221,Planta de Tratamiento de Aguas Residuales - PTAR Aguas Claras,Verification,https://www.ecoregistry.io/projects/221,2020-01-01,2060-12-31,1,5001,MEDELLIN
CDC-67,Proyecto REDD+ Zona Isana y Surubi,Certified,https://www.ecoregistry.io/projects/67,2018-01-01,2047-12-31,0,,
CDC-67,Proyecto REDD+ Zona Isana y Surubi,Certified,https://www.ecoregistry.io/projects/67,2018-01-01,2047-12-31,0,,
CDC-67,Proyecto REDD+ Zona Isana y Surubi,Certified,https://www.ecoregistry.io/projects/67,2018-01-01,2047-12-31,0,,
CDC-73,Proyecto Carbono CAS,Validation,https://www.ecoregistry.io/projects/73,2008-11-30,2038-11-29,1,19392,LA SIERRA
CDC-73,Proyecto Carbono CAS,Validation,https://www.ecoregistry.io/projects/73,2008-11-30,2038-11-29,1,19392,LA SIERRA
CDC-73,Proyecto Carbono CAS,Validation,https://www.ecoregistry.io/projects/73,2008-11-30,2038-11-29,1,19392,LA SIERRA
CDC-254,Proyecto Forestal CO2CERO Chigüiro,Validation,https://www.ecoregistry.io/projects/244,2020-04-08,2040-04-08,3,50568;50573;99524,LA PRIMAVERA;PUERTO GAITAN;PUERTO LOPEZ
CDC-47,Infraestructuras Ecosistémicas REDD+ para los Campesinos de Antioquia Colombia,Verification,https://www.ecoregistry.io/projects/47,2019-01-01,2058-12-31,0,,
CDC-97,CARBONO SANTA INES,Certified,https://www.ecoregistry.io/projects/97,2013-03-01,2037-02-28,2,13654;13657,SAN JACINTO;SAN JUAN NEPOMUCENO
CDC-97,CARBONO SANTA INES,Certified,https://www.ecoregistry.io/projects/97,2013-03-01,2037-02-28,2,13654;13657,SAN JACINTO;SAN JUAN NEPOMUCENO
CDC-202,Rio Amoya Run-of-River Hydro Project,Certified,https://www.ecoregistry.io/projects/202,2008-05-07,2058-05-06,1,73168,CHAPARRAL
CDC-69,PCH La Naveta,Verification,https://www.ecoregistry.io/projects/69,2016-01-01,2035-12-31,0,,
CDC-69,PCH La Naveta,Verification,https://www.ecoregistry.io/projects/69,2016-01-01,2035-12-31,0,,
CDC-69,PCH La Naveta,Verification,https://www.ecoregistry.io/projects/69,2016-01-01,2035-12-31,0,,
CDC-72,Amaime Minor Hydroelectric Power Plant,Verification,https://www.ecoregistry.io/projects/72,2010-11-18,2060-11-17,2,68162;76248,CERRITO;EL CERRITO
CDC-72,Amaime Minor Hydroelectric Power Plant,Verification,https://www.ecoregistry.io/projects/72,2010-11-18,2060-11-17,2,68162;76248,CERRITO;EL CERRITO
CDC-72,Amaime Minor Hydroelectric Power Plant,Verification,https://www.ecoregistry.io/projects/72,2010-11-18,2060-11-17,2,68162;76248,CERRITO;EL CERRITO
CDC-99,Pedeguita y Mancilla REDD+,Verification,https://www.ecoregistry.io/projects/99,2020-01-06,2040-01-05,3,17614;27150;27615,CARMEN DEL DARIEN;RIOSUCIO
CDC-99,Pedeguita y Mancilla REDD+,Verification,https://www.ecoregistry.io/projects/99,2020-01-06,2040-01-05,3,17614;27150;27615,CARMEN DEL DARIEN;RIOSUCIO
CDC-99,Pedeguita y Mancilla REDD+,Verification,https://www.ecoregistry.io/projects/99,2020-01-06,2040-01-05,3,17614;27150;27615,CARMEN DEL DARIEN;RIOSUCIO
CDC-196,Guajira I Wind Farm,Certified,https://www.ecoregistry.io/projects/196,2022-07-09,2042-07-08,0,,
CDC-196,Guajira I Wind Farm,Certified,https://www.ecoregistry.io/projects/196,2022-07-09,2042-07-08,0,,
CDC-230,Proyecto REDD+ Fundación Biodiversa en tierras bajas del Magdalena,Verification,https://www.ecoregistry.io/projects/230,2019-11-27,2049-11-26,2,47189;52079,BARBACOAS;CIENAGA
CDC-232,LIGNUS - BONOS DE CARBONO,Verification,https://www.ecoregistry.io/projects/232,2020-09-15,2041-06-27,5,13873;44874;68872;85162;85440,MONTERREY;VILLANUEVA
CDC-253,Soluciones Energéticas Promigas,Certified,https://www.ecoregistry.io/projects/254,2020-09-15,2050-09-14,0,,
CDC-147,Proyecto Solar Fotovoltaico Greenyellow,Verification,https://www.ecoregistry.io/projects/147,2024-01-02,2054-02-28,0,,
CDC-49,Carbono Reforestadora El Guásimo,Certified,https://www.ecoregistry.io/projects/49,2007-10-31,2026-12-31,3,15131;5001;5129,CALDAS;MEDELLIN
CDC-49,Carbono Reforestadora El Guásimo,Certified,https://www.ecoregistry.io/projects/49,2007-10-31,2026-12-31,3,15131;5001;5129,CALDAS;MEDELLIN
CDC-49,Carbono Reforestadora El Guásimo,Certified,https://www.ecoregistry.io/projects/49,2007-10-31,2026-12-31,3,15131;5001;5129,CALDAS;MEDELLIN
CDC-95,APROVECHAMIENTO Y RECUPERACIÓN DE GAS MEDIANTE LA INSTALACIÓN DE UNA PLANTA PARA LA GENERACIÓN DE ENERGÍA ELÉCTRICA - TERMOMECHERO,Certified,https://www.ecoregistry.io/projects/95,2018-02-02,2048-02-01,0,,
CDC-95,APROVECHAMIENTO Y RECUPERACIÓN DE GAS MEDIANTE LA INSTALACIÓN DE UNA PLANTA PARA LA GENERACIÓN DE ENERGÍA ELÉCTRICA - TERMOMECHERO,Certified,https://www.ecoregistry.io/projects/95,2018-02-02,2048-02-01,0,,
CDC-88,Proyecto Hidroeléctrico Alejandría,Certified,https://www.ecoregistry.io/projects/88,2016-10-05,2036-10-04,1,5021,ALEJANDRIA
CDC-88,Proyecto Hidroeléctrico Alejandría,Certified,https://www.ecoregistry.io/projects/88,2016-10-05,2036-10-04,1,5021,ALEJANDRIA
CDC-88,Proyecto Hidroeléctrico Alejandría,Certified,https://www.ecoregistry.io/projects/88,2016-10-05,2036-10-04,1,5021,ALEJANDRIA
CDC-76,PRR-GEI ENTREPALMAS S.A.S,Certified,https://www.ecoregistry.io/projects/76,2017-05-25,2047-05-24,0,,
CDC-76,PRR-GEI ENTREPALMAS S.A.S,Certified,https://www.ecoregistry.io/projects/76,2017-05-25,2047-05-24,0,,
CDC-76,PRR-GEI ENTREPALMAS S.A.S,Certified,https://www.ecoregistry.io/projects/76,2017-05-25,2047-05-24,0,,
CDC-76,PRR-GEI ENTREPALMAS S.A.S,Certified,https://www.ecoregistry.io/projects/76,2017-05-25,2047-05-24,0,,
CDC-76,PRR-GEI ENTREPALMAS S.A.S,Certified,https://www.ecoregistry.io/projects/76,2017-05-25,2047-05-24,0,,
CDC-76,PRR-GEI ENTREPALMAS S.A.S,Certified,https://www.ecoregistry.io/projects/76,2017-05-25,2047-05-24,0,,
CDC-19,CARBONO OXIGENO PARA TODOS,Certified,https://www.ecoregistry.io/projects/19,2009-01-06,2028-01-06,6,15131;5001;5129;5148;54245;5607,CALDAS;EL CARMEN;EL CARMEN DE VIBORAL;MEDELLIN;RETIRO
CDC-19,CARBONO OXIGENO PARA TODOS,Certified,https://www.ecoregistry.io/projects/19,2009-01-06,2028-01-06,6,15131;5001;5129;5148;54245;5607,CALDAS;EL CARMEN;EL CARMEN DE VIBORAL;MEDELLIN;RETIRO
CDC-19,CARBONO OXIGENO PARA TODOS,Certified,https://www.ecoregistry.io/projects/19,2009-01-06,2028-01-06,6,15131;5001;5129;5148;54245;5607,CALDAS;EL CARMEN;EL CARMEN DE VIBORAL;MEDELLIN;RETIRO
CDC-148,Proyecto de Conservación UNU-MAI REDD+,Certified,https://www.ecoregistry.io/projects/148,2017-01-01,2046-12-31,1,94001,INIRIDA
CDC-148,Proyecto de Conservación UNU-MAI REDD+,Certified,https://www.ecoregistry.io/projects/148,2017-01-01,2046-12-31,1,94001,INIRIDA
CDC-188,Sogamoso Hydroelectric Project,Certified,https://www.ecoregistry.io/projects/188,2023-06-15,2033-06-14,1,15759,SOGAMOSO
CDC-23,Carbono Bagatela,Verification,https://www.ecoregistry.io/projects/23,2011-02-03,2030-02-02,5,13212;23419;5051;52215;63212,ARBOLETES;CORDOBA;LOS CORDOBAS
CDC-23,Carbono Bagatela,Verification,https://www.ecoregistry.io/projects/23,2011-02-03,2030-02-02,5,13212;23419;5051;52215;63212,ARBOLETES;CORDOBA;LOS CORDOBAS
CDC-23,Carbono Bagatela,Verification,https://www.ecoregistry.io/projects/23,2011-02-03,2030-02-02,5,13212;23419;5051;52215;63212,ARBOLETES;CORDOBA;LOS CORDOBAS
CDC-22,Proyecto Conservación ARLEQUÍN REDD+,Certified,https://www.ecoregistry.io/projects/22,2015-01-01,2044-12-31,3,13670;27160;52693,CERTEGUI;SAN PABLO
CDC-22,Proyecto Conservación ARLEQUÍN REDD+,Certified,https://www.ecoregistry.io/projects/22,2015-01-01,2044-12-31,3,13670;27160;52693,CERTEGUI;SAN PABLO
CDC-82,Certificación de Reducción de Emisiones de GEI de Aceites Manuelita S.A.,Certified,https://www.ecoregistry.io/projects/82,2017-05-25,2067-05-24,0,,
CDC-82,Certificación de Reducción de Emisiones de GEI de Aceites Manuelita S.A.,Certified,https://www.ecoregistry.io/projects/82,2017-05-25,2067-05-24,0,,
CDC-82,Certificación de Reducción de Emisiones de GEI de Aceites Manuelita S.A.,Certified,https://www.ecoregistry.io/projects/82,2017-05-25,2067-05-24,0,,
CDC-51,Doña Juana Landfill Gas to Energy Project,Certified,https://www.ecoregistry.io/projects/51,2009-09-30,2041-11-30,0,,
CDC-51,Doña Juana Landfill Gas to Energy Project,Certified,https://www.ecoregistry.io/projects/51,2009-09-30,2041-11-30,0,,
CDC-51,Doña Juana Landfill Gas to Energy Project,Certified,https://www.ecoregistry.io/projects/51,2009-09-30,2041-11-30,0,,
CDC-51,Doña Juana Landfill Gas to Energy Project,Certified,https://www.ecoregistry.io/projects/51,2009-09-30,2041-11-30,0,,
CDC-51,Doña Juana Landfill Gas to Energy Project,Certified,https://www.ecoregistry.io/projects/51,2009-09-30,2041-11-30,0,,
CDC-51,Doña Juana Landfill Gas to Energy Project,Certified,https://www.ecoregistry.io/projects/51,2009-09-30,2041-11-30,0,,
CDC-51,Doña Juana Landfill Gas to Energy Project,Certified,https://www.ecoregistry.io/projects/51,2009-09-30,2041-11-30,0,,
CDC-14,Recuperación de suelos degradados con el uso de incentivos financieros en el centro y oriente de Colombia,Finished,https://www.ecoregistry.io/projects/14,,,3,15131;17616;5129,CALDAS;RISARALDA
CDC-29,PROYECTO ASOCIATIVO PROGRAMÁTICO ZONA ANDINA Y COSTA ATLÁNTICA - FCG,Certified,https://www.ecoregistry.io/projects/29,2011-03-13,2060-03-13,0,,
CDC-29,PROYECTO ASOCIATIVO PROGRAMÁTICO ZONA ANDINA Y COSTA ATLÁNTICA - FCG,Certified,https://www.ecoregistry.io/projects/29,2011-03-13,2060-03-13,0,,
CDC-29,PROYECTO ASOCIATIVO PROGRAMÁTICO ZONA ANDINA Y COSTA ATLÁNTICA - FCG,Certified,https://www.ecoregistry.io/projects/29,2011-03-13,2060-03-13,0,,
CDC-29,PROYECTO ASOCIATIVO PROGRAMÁTICO ZONA ANDINA Y COSTA ATLÁNTICA - FCG,Certified,https://www.ecoregistry.io/projects/29,2011-03-13,2060-03-13,0,,
CDC-29,PROYECTO ASOCIATIVO PROGRAMÁTICO ZONA ANDINA Y COSTA ATLÁNTICA - FCG,Certified,https://www.ecoregistry.io/projects/29,2011-03-13,2060-03-13,0,,
CDC-58,PEQUEÑA CENTRAL HIDROELÉCTRICA SAN ANDRÉS DE CUERQUIA,Verification,https://www.ecoregistry.io/projects/58,2013-10-01,2043-09-30,4,5647;5887;68669;88001,SAN ANDRES;SAN ANDRES DE CUERQUIA;YARUMAL
CDC-58,PEQUEÑA CENTRAL HIDROELÉCTRICA SAN ANDRÉS DE CUERQUIA,Verification,https://www.ecoregistry.io/projects/58,2013-10-01,2043-09-30,4,5647;5887;68669;88001,SAN ANDRES;SAN ANDRES DE CUERQUIA;YARUMAL
CDC-248,RUTA ANDINA,Validation,https://www.ecoregistry.io/projects/251,2019-12-15,2049-12-16,0,,
CDC-13,Reforestación de suelos degradados por la ganadería y la agricultura en Antioquia,Finished,https://www.ecoregistry.io/projects/13,,,0,,
CDC-63,“PLANETA AGRADECIDO CON EL RESGUARDO INDÍGENA CMARI”,Retired,https://www.ecoregistry.io/projects/63,,,0,,
CDC-98,JAJÖM CMARI REDD+ ,Retired,https://www.ecoregistry.io/projects/98,,,5,8573;94001;94343;94884;94888,BARRANCOMINAS;INIRIDA;MORICHAL;PUERTO COLOMBIA
CDC-12,Proyecto de Mitigación Forestal Bonanza Verde,Finished,https://www.ecoregistry.io/projects/12,,,0,,
CDC-11,Proyecto Forestal de Mitigación de Cambio Climático en áreas degradadas por ganadería Fincas La Clara y Suebrá,Finished,https://www.ecoregistry.io/projects/11,,,0,,
CDC-54,AZIRPA,Rejected,https://www.ecoregistry.io/projects/54,,,0,,
CDC-87,Ciclo Combinado Termoflores IV,Certified,https://www.ecoregistry.io/projects/87,2017-01-01,2046-12-31,1,8001,BARRANQUILLA
CDC-87,Ciclo Combinado Termoflores IV,Certified,https://www.ecoregistry.io/projects/87,2017-01-01,2046-12-31,1,8001,BARRANQUILLA
CDC-250,Generación de Energía y Reducción de GEI-IACSA,Validation,https://www.ecoregistry.io/projects/247,2025-02-06,2055-02-05,0,,
CDC-250,Generación de Energía y Reducción de GEI-IACSA,Validation,https://www.ecoregistry.io/projects/247,2025-02-06,2055-02-05,0,,
CDC-68,Carvida,Certified,https://www.ecoregistry.io/projects/68,2007-03-01,2027-02-28,2,15131;5129,CALDAS
CDC-68,Carvida,Certified,https://www.ecoregistry.io/projects/68,2007-03-01,2027-02-28,2,15131;5129,CALDAS
CDC-215,Proyecto Palmas del Cesar S.A,Verification,https://www.ecoregistry.io/projects/215,2023-05-09,2053-05-08,0,,
CDC-215,Proyecto Palmas del Cesar S.A,Verification,https://www.ecoregistry.io/projects/215,2023-05-09,2053-05-08,0,,
CDC-151,Proyecto de Generación de Energía Solar Fotovoltaica El Paso ,Certified,https://www.ecoregistry.io/projects/151,2018-12-04,2048-12-03,1,20250,EL PASO
CDC-151,Proyecto de Generación de Energía Solar Fotovoltaica El Paso ,Certified,https://www.ecoregistry.io/projects/151,2018-12-04,2048-12-03,1,20250,EL PASO
CDC-115,PARQUE EÓLICO WESP 01,Certified,https://www.ecoregistry.io/projects/115,2023-05-31,2048-05-30,0,,
CDC-59,CARBONO RINCCO,Certified,https://www.ecoregistry.io/projects/59,2008-05-01,2035-04-30,0,,
CDC-59,CARBONO RINCCO,Certified,https://www.ecoregistry.io/projects/59,2008-05-01,2035-04-30,0,,
CDC-210,Proyecto de Generación de Energía Solar Fotovoltaica La Loma ,Certified,https://www.ecoregistry.io/projects/210,2023-02-05,2033-02-04,1,20250,EL PASO
CDC-194,PCH NARE,Verification,https://www.ecoregistry.io/projects/194,2027-02-01,2077-01-31,2,5021;5690,ALEJANDRIA;SANTO DOMINGO
CDC-194,PCH NARE,Verification,https://www.ecoregistry.io/projects/194,2027-02-01,2077-01-31,2,5021;5690,ALEJANDRIA;SANTO DOMINGO
CDC-52,Makaro Ap+ro,Certified,https://www.ecoregistry.io/projects/52,2018-01-01,2047-12-31,0,,
CDC-213,Agua Fresca Multipurpose and Environmental Services Project,Certified,https://www.ecoregistry.io/projects/213,2007-01-01,2057-12-01,3,15368;5368;73547,JERICO;PIEDRAS
CDC-166,Proyecto Agrupado Bio D S.A,Certified,https://www.ecoregistry.io/projects/166,,,0,,
CDC-166,Proyecto Agrupado Bio D S.A,Certified,https://www.ecoregistry.io/projects/166,,,0,,
CDC-61,COCOMAN FRONTERA REDD+,Certified,https://www.ecoregistry.io/projects/61,2016-01-01,2045-12-31,2,27372;27491,JURADO;NOVITA
CDC-61,COCOMAN FRONTERA REDD+,Certified,https://www.ecoregistry.io/projects/61,2016-01-01,2045-12-31,2,27372;27491,JURADO;NOVITA
CDC-90,Veolia LFG PTA Presidente landfill,Certified,https://www.ecoregistry.io/projects/90,,,0,,
CDC-90,Veolia LFG PTA Presidente landfill,Certified,https://www.ecoregistry.io/projects/90,,,0,,
CDC-90,Veolia LFG PTA Presidente landfill,Certified,https://www.ecoregistry.io/projects/90,,,0,,
CDC-40,Proyecto Hidroeléctrico El Salto II,Certified,https://www.ecoregistry.io/projects/40,,,7,17665;25386;25483;25645;52480;5483;73675,LA MESA;NARINO;SAN ANTONIO;SAN ANTONIO DEL TEQUENDAMA;SAN JOSE
CDC-40,Proyecto Hidroeléctrico El Salto II,Certified,https://www.ecoregistry.io/projects/40,,,7,17665;25386;25483;25645;52480;5483;73675,LA MESA;NARINO;SAN ANTONIO;SAN ANTONIO DEL TEQUENDAMA;SAN JOSE
CDC-40,Proyecto Hidroeléctrico El Salto II,Certified,https://www.ecoregistry.io/projects/40,,,7,17665;25386;25483;25645;52480;5483;73675,LA MESA;NARINO;SAN ANTONIO;SAN ANTONIO DEL TEQUENDAMA;SAN JOSE
CDC-39,Proyecto Hidroeléctrico Dario Valencia Samper,Certified,https://www.ecoregistry.io/projects/39,2015-10-01,2035-09-30,3,23855;25245;25386,EL COLEGIO;LA MESA;VALENCIA
CDC-39,Proyecto Hidroeléctrico Dario Valencia Samper,Certified,https://www.ecoregistry.io/projects/39,2015-10-01,2035-09-30,3,23855;25245;25386,EL COLEGIO;LA MESA;VALENCIA
CDC-39,Proyecto Hidroeléctrico Dario Valencia Samper,Certified,https://www.ecoregistry.io/projects/39,2015-10-01,2035-09-30,3,23855;25245;25386,EL COLEGIO;LA MESA;VALENCIA
CDC-38,"Proyecto Hidroeléctrico Tequendama 1, 2, 3 y 4",Certified,https://www.ecoregistry.io/projects/38,,,7,17665;25386;25483;25645;52480;5483;73675,LA MESA;NARINO;SAN ANTONIO;SAN ANTONIO DEL TEQUENDAMA;SAN JOSE
CDC-38,"Proyecto Hidroeléctrico Tequendama 1, 2, 3 y 4",Certified,https://www.ecoregistry.io/projects/38,,,7,17665;25386;25483;25645;52480;5483;73675,LA MESA;NARINO;SAN ANTONIO;SAN ANTONIO DEL TEQUENDAMA;SAN JOSE
CDC-38,"Proyecto Hidroeléctrico Tequendama 1, 2, 3 y 4",Certified,https://www.ecoregistry.io/projects/38,,,7,17665;25386;25483;25645;52480;5483;73675,LA MESA;NARINO;SAN ANTONIO;SAN ANTONIO DEL TEQUENDAMA;SAN JOSE
CDC-34,Proyecto Hidroeléctrico El Quimbo,Certified,https://www.ecoregistry.io/projects/34,,,8,41013;41026;41298;41306;41518;41797;5091;68211,AGRADO;ALTAMIRA;BETANIA;CONTRATACION;GARZON;GIGANTE;PAICOL;TESALIA
CDC-34,Proyecto Hidroeléctrico El Quimbo,Certified,https://www.ecoregistry.io/projects/34,,,8,41013;41026;41298;41306;41518;41797;5091;68211,AGRADO;ALTAMIRA;BETANIA;CONTRATACION;GARZON;GIGANTE;PAICOL;TESALIA
CDC-34,Proyecto Hidroeléctrico El Quimbo,Certified,https://www.ecoregistry.io/projects/34,,,8,41013;41026;41298;41306;41518;41797;5091;68211,AGRADO;ALTAMIRA;BETANIA;CONTRATACION;GARZON;GIGANTE;PAICOL;TESALIA
CDC-75,Núcleos Carbono,Certified,https://www.ecoregistry.io/projects/75,,,11,15131;5001;5036;5129;5347;5647;5887;5890;68669;73675;88001,ANGELOPOLIS;CALDAS;HELICONIA;MEDELLIN;SAN ANDRES;SAN ANDRES DE CUERQUIA;SAN ANTONIO;YARUMAL;YOLOMBO
CDC-75,Núcleos Carbono,Certified,https://www.ecoregistry.io/projects/75,,,11,15131;5001;5036;5129;5347;5647;5887;5890;68669;73675;88001,ANGELOPOLIS;CALDAS;HELICONIA;MEDELLIN;SAN ANDRES;SAN ANDRES DE CUERQUIA;SAN ANTONIO;YARUMAL;YOLOMBO
CDC-75,Núcleos Carbono,Certified,https://www.ecoregistry.io/projects/75,,,11,15131;5001;5036;5129;5347;5647;5887;5890;68669;73675;88001,ANGELOPOLIS;CALDAS;HELICONIA;MEDELLIN;SAN ANDRES;SAN ANDRES DE CUERQUIA;SAN ANTONIO;YARUMAL;YOLOMBO
CDC-36,Proyecto Hidroeléctrico Guavio Menor,Certified,https://www.ecoregistry.io/projects/36,2016-04-27,2066-04-26,3,15236;25293;25297,CHIVOR;GACHALA;GACHETA
CDC-36,Proyecto Hidroeléctrico Guavio Menor,Certified,https://www.ecoregistry.io/projects/36,2016-04-27,2066-04-26,3,15236;25293;25297,CHIVOR;GACHALA;GACHETA
CDC-36,Proyecto Hidroeléctrico Guavio Menor,Certified,https://www.ecoregistry.io/projects/36,2016-04-27,2066-04-26,3,15236;25293;25297,CHIVOR;GACHALA;GACHETA
CDC-199,Proyectos Fotovoltaicos Guamo y Numbana,Validation,https://www.ecoregistry.io/projects/199,,,0,,
CDC-28,Manejo Sostenible de los Bosques Aplicado en el Oriente Antioqueño bajo el esquema BancO2®,Certified,https://www.ecoregistry.io/projects/28,,,0,,
CDC-28,Manejo Sostenible de los Bosques Aplicado en el Oriente Antioqueño bajo el esquema BancO2®,Certified,https://www.ecoregistry.io/projects/28,,,0,,
CDC-211,Proyecto de Generación de Energía Solar Fotovoltaica Guayepo,Verification,https://www.ecoregistry.io/projects/211,,,0,,
CDC-185,PMCC AGROINCE,Verification,https://www.ecoregistry.io/projects/185,,,0,,
CDC-185,PMCC AGROINCE,Verification,https://www.ecoregistry.io/projects/185,,,0,,
CDC-191,Proyecto de reducción de GEI - GREMCA,Verification,https://www.ecoregistry.io/projects/191,,,0,,
CDC-191,Proyecto de reducción de GEI - GREMCA,Verification,https://www.ecoregistry.io/projects/191,,,0,,
CDC-146,Planeta Agradecido con el Resguardo indígena Bajo Río Guainía y Río Negro II,Certified,https://www.ecoregistry.io/projects/146,,,0,,
CDC-64,“Planeta agradecido con el Resguardo Indígena Bajo Río Guainía y Río Negro”,Certified,https://www.ecoregistry.io/projects/64,,,0,,
CDC-64,“Planeta agradecido con el Resguardo Indígena Bajo Río Guainía y Río Negro”,Certified,https://www.ecoregistry.io/projects/64,,,0,,
CDC-155,Awakadaa Jiduaa,Certified,https://www.ecoregistry.io/projects/155,,,3,17665;8573;94884,PUERTO COLOMBIA;SAN JOSE
CDC-25,"Proyecto de mitigación en el sector del uso del suelo cambio en el uso del suelo y silvicultura por remociones debidas al establecimiento de sistemas forestales de Hevea brasiliensis en el municipio de Barrancabermeja, Santander, Colombia.",Certified,https://www.ecoregistry.io/projects/25,,,1,68081,BARRANCABERMEJA
CDC-25,"Proyecto de mitigación en el sector del uso del suelo cambio en el uso del suelo y silvicultura por remociones debidas al establecimiento de sistemas forestales de Hevea brasiliensis en el municipio de Barrancabermeja, Santander, Colombia.",Certified,https://www.ecoregistry.io/projects/25,,,1,68081,BARRANCABERMEJA
CDC-181,Carbono Hass,Certified,https://www.ecoregistry.io/projects/181,,,4,15104;15131;17616;5129,BOYACA;CALDAS;RISARALDA
CDC-180,Carbono Rancho Victoria,Verification,https://www.ecoregistry.io/projects/180,,,1,50573,PUERTO LOPEZ
CDC-180,Carbono Rancho Victoria,Verification,https://www.ecoregistry.io/projects/180,,,1,50573,PUERTO LOPEZ
CDC-50,Veolia LFG PTA Antanas landfill,Certified,https://www.ecoregistry.io/projects/50,,,0,,
CDC-50,Veolia LFG PTA Antanas landfill,Certified,https://www.ecoregistry.io/projects/50,,,0,,
CDC-50,Veolia LFG PTA Antanas landfill,Certified,https://www.ecoregistry.io/projects/50,,,0,,
CDC-10,Bonos de Carbono Caracoli,Verification,https://www.ecoregistry.io/projects/10,,,1,5142,CARACOLI
CDC-10,Bonos de Carbono Caracoli,Verification,https://www.ecoregistry.io/projects/10,,,1,5142,CARACOLI
CDC-10,Bonos de Carbono Caracoli,Verification,https://www.ecoregistry.io/projects/10,,,1,5142,CARACOLI
CDC-103,CELSIA EOLICO AGRUPADO 2022,Verification,https://www.ecoregistry.io/projects/103,,,0,,
CDC-184,Primer Proyecto Agrupado de Helios S.A.S E.S.P para la energización de hogares en Zonas No Interconectadas en Colombia,Certified,https://www.ecoregistry.io/projects/184,,,0,,
CDC-91,Veolia LFG PTA Manizales and Cúcuta Landfill,Certified,https://www.ecoregistry.io/projects/91,,,1,17001,MANIZALES
CDC-91,Veolia LFG PTA Manizales and Cúcuta Landfill,Certified,https://www.ecoregistry.io/projects/91,,,1,17001,MANIZALES
CDC-91,Veolia LFG PTA Manizales and Cúcuta Landfill,Certified,https://www.ecoregistry.io/projects/91,,,1,17001,MANIZALES
CDC-91,Veolia LFG PTA Manizales and Cúcuta Landfill,Certified,https://www.ecoregistry.io/projects/91,,,1,17001,MANIZALES
CDC-21,CARBONO NEGOCIOS AGROFORESTALES ,Verification,https://www.ecoregistry.io/projects/21,,,3,13654;5154;5895,CAUCASIA;SAN JACINTO;ZARAGOZA
CDC-21,CARBONO NEGOCIOS AGROFORESTALES ,Verification,https://www.ecoregistry.io/projects/21,,,3,13654;5154;5895,CAUCASIA;SAN JACINTO;ZARAGOZA
CDC-21,CARBONO NEGOCIOS AGROFORESTALES ,Verification,https://www.ecoregistry.io/projects/21,,,3,13654;5154;5895,CAUCASIA;SAN JACINTO;ZARAGOZA
CDC-21,CARBONO NEGOCIOS AGROFORESTALES ,Verification,https://www.ecoregistry.io/projects/21,,,3,13654;5154;5895,CAUCASIA;SAN JACINTO;ZARAGOZA
CDC-21,CARBONO NEGOCIOS AGROFORESTALES ,Verification,https://www.ecoregistry.io/projects/21,,,3,13654;5154;5895,CAUCASIA;SAN JACINTO;ZARAGOZA
CDC-21,CARBONO NEGOCIOS AGROFORESTALES ,Verification,https://www.ecoregistry.io/projects/21,,,3,13654;5154;5895,CAUCASIA;SAN JACINTO;ZARAGOZA
CDC-21,CARBONO NEGOCIOS AGROFORESTALES ,Verification,https://www.ecoregistry.io/projects/21,,,3,13654;5154;5895,CAUCASIA;SAN JACINTO;ZARAGOZA
CDC-118,"Cavadacavᵾ Coreivᵾ Jocᵾ Bᵾcᵾro Rẽ, N̄ᵾjẽ N̄ecᵾvã Aiye Baquepe",Certified,https://www.ecoregistry.io/projects/118,,,0,,
CDC-161,PCH CANTAYUS,Certified,https://www.ecoregistry.io/projects/161,,,2,47707;5190,CISNEROS;SANTA ANA
CDC-74,Cucuana Hydroelectric Power Plant,Verification,https://www.ecoregistry.io/projects/74,,,2,70708;73622,RONCESVALLES;SAN MARCOS
CDC-74,Cucuana Hydroelectric Power Plant,Verification,https://www.ecoregistry.io/projects/74,,,2,70708;73622,RONCESVALLES;SAN MARCOS
CDC-152,GUAINIA REDD+ PROJECT,Certified,https://www.ecoregistry.io/projects/152,,,0,,
CDC-117,CHONTA COROZO REDD+ Project,Certified,https://www.ecoregistry.io/projects/117,,,0,,
CDC-46,SKCARBONO,Certified,https://www.ecoregistry.io/projects/46,,,3,15131;17616;5129,CALDAS;RISARALDA
CDC-46,SKCARBONO,Certified,https://www.ecoregistry.io/projects/46,,,3,15131;17616;5129,CALDAS;RISARALDA
CDC-16,Proyecto hidroeléctrico Porce III,Verification,https://www.ecoregistry.io/projects/16,,,3,5001;5031;5310,AMALFI;GOMEZ PLATA;MEDELLIN
CDC-16,Proyecto hidroeléctrico Porce III,Verification,https://www.ecoregistry.io/projects/16,,,3,5001;5031;5310,AMALFI;GOMEZ PLATA;MEDELLIN
CDC-16,Proyecto hidroeléctrico Porce III,Verification,https://www.ecoregistry.io/projects/16,,,3,5001;5031;5310,AMALFI;GOMEZ PLATA;MEDELLIN
CDC-16,Proyecto hidroeléctrico Porce III,Verification,https://www.ecoregistry.io/projects/16,,,3,5001;5031;5310,AMALFI;GOMEZ PLATA;MEDELLIN
CDC-16,Proyecto hidroeléctrico Porce III,Verification,https://www.ecoregistry.io/projects/16,,,3,5001;5031;5310,AMALFI;GOMEZ PLATA;MEDELLIN
CDC-41,Cartagena Landfill Gas Capture and Usage Project,Certified,https://www.ecoregistry.io/projects/41,,,0,,
CDC-41,Cartagena Landfill Gas Capture and Usage Project,Certified,https://www.ecoregistry.io/projects/41,,,0,,
CDC-114,PROYECTO REDD+ PAZCÍFICO SUR,Certified,https://www.ecoregistry.io/projects/114,,,3,25483;52480;5483,NARINO
CDC-65,"Manejo Sostenible de los Bosques Aplicado al Predio Santa Ana, Vereda El Popal, Municipio De Sonsón, Bajo El Esquema BancO2",Certified,https://www.ecoregistry.io/projects/65,,,2,47707;5756,SANTA ANA;SONSON
CDC-112,Sustitución de combustibles fósiles por combustibles alternativos en la producción de Clinker Planta Cartagena,Verification,https://www.ecoregistry.io/projects/112,,,0,,
CDC-112,Sustitución de combustibles fósiles por combustibles alternativos en la producción de Clinker Planta Cartagena,Verification,https://www.ecoregistry.io/projects/112,,,0,,
CDC-17,CARBONO GRESCO2,Verification,https://www.ecoregistry.io/projects/17,,,7,15131;17433;17541;17873;25743;5129;52381,CALDAS;LA FLORIDA;MANZANARES;PENSILVANIA;SILVANIA;VILLAMARIA
CDC-17,CARBONO GRESCO2,Verification,https://www.ecoregistry.io/projects/17,,,7,15131;17433;17541;17873;25743;5129;52381,CALDAS;LA FLORIDA;MANZANARES;PENSILVANIA;SILVANIA;VILLAMARIA
CDC-17,CARBONO GRESCO2,Verification,https://www.ecoregistry.io/projects/17,,,7,15131;17433;17541;17873;25743;5129;52381,CALDAS;LA FLORIDA;MANZANARES;PENSILVANIA;SILVANIA;VILLAMARIA
CDC-26,MultiAntioquia,Certified,https://www.ecoregistry.io/projects/26,,,7,15131;17013;19110;5129;52381;5670;68013,AGUADA;AGUADAS;BUENOS AIRES;CALDAS;LA FLORIDA;SAN ROQUE
CDC-26,MultiAntioquia,Certified,https://www.ecoregistry.io/projects/26,,,7,15131;17013;19110;5129;52381;5670;68013,AGUADA;AGUADAS;BUENOS AIRES;CALDAS;LA FLORIDA;SAN ROQUE
CDC-4,Carbono Paja Perdida,Certified,https://www.ecoregistry.io/projects/4,,,1,5659,SAN JUAN DE URABA
CDC-4,Carbono Paja Perdida,Certified,https://www.ecoregistry.io/projects/4,,,1,5659,SAN JUAN DE URABA
CDC-5,Carbono La Puya y San Lorenzo,Certified,https://www.ecoregistry.io/projects/5,,,5,13212;23419;52215;52687;63212,CORDOBA;LOS CORDOBAS;SAN LORENZO
CDC-5,Carbono La Puya y San Lorenzo,Certified,https://www.ecoregistry.io/projects/5,,,5,13212;23419;52215;52687;63212,CORDOBA;LOS CORDOBAS;SAN LORENZO
CDC-156,ORINOCO REDD+ PROJECT,Retired,https://www.ecoregistry.io/projects/156,,,1,99773,CUMARIBO
CDC-77,Central Hidroeléctrica de Santa Ana,Certified,https://www.ecoregistry.io/projects/77,,,1,47707,SANTA ANA
CDC-149,Veolia LFG PTA Cucuta Landfill,Cancelled,https://www.ecoregistry.io/projects/149,,,0,,
CDC-8,Proyecto forestal de mitigación de cambio climático “Forestal de La Orinoquía”,Certified,https://www.ecoregistry.io/projects/8,,,2,99001;99524,LA PRIMAVERA;PUERTO CARRENO
CDC-100,PITUGUCAJUDE,Certified,https://www.ecoregistry.io/projects/100,,,0,,
CDC-86,Proyecto agrupado HZ Energy,Certified,https://www.ecoregistry.io/projects/86,,,2,5031;5670,AMALFI;SAN ROQUE
CDC-109,Bosques Solares de los Llanos 1,Certified,https://www.ecoregistry.io/projects/109,,,0,,
CDC-83,Primera sombrilla de generación solar fotovoltaica de Ecopetrol,Certified,https://www.ecoregistry.io/projects/83,,,0,,
CDC-113,Eficiencia energética por Control Operacional en la Refinería de Cartagena,Certified,https://www.ecoregistry.io/projects/113,,,0,,
CDC-84,Programa de aprovechamiento de gas asociado de Ecopetrol,Certified,https://www.ecoregistry.io/projects/84,,,0,,
CDC-32,Programa de Compensaciones de Gases de Efecto Invernadero (GEI) – Reforestadora Cacerí S.A.,Certified,https://www.ecoregistry.io/projects/32,,,0,,
CDC-56,Jocū Bucūrō Apūrō,Certified,https://www.ecoregistry.io/projects/56,,,0,,
CDC-55,Awakadaa Matsiadali,Certified,https://www.ecoregistry.io/projects/55,,,0,,
CDC-108,Proyecto Solar Fotovoltaico Agrupado URRÁ S.A. E.S.P.,Verification,https://www.ecoregistry.io/projects/108,,,0,,
CDC-93,Proyecto agrupado de PTGs - Parex,Certified,https://www.ecoregistry.io/projects/93,,,0,,
CDC-31,Carbono Agroforestal La Argentina,Certified,https://www.ecoregistry.io/projects/31,,,3,41378;5001;5858,LA ARGENTINA;MEDELLIN;VEGACHI
CDC-30,Carbono Ganados y Bosques,Certified,https://www.ecoregistry.io/projects/30,,,1,5490,NECOCLI
CDC-89,REDD+ PAZCÍFICO,Verification,https://www.ecoregistry.io/projects/89,,,0,,
CDC-89,REDD+ PAZCÍFICO,Verification,https://www.ecoregistry.io/projects/89,,,0,,
CDC-85,Celsia Solar Agrupado Colombia 2021,Verification,https://www.ecoregistry.io/projects/85,,,0,,
CDC-15,Bonos Verdes Colombia Grupo Custodiar S.A.,Certified,https://www.ecoregistry.io/projects/15,,,3,13212;52215;63212,CORDOBA
CDC-7,Reforestación Comercial en Meta,Certified,https://www.ecoregistry.io/projects/7,,,0,,
CDC-60,BANAKALE - ISIMALI REDD+,Certified,https://www.ecoregistry.io/projects/60,,,2,5660;73678,SAN LUIS
CDC-53,BAKA ROKARIRE ~IA TIR+~DITO,Certified,https://www.ecoregistry.io/projects/53,,,0,,
CDC-79,Carbono Verde,Certified,https://www.ecoregistry.io/projects/79,,,4,13212;23580;52215;63212,CORDOBA;PUERTO LIBERTADOR
CDC-48,Granja Solar de Inírida,Retired,https://www.ecoregistry.io/projects/48,,,1,94001,INIRIDA
CDC-43,Carbono Nueva Esperanza,Certified,https://www.ecoregistry.io/projects/43,,,0,,
CDC-42,Carbono Inmunizar,Certified,https://www.ecoregistry.io/projects/42,,,0,,
CDC-35,Proyecto Hidroeléctrico Guavio,Cancelled,https://www.ecoregistry.io/projects/35,,,0,,
CDC-24,Carbono Reforesta,Certified,https://www.ecoregistry.io/projects/24,,,0,,
CDC-27,"Proyecto de mitigación en el sector del uso del suelo cambio en el uso del suelo y silvicultura por remociones debidas al establecimiento de sistemas forestales de Hevea brasiliensis en los municipios de Sucre y el Peñón Santander, Colombia.",Verification,https://www.ecoregistry.io/projects/27,,,3,13268;25258;68250,EL PENON
CDC-27,"Proyecto de mitigación en el sector del uso del suelo cambio en el uso del suelo y silvicultura por remociones debidas al establecimiento de sistemas forestales de Hevea brasiliensis en los municipios de Sucre y el Peñón Santander, Colombia.",Verification,https://www.ecoregistry.io/projects/27,,,3,13268;25258;68250,EL PENON
CDC-18,Carbono Refosinu,Retired,https://www.ecoregistry.io/projects/18,,,0,,
CDC-3,Carbono Flor y Nuevo,Certified,https://www.ecoregistry.io/projects/3,,,0,,
CDC-2,Carbono Agrorios,Certified,https://www.ecoregistry.io/projects/2,,,0,,
CDC-1,Carbono Agroporvanda,Certified,https://www.ecoregistry.io/projects/1,,,0,,
