id,entityId,esUpdatedOn,standardId,standardName,accountId,accountName,modifiedDate,auxiliaries,status,publicStateNameEn,projectId,projectName,projectDescription,environmentalCategory,piusListed,projectStartDate,projectActivationDate,projectPublicVisibility,statePublicVisibility,projectSubmittedDate,projectRegistrationDate,projectEndDate,masterProjectId,masterProjectName,projectType,vcsProjectId,validatorName,validatorId,ragRating,stateCode,units,countryId,countryName,city,stateProvince,gridReference,latitude,longitude,accountExternalIdentifier,certification,additionalCertification,additionalGoalInfo,complianceEligibility,projectSubmissionId,submissionDate,startDate,latitudeLongitude,sectoralScope,unitsIssuedInPermanenceBufferAccount,unitsIssuedInCorrespondingAdjustmentReserveAccount,unitsIssuedInCountrySopReserveAccount,electricityGenerated,plasticCredits,exanteQuantity,unitsGhgEmissionReduction,unitsIssued,unitsInOmgeAccount,unitsInAppFundAccount,hcloaName,corrAdjustmentName,projectCategory,projectActivityType,considerAccountPrivate,authorizedRepresentative,methodologies,ccbStandardTypeId,ccbStandardTypeName,periodOfValidityStart,verraProjectRegistrationDate,regionId,regionName,area,website,proponents,afoluNames,avgAnnualVolVcu,otherGhgProgramName,otherGhgProgramId,registeredOtherGhgProgram,jnrProgramProjectName,creditPeriodStartDate,creditPeriodEndDate,sdContributions,projectSize,projectSizeId,creditPeriodTerm,creditPeriod,jurisdictionalStatus,jurisdictionalStatusId,jnrScenario,jnrScenarioId,dateOfInactivity,linkedVcsProjectId,registeredInVcs,estimatedAnnualCarbonDioxideRemovals,estimatedEmissionsAnnualReduction,projectMaterialTypes,projectEndOfLifeSelections,fuente,_id_estable
110200000674123,110200000674123,2026-08-21T17:27:46.103504499,150000000000001,Verified Carbon Standard,,,2024-03-14T09:42:14,,Pipeline Listing (under development) approved,Pipeline listing (under development) approved,3475,ACABA REDD+ Project,"The ACABA REDD+ Project is located in the General Community Council of the Baudó River and its Tributaries (ACABA) on the Pacific coast of the department of Chocó. The Project contains very humid tropical forest with transition to tropical pluvial forest, and has unique habitat conditions for both flora and fauna. It is considered an invaluable region at the national and international level and is classified as one of the of the most biodiverse hotspots on Earth, characterized by the presence of endemic species. Significant and exponential deforestation has occurred in the region over time, which according to the IDEAM forest monitoring report for the 2010-2017 period was 10,559 ha. This scenario is the caused by a lack of territorial planning, which in turn results in processes associated with wood extraction, the expansion of the agricultural frontier, the establishment of crops for illicit use, unplanned infrastructure, the construction of new road accesses, and itinerant open-pit mining. The project uses a standalone approach and an annual average of 208,556 tCO2e are expected to be reduced with a total reduction of 6,465,226 tCO2e over the project’s lifetime of thirty years. With the implementation of the REDD+ project, the community will achieve the reduction of emissions resulting from deforestation and forest degradation, and thereby environmental and social benefits will be generated. Additionally, economic resources will be available to be invested in the creation of productive opportunities aimed at improving the living conditions of the inhabitants, in alignment with the ACABA ethno-development plan. The Project is eligible under the VCS Program and uses the VM0009, v3 Methodology. The project will have a AUDD activity type baseline scenario, using Colombia’s national Forest Reference Emissions Levels (FREL). The project will generate GHG emission reductions by reducing unplanned deforestation, covering activities within the scope of the VCS Program.",Carbon,No,2019-02-13T00:00:00,,True,True,,,2029-02-12T00:00:00,,,,3475,,,,PIPELINE_LISTING_UNDER_DEVELOPMENT_APPROVED,False,100000000000011,Colombia,Municipalities of Alto Baudó and Medio Baudó,department of Chocó,,5.539792,77.105663,,,,,,3475,2019-02-13T00:00:00,2019-02-13T00:00:00,5.539792/77.105663,Agriculture Forestry and Other Land Use,,,,,,,,,,,,,,,False,,VM0009 (Version NA),,,2019-02-13T00:00:00,,150000000000045.0,Latin America,98683.0,https://www.wildlifeworks.com/,"Consejo Comunitario General Del Río Baudo y sus Afluentes, ACABA",REDD,208556,,,False,,2019-02-13T00:00:00,2029-02-12T00:00:00,,"5,000 - 1,000,000 tCO2-e per year",150000000000062,1.0,,,,,,,,False,,,,,verra_platts,3475
110200000673379,110200000673379,2026-08-21T17:27:46.001735749,150000000000001,Verified Carbon Standard,,,2026-08-12T17:15:37.27,,Inactive,Inactive,3215,ASATIQ Vaupés Maloca REDD+ Project,"The ASATIQ Vaupés Maloca REDD+ Project is located within the area of the Association of Traditional Indigenous Authorities of Querarí (ASATIQ), which is part of the Great Eastern Indigenous Reservation of Vaupés in jurisdiction of the municipality of Mitú, in the department of Vaupés, Colombia. ASATIQ’s territory is located in the Colombian Amazon biome. The objective of the ASATIQ Vaupés Maloca REDD+ Project is to reduce greenhouse gas emissions coming mainly from deforestation and degradation of the Amazon Forest. Potential activities to reduce deforestation include forest protection and monitoring, the intensification and improvement of agricultural productivity in local communities, planting of fruit and timber trees (including those used for firewood), planting of other species used as construction materials, the creation of jobs as an alternative source of income (for example, in forest monitoring) and the improvement of health and education conditions of the communities in order to offer non-extractive work options. At the same time, actions in the medium and long terms have been defined to support the territory’s self-governance principles, as well as to promote the development of local traditional practices and ancestral education. The proposals made are framed aligned with the general action lines of the ASATIQ Life Plan. On the other hand, between 40% and 60% of recent IDEAM deforestation early warning bulletins come from the Amazon, and the department of Vaupés appears in the first five ranks of alert. Under these circumstances, the without-project scenario presents an unplanned use of forest resources with extractive logging activities and the expansion of the agricultural frontier through subsistence crops and itinerant mining, which are being developed progressively putting at risk the ecosystem balance of the forests and the cultural traditions of the communities. The duration of the project is proposed from January 1, 2018 to December 31, 2047.",Carbon,No,2019-11-08T00:00:00,,True,True,,,2049-11-07T00:00:00,,,,3215,"AENOR CONFIA, S.A. (UNIPERSONAL)",110100000041003.0,,INACTIVE,False,100000000000011,Colombia,municipality of Mitu,Department of Vaupés,,1.605186,70.48573,,,,,,3215,2019-11-08T00:00:00,,1.605186/70.485730,Agriculture Forestry and Other Land Use,,,,,,,,,,,,,,,False,,VM0009 (Version NA),,,2019-11-08T00:00:00,,150000000000045.0,Latin America,391310.0,www.wildlifeworks.com,Association of Traditional Indigenous Authorities of Querarí (ASATIQ),REDD,943225,,,False,,2019-11-08T00:00:00,2049-11-07T00:00:00,,"5,000 - 1,000,000 tCO2-e per year",150000000000062,1.0,30.0,,,,,,,False,,,,,verra_platts,3215
110200000673688,110200000673688,2026-08-21T17:27:46.021506895,150000000000001,Verified Carbon Standard,,,2024-11-01T20:12:04,,Registration and verification approval requested,Registration and verification approval requested,3216,ASATRIZY Vaupés Maloca REDD+ Project,"The ASATRIZY Vaupés Maloca REDD+ Project proposed to be implemented in the Great Eastern Reservation of Vaupés is in the Reduced Emissions from Deforestation and Degradation (REDD+) category. Development of the REDD+ project is based on the VM0009 Methodology, v3 of the VCS. This methodology is applicable to this project and is being used for other REDD+ projects in the region. It has also been used by Wildlife Works, having two types of areas of application.  The first, corresponding to the Project Area (PA) and the second to the Project Accounting Area (PAA). The PAA is the area with forest cover, where the project would implement activities to prevent deforestation and whose results would be used to calculate carbon credits. According to the territory conditions, this is a standalone project that respects ASATRIZY’s autonomy. In the without-project scenario, the forest ecosystems in the department of Vaupés and in particular those in the territory of ASATRIZY are located in life zones of tropical humid forest. This area has been recognized as one of the most biodiverse in the country and the whole continent, being characterized by its endemic species. The forest monitoring carried out by the Colombian Government and coordinated by IDEAM has shown a national annual deforestation average between 177,764 ha and 219,552 ha for the 2016-2017 period, with the Amazon biome representing 70% of the total deforestation. In addition, between 40% and 60% of recent IDEAM deforestation early warning bulletins come from the Amazon, and the department of Vaupés appears in the first five ranks of alert. According to this scenario and based on data obtained from the Amazonian Scientific Research Institute (SINCHI) and through field visits carried out by WWC, it was possible to identify the unplanned use of forestry resources as the main driver of deforestation in the project area, consisting of “slash-and-burn” activities in the jungle to expand the chagras.",Carbon,No,2019-05-30T00:00:00,,True,True,,,2049-05-29T00:00:00,,,,3216,"AENOR CONFIA, S.A. (UNIPERSONAL)",110100000041003.0,,REGISTRATION_VERIFICATION_APPROVAL_REQ,False,100000000000011,Colombia,Municipality of Mitú,Department of Vaupés,,0.588388,70.455077,,,,,,3216,2019-05-30T00:00:00,2019-05-30T00:00:00,0.588388/70.455077,Agriculture Forestry and Other Land Use,,,,,,,,,,,,,,,False,,VM0009 (Version NA),,,2019-05-30T00:00:00,,150000000000045.0,Latin America,128556.0,www.wildlifeworks.com,Association of Traditional Indigenous Authorities of the Yapú Zone (ASATRIZY),REDD,355612,,,False,,2019-05-30T00:00:00,2049-05-29T00:00:00,,"5,000 - 1,000,000 tCO2-e per year",150000000000062,1.0,30.0,,,,,,,False,,,,,verra_platts,3216
110200000677888,110200000677888,2026-08-21T17:27:52.638254306,150000000000001,Verified Carbon Standard,,,2024-12-09T00:37:24,,Registration and verification approval requested,Registration and verification approval requested,3210,Bajo Atrato REDD+ Project,"The purpose of the REDD+ Bajo Atrato project is to reduce GHG emissions from deforestation and forest degradation activities, envisioning that the efforts of the communities inhabiting and owning the territories where it is located are materialized in actions that lead to forest conservation and the improvement of living conditions. The project is located in the northwest of Colombia, in the Department of Chocó, between the municipalities of Riosucio and Carmen del Darién, in the lower basin of the Atrato River, which is part of the Darién area. In the area of the project’s first instance, the following Afro-descendant communal lands are grouped: the Quiparadó River Basin Community Council, the Curbaradó River Community Council, the Salaquí River Basin Community Council, the Cacarica River Basin Community Council, the Truandó Medio La Teresita Community Council, the Bocas de Taparal Community Council, the Dos Bocas Chintado Community Council, the La Nueva Truandó Community Council, and the Clavellino Community Council. The actions that will make possible to reduce deforestation and forest degradation in the project area are aligned with the needs and purposes  identified during the first meetings with the communities and while conducting the prior, free and informed consent process. These actions are aimed at achieving four major purposes: strengthening of governance and community management; improvement of community welfare; provision of social and community infrastructure; and boost of sustainable livelihoods and environmental protection, basic sanitation and aqueducts. The lands in the project area include tropical pluvial forests with transition to cold and very humid tropical forests. There, forests, grasslands, secondary vegetation, swampy areas and agroecosystems are found. In these areas, deforestation is associated with wood extraction, agricultural frontier expansion, illicit crop cultivation, and unplanned infrastructure construction.",Carbon,No,2019-10-17T00:00:00,,True,True,,,2049-10-16T00:00:00,,,,3210,"AENOR CONFIA, S.A. (UNIPERSONAL)",110100000041003.0,,REGISTRATION_VERIFICATION_APPROVAL_REQ,False,100000000000011,Colombia,Municipalities of Riosucio and Carmen del Darién,Department of Chocó,,7.354147,77.391208,,,,,,3210,2019-10-17T00:00:00,2019-10-17T00:00:00,7.354147/77.391208,Agriculture Forestry and Other Land Use,,,,,,,,,,,,,,,False,,VM0009 (Version NA),,,2019-10-17T00:00:00,,150000000000045.0,Latin America,313082.0,www.wildlifeworks.com,Multiple Project Proponents,REDD,668184,,,False,,2019-10-17T00:00:00,2049-10-16T00:00:00,,"5,000 - 1,000,000 tCO2-e per year",150000000000062,1.0,30.0,,,,,,,False,,,,,verra_platts,3210
110200000675301,110200000675301,2026-08-21T17:27:46.293129712,150000000000001,Verified Carbon Standard,,,2024-05-09T14:11:29,,Registered,Registered,3970,Carbon In Flavor and Arome Forests (C-BOSAR),"The Carbon in Flavor and Aroma Forest (C-BOSAR), is a ARR carbon sequestration grouped project proposed by PROJECT SIERRA , designed by ECOTIERRA and RIOSIERRA with the support of RED ECOLSIERRA . The project is based on improving existent land use models to introduce coffee, cocoa, and honey agroforestry systems. The project aims to develop improved agroforestry systems for the production of shade coffee, cocoa and honey, with organic and fair-trade certification, through tree planting, the restoration of the community-nature relationship, technical training and assistance and contribution to the strengthening of value chains for these products in the Sierra Nevada de Santa Marta and the Serranía del Perijá.",Carbon,No,2022-09-02T00:00:00,2024-05-09T14:11:29,True,True,,,2072-09-01T00:00:00,,,,3970,"AENOR CONFIA, S.A. (UNIPERSONAL)",110100000041003.0,,REGISTERED,False,100000000000011,Colombia,"Sierra Nevada de Santa Marta, Serranía del Perija","Magdalena, La Guajira and Cesar departments",,-73.5187,10.4316,,,,,,3970,2022-09-02T00:00:00,2022-09-02T00:00:00,-73.518700/10.431600,Agriculture Forestry and Other Land Use,,,,,,,,,,,,,,,False,,AR-ACM0003 (Version 2),,,2022-09-02T00:00:00,2024-05-09T00:00:00,150000000000045.0,Latin America,3858.0,https://www.ecotierra.co/our-projects,Multiple Project Proponents,ARR,10247,,,False,,2022-09-02T00:00:00,2072-09-01T00:00:00,,"5,000 - 1,000,000 tCO2-e per year",150000000000062,1.0,50.0,,,,,,,False,,,,,verra_platts,3970
110200000676584,110200000676584,2026-08-21T17:27:52.550365902,150000000000001,Verified Carbon Standard,,,2023-02-10T15:21:46,,Pipeline listing requested (under development),Pipeline listing requested (under development),2969,CHONTA COROZO REDD+,"The CHONTA COROZO REDD+ project develops in the upper and middle basin of the Guapi river in the Colombian pacific region, known as Choco Biogeographic, characterized by its high biodiversity. This area is immersed in the territories awarded to Community Council of the Alto Guapi (INCORA Resolution 01083 of 1998). These territories have historically been characterized by the confluence of deforestation drivers, among which the following stand out: the conversion of the forest lands for crops or pastures, the extraction of elements from the forest in a little controlled way (illegal extraction of wood and extraction of firewood), population migration, illegal activities and natural phenomena promoted by human activities. By associating these phenomena with the socioeconomic conditions presented by the community council and its closets territorial environment, which is the municipality of Guapi, in Cauca. It is evident that there is a high percentage of unsatisfied basic needs, mainly related to health conditions, informal work, and education. Therefore, acknowledging these limitations for the social development of the council and the guarantee of the conservation of the ecosystems that inhabit, we bring forward the importance of generating mechanisms to strengthen local aspects to overcome these limitations. With the development of the activities framed in each line of action, it is intended to develop participatory processes that allow the establishment of a sustainable forest management system, which allows the mitigation of the threats posed by the deforestation drivers described. This through the strategy of avoiding deforestation and forest degradation through the implementation of the REDD+ project (Reduction of Emissions due to Deforestation and Forest Degradation, conservation of carbon reserves, sustainable management of forests and improvement of forest reserves in developing countries).",Carbon,No,2017-07-01T00:00:00,,True,True,,,2037-06-30T00:00:00,,,,2969,"AENOR CONFIA, S.A. (UNIPERSONAL)",110100000041003.0,,PIPELINE_LISTING_UNDER_DEVELOPMENT,False,100000000000011,Colombia,Guapi/Cauca,Consejo Comunitario Alto Guapi,,2.281089,77.668355,,,,,,2969,2017-07-01T00:00:00,2017-07-01T00:00:00,2.281089/77.668355,Agriculture Forestry and Other Land Use,,,,,,,,,,,,,,,False,,VM0007 (Version NA),,,2017-07-01T00:00:00,,150000000000045.0,Latin America,93142.0,https://www.biofix.co/proyectos,Multiple Project Proponents,REDD,129,,,False,,2017-07-01T00:00:00,2037-06-30T00:00:00,,"5,000 - 1,000,000 tCO2-e per year",150000000000062,1.0,20.0,,,,,,,False,,,,,verra_platts,2969
110200000675201,110200000675201,2026-08-21T17:27:46.287098187,150000000000001,Verified Carbon Standard,,,2026-04-24T13:38:16,,Pipeline Listing (under development) approved,Pipeline listing (under development) approved,5680,CO2ROZO,"CO2rozo is a large-scale grouped project within the AFOLU sector that aims to mitigate climate change through the conservation of strategic ecosystems and the sustainable transformation of livestock systems in the Caribbean region of Colombia. Its approach integrates forest and wetland protection with the implementation of regenerative agricultural practices, combining two methodologies: VM0007 – REDD+ for the conservation of natural ecosystems, and VM0042 – Improved Agricultural Land Management, for the transition to sustainable livestock systems. The project has a 40-year crediting period, during which it plans to intervene in over 200,000 hectares distributed across private lands in the Colombian Caribbean. The project area encompasses the departments of Atlántico, Antioquia, Bolívar, Cesar, Córdoba, La Guajira, Magdalena, Norte de Santander, Santander, and Sucre, all located within the Colombian Caribbean biome—a region of high ecological value that has experienced significant degradation due to agricultural frontier expansion. This region includes critical ecosystems such as tropical dry forests, seasonal wetlands, and natural savannas. REDD+ activities (VM0007) are designed to avoid unplanned deforestation and conserve remaining patches of tropical dry forests and inland wetlands through interventions such as knowledge management, land cover monitoring, hydrological restoration, and the formalization of voluntary conservation agreements with rural landowners to protect areas of high ecological value. IALM activities (VM0042) promote a regenerative livestock model through actions such as the implementation of silvopastoral systems, elimination of fire use, and improved pasture and water management. These measures aim to restore soils, increase soil organic carbon (SOC) content, and reduce emissions associated with enteric methane (CH₄) and nitrous oxide (N₂O) from conventional pasture and manure management practices.",Carbon,No,2024-07-01T00:00:00,,True,True,,,2064-06-30T00:00:00,,,,5680,,,,PIPELINE_LISTING_UNDER_DEVELOPMENT_APPROVED,False,100000000000011,Colombia,BARRANQUILLA,ATLANTICO,,11.011883,74.791289,,,,,,5680,2024-07-01T00:00:00,2024-07-01T00:00:00,11.011883/74.791289,Agriculture Forestry and Other Land Use,,,,,,,,,,,,,,,False,,"VM0007 (Version NA), VM0042 (Version NA)",,,2024-07-01T00:00:00,,150000000000045.0,Latin America,400000.0,https://www.cataruben.org/project/Co2rozo,FUNDACIÓN CATARUBEN,"ALM,REDD,WRC",336242,,,False,,2024-07-01T00:00:00,2064-06-30T00:00:00,,"5,000 - 1,000,000 tCO2-e per year",150000000000062,1.0,40.0,,,,,,,False,,,,,verra_platts,5680
110200000676301,110200000676301,2026-08-21T17:27:52.533425564,150000000000001,Verified Carbon Standard,,,2026-03-26T23:48:31,,Pipeline Listing (under development) approved,Pipeline listing (under development) approved,5756,El Estero biogas recovery and utilization,"The El Estero Biogas Recovery and Utilization Project (hereafter referred to as the Project) is implemented by Extractora El Estero and involves the installation of a methane capture and biogas utilization system at its palm oil mill, located in Maní, Casanare Department, Colombia. The Project includes the implementation of an anaerobic digestion system and biogas collection infrastructure designed to capture methane (CH₄) emissions generated during the treatment of Palm Oil Mill Effluent (POME) in anaerobic lagoons. The captured biogas will be used for on-site electricity generation, supplying the energy demands of the palm oil processing facility. This system displaces fossil fuel-based energy consumption and contributes to the overall reduction of greenhouse gas (GHG) emissions. The facility is located within Extractora El Estero’s industrial complex in the municipality of Maní, Casanare, where palm oil is extracted and processed. The wastewater treatment system responsible for the methane emissions is fully integrated within the operational boundaries of the site.Under the baseline scenario, prior to project implementation, POME was treated in uncovered anaerobic lagoons without any biogas recovery system. As a result, methane generated through the anaerobic decomposition of organic matter was released directly into the atmosphere, significantly contributing to climate change due to methane’s high global warming potential. In addition to these emissions, the facility has historically relied on a diesel-based power plant for its electricity needs. Approximately 299,000 gallons of diesel are consumed annually, resulting in the production of approximately 3,531,667 kWh per year. In 2022, a biomass-powered cogeneration system was introduced to complement the plant’s energy supply; however, diesel remains the principal energy source under baseline conditions.",Carbon,No,2025-05-01T00:00:00,,True,True,,,2032-04-30T00:00:00,,,,5756,,,,PIPELINE_LISTING_UNDER_DEVELOPMENT_APPROVED,False,100000000000011,Colombia,Maní,Casanare,,4.607494,72.271111,,,,,,5756,2025-05-01T00:00:00,2025-05-01T00:00:00,4.607494/72.271111,"Energy industries (renewable/non-renewable sources), Waste handling and disposal",,,,,,,,,,,,,,,False,,AMS-III.H. (Version NA),,,2025-05-01T00:00:00,,150000000000045.0,Latin America,,,EXTRACTORA EL ESTERO S.A.S. (PP),,26877,,,False,,2025-05-01T00:00:00,2032-04-30T00:00:00,,"5,000 - 1,000,000 tCO2-e per year",150000000000062,1.0,,,,,,,,False,,,,,verra_platts,5756
110200000674733,110200000674733,2026-08-21T17:27:46.195236456,150000000000001,Verified Carbon Standard,,,2026-06-19T13:34:09,,Under validation (Public comment period closed),Under validation (Public comment period closed),5632,Green and Carbon Capture project,"The Green and Carbon Capture Project, is a reforestation project led by Scellec Teca Colombia SAS, located in the Colombian Caribbean, the first project activity instance (PAI) is located specifically within Montería (Córdoba department) and Pivijay (Magdalena department). The primary goal of the project is the establishment of commercial teak (Tectona grandis) and roble (Tabebuia rosea) plantations, while also supporting biodiversity and providing socioeconomic benefits to surrounding communities — contributing to broader climate change mitigation efforts. The first PAI spans a total of 2,344.6 hectares in areas that have been mainly used for cattle raising since at least 10 years before project start. Project area are owned by Scellec Teca Colombia SAS. Project started in 30 June 2022, with the plantation of first project trees. Beyond its environmental focus, the project integrates community-focused initiatives, including environmental education, training, and support for planting, maintenance, and monitoring activities. These efforts not only contribute to climate action but also help strengthen the social and economic well-being of local populations, promoting greater environmental awareness and improved living conditions. Strengthen local employment opportunities by creating sustainable jobs and training the community in responsible forest management practices.",Carbon,No,2022-06-30T00:00:00,,True,True,,,2062-06-29T00:00:00,,,,5632,Colombian Institute for Technical Standards and Certification (ICONTEC),110100000042585.0,,UNDER_VAL_COMMENT_CLOSED,False,100000000000011,Colombia,Caribean Region,"Magdalena, Cordoba.",,10.372215,74.315697,,,,,,5632,2022-06-30T00:00:00,2022-06-30T00:00:00,10.372215/74.315697,Agriculture Forestry and Other Land Use,,,,,,,,,,,,,,,False,,VM0047 (Version NA),,,2022-06-30T00:00:00,,150000000000045.0,Latin America,2345.0,https://www.scellec.ie/,Scellec Teca Colombia SAS (PP),ARR,15759,,,False,,2022-06-30T00:00:00,2062-06-29T00:00:00,,"5,000 - 1,000,000 tCO2-e per year",150000000000062,1.0,40.0,,,,,,,False,,,,,verra_platts,5632
110200000677280,110200000677280,2026-08-21T17:27:52.603369118,150000000000001,Verified Carbon Standard,,,2025-01-15T14:34:40,,Registration and verification approval requested,Registration and verification approval requested,3218,Origen Atrato-Baudó REDD+ Project,"The Atrato-Baudó REDD+ Project aims to reduce GHG emissions from deforestation of natural forest. It is expected to achieve this through implementation of community actions framed in conservation, protection and sustainable management of the forest, which lead to improvements in living conditions in the territories. The area of the project’s first instance is located in the Tumbes-Chocó-Magdalena bioregion, in the municipalities of Alto Baudó, Quibdó, Lloró, Bagadó, Tadó, Río Iró (Santa Rita) and Cértegui, in the department of Chocó. The project is designed as a grouped project, initially made up of the collective territories of the following Afro-descendant communities: Community Council of San Isidro, Community Council of Villa Conto and Major Community Council of the Alto Atrato Popular Peasant Organization (COCOMOPOCA).  The project activities are aligned with the community needs and purposes identified during the process of relationship and free and informed prior consent developed with the communities. These actions are aimed at achieving four major purposes, which are: Governance and community management; social and community infrastructure; sustainable livelihoods and environmental protection, basic sanitation and aqueducts. Currently, the forests in the project area include areas of very humid tropical forest with transition to Tropical Rainforest. These ecosystem characteristics potentiate the habitat conditions of both flora and fauna, being cataloged as one of the most biodiverse areas of the country and the continent, characterized by endemism.  Deforestation that occurs in the project area are the result of a combination of complex socioeconomic and historical factors, associated with extractive processes that have directly affected biodiversity and ecosystem services. The project, as an alternative to conversion, aims to maintain carbon stocks through sustainable forest management, promoting improvements in the living conditions of local communities.",Carbon,No,2019-12-13T00:00:00,,True,True,,,2049-12-12T00:00:00,,,,3218,"AENOR CONFIA, S.A. (UNIPERSONAL)",110100000041003.0,,REGISTRATION_VERIFICATION_APPROVAL_REQ,False,100000000000011,Colombia,Municipality of Alto Baudó,Department of Chocó,,5.61735,76.831547,,,,,,3218,2019-12-13T00:00:00,2019-12-13T00:00:00,5.617350/76.831547,Agriculture Forestry and Other Land Use,,,,,,,,,,,,,,,False,,VM0009 (Version NA),,,2019-12-13T00:00:00,,150000000000045.0,Latin America,113492.0,www.wildlifeworks.com,Multiple Project Proponents,REDD,343528,,,False,,2019-12-13T00:00:00,2049-12-12T00:00:00,,"5,000 - 1,000,000 tCO2-e per year",150000000000062,1.0,30.0,,,,,,,False,,,,,verra_platts,3218
110200000674927,110200000674927,2026-08-21T17:27:46.206674806,150000000000001,Verified Carbon Standard,,,2023-05-11T04:29:21,,Rejected by Administrator,Rejected by Administrator,3690,PROJECT MATANI REDD+ DIOS MAYOR DE LOS PUEBLOS CABILLARI,"Colombia has approximately 60 million hectares of forest. Of these, 66% is located in the Amazon biome. The Forest and Carbon Monitoring System (SMByC) of the Institute of Hydrology, Meteorology and Environmental Studies (IDEAM), identified that in 2021, 174,103 ha of forest were deforested. The name given to the Conservation Project is PROJECT MATANI REDD+ DIOS MAYOR DE LOS PUEBLOS CABILLARI, Matani is the Greatest God of the communities that make up the Association of Traditional Indigenous Captains of Vaupés (ACTIVA), made up of the communities of Altamira, Buenos aires, Cachiporro, Mutanacua, Villagladys, Cananari, Morroco, Reforma, Villareal. The Jirijirimo REDD+ Project is located in the Department of Vaupes, corresponding to the Amazon biome of Colombia. Due to its biophysical conditions, this biogeographic zone is strategic for regulating the climate, sustaining biological cycles, conserving soil and water resources, capturing greenhouse gas emissions, and conserving the biological diversity of the region. Amazon region. Therefore, the indigenous communities linked to the project seek, through their territorial autonomy and their right to free self-determination, to carry out conservation processes framed in sustainability criteria that have to do with the protection of natural forest areas, rescue and protection of their cultural identity and promotion of productive practices that promote the protection of biodiversity and the environmental richness of their territory. Characteristics that are directly linked to the purpose of REDD+ projects, with the desired sustainable local development, as well as with the purpose of reducing emissions generated due to deforestation and forest degradation. The project MATANI REDD+ DIOS MAYOR DE LOS PUEBLOS CABILLARI  constitutes an area of 814,948 hectares. The main objective of the project has been is to avoid the unplanned deforestation (AUD) in the Amazon rainforest.",Carbon,No,2017-06-02T00:00:00,,True,True,,,2037-06-01T00:00:00,,,,3690,Earthood Services Limited,110100000036441.0,,REJECTED,False,100000000000011,Colombia,Assoc. of Trad. Indigenous Capts. of Vaupés ACTIVA,Vaupés,,0.020555,71.001941,,,,,,3690,2017-06-02T00:00:00,2017-06-02T00:00:00,0.020555/71.001941,Agriculture Forestry and Other Land Use,,,,,,,,,,,,,,,False,,VM0015 (Version NA),,,2017-06-02T00:00:00,,150000000000045.0,Latin America,814948.0,,Multiple Project Proponents,REDD,1067300,,,False,,2017-06-02T00:00:00,2037-06-01T00:00:00,,"> 1,000,000 tCO2-e per year",150000000000063,1.0,20.0,,,,,,,False,,,,,verra_platts,3690
110200000672656,110200000672656,2026-08-21T17:27:39.656378521,150000000000001,Verified Carbon Standard,,,2025-02-27T07:46:56,,Withdrawn,Withdrawn,4419,Project MATANI REDD+ DIOS MAYOR DE LOS PUEBLOS CABILLARI CONSERVACION ANCESTRAL,"Colombia has approximately 60 million hectares of forest. Of these, 66% is located in the Amazon biome. The Forest and Carbon Monitoring System (SMByC) of the Institute of Hydrology, Meteorology and Environmental Studies (IDEAM), identified that in 2021, 174,103 ha of forest were deforested. The name given to the Conservation Project is Project MATANI REDD+ DIOS MAYOR DE LOS PUEBLOS CABILLARI CONSERVACION ANCESTRAL, Matani is the Greatest God of the communities that make up the Association of Traditional Indigenous Captains of Vaupés (ACTIVA), made up of the communities of Altamira, Buenos aires, Cachiporro, Mutanacua, Villagladys, Cananari, Morroco, Reforma, Villareal. The Project MATANI REDD+ is located in the Department of Vaupes, corresponding to the Amazon biome of Colombia. Due to its biophysical conditions, this biogeographic zone is strategic for regulating the climate, sustaining biological cycles, conserving soil and water resources, capturing greenhouse gas emissions, and conserving the biological diversity of the region. Amazon region. Therefore, the indigenous communities linked to the project seek, through their territorial autonomy and their right to free self-determination, to carry out conservation processes framed in sustainability criteria that have to do with the protection of natural forest areas, rescue and protection of their cultural identity and promotion of productive practices that promote the protection of biodiversity and the environmental richness of their territory. Characteristics that are directly linked to the purpose of REDD+ projects, with the desired sustainable local development, as well as with the purpose of reducing emissions generated due to deforestation and forest degradation. The project MATANI REDD+ DIOS MAYOR DE LOS PUEBLOS CABILLARI CONSERVACION ANCESTRAL constitutes an area of 812,491 hectares. The main objective of the project has been is to avoid the unplanned deforestation (AUD) in the Amazon rainforest.",Carbon,No,2020-05-20T00:00:00,,True,True,,,2040-05-19T00:00:00,,,,4419,Earthood Services Limited,110100000036441.0,,WITHDRAWN,False,100000000000011,Colombia,Assoc. of Trad. Indigenous Capts. of Vaupés ACTIVA,Vaupés,,0.020555,71.001941,,,,,,4419,2020-05-20T00:00:00,2020-05-20T00:00:00,0.020555/71.001941,Agriculture Forestry and Other Land Use,,,,,,,,,,,,,,,False,,VM0015 (Version NA),,,2020-05-20T00:00:00,,150000000000045.0,Latin America,812491.0,,Multiple Project Proponents,REDD,1067300,,,False,,2020-05-20T00:00:00,2040-05-19T00:00:00,,"> 1,000,000 tCO2-e per year",150000000000063,1.0,20.0,,,,,,,False,,,,,verra_platts,4419
110200000678011,110200000678011,2026-08-21T17:27:52.645702083,150000000000001,Verified Carbon Standard,,,2026-08-17T12:14:18.344,,Under validation (Public comment period closed),Under validation (Public comment period closed),5901,"PROJECT URAMIA – COMMUNITY-LED FOREST CONSERVATION REDD+ PROJECT IN CHOCÓ, COLOMBIA","Project Uramia is a large-scale, community-led REDD+ initiative in Colombia’s Chocó Basin, one of the world’s most biodiverse forest regions. Located in the Bajo Atrato region (Río Sucio and Carmen del Darién, Chocó Department), the project protects 255,220 hectares of intact tropical forest across six Indigenous resguardos. Project Uramia applies a rights-based, community-centered conservation model combining active forest protection, community-based monitoring and patrols, and strengthened Indigenous governance through elected Project Councils and participatory land-use planning. The project promotes sustainable livelihoods—including non-timber forest product value chains, agroforestry, and artisanal activities—with a strong focus on women and youth, reducing reliance on destructive land-use practices. The project targets Avoided Unplanned Deforestation (AUD) under Verra VCS Methodology VM0048 v1.0, with a 40-year crediting period (May 2024–May 2064). It is expected to generate approximately 1.0 million tCO₂e annually, totaling over 40 million tCO₂e over the crediting period.",Carbon,No,2024-05-10T00:00:00,,True,True,,,2064-05-09T00:00:00,,,,5901,Earthood Services Limited,110100000036441.0,,UNDER_VAL_COMMENT_CLOSED,False,100000000000011,Colombia,Choco Region,,,5.252803,76.825965,,,,,,5901,2024-05-10T00:00:00,,5.252803/76.825965,Agriculture Forestry and Other Land Use,,,,,,,,,,,,,,,False,,VM0048 (Version NA),,,2024-05-10T00:00:00,,150000000000045.0,Latin America,255220.0,,Multiple Project Proponents,REDD,737675,,,False,,2024-05-10T00:00:00,2064-05-09T00:00:00,,"> 1,000,000 tCO2-e per year",150000000000063,1.0,40.0,,,,,,,False,,,,,verra_platts,5901
110200000678259,110200000678259,2026-08-21T17:27:58.386933469,150000000000001,Verified Carbon Standard,,,2024-08-30T08:43:24,,Inactive,Inactive,4536,REDD+ Esteros y Manglares,"The Esteros y Manglares REDD+ Project reduces deforestation and forest degradation, and protects mangrove ecosystems within eight (8) community councils in the municipalities of Mosquera, Olaya Herrera, La Tola, El Charco and Tumaco, in the department of Nariño in an area of 117,998.7 hectares. Within the limits of the project, actions are implemented from the social, cultural, environmental and economic fields that allow improving the living conditions of the communities, which is based on fundamental pillars such as governance of the territory, conservation of forests and biodiversity, territorial development and development of sustainable economies; which is aligned with the sustainable development objectives and the socio-environmental safeguards that protect the communities involved.",Carbon,No,2021-12-01T00:00:00,,True,True,,,2031-11-30T00:00:00,,,,4536,,,,INACTIVE,False,100000000000011,Colombia,Tumaco,Nariño,,2.304659,78.369515,,,,,,4536,2021-12-01T00:00:00,2021-12-01T00:00:00,2.304659/78.369515,Agriculture Forestry and Other Land Use,,,,,,,,,,,,,,,False,,VM0007 (Version NA),,,2021-12-01T00:00:00,,150000000000045.0,Latin America,117999.0,,Multiple Project Proponents,"REDD,WRC",44167,,,False,,2021-12-01T00:00:00,2031-11-30T00:00:00,,"5,000 - 1,000,000 tCO2-e per year",150000000000062,1.0,,,,,,,,False,,,,,verra_platts,4536
110200000672557,110200000672557,2026-08-21T17:27:39.650519987,150000000000001,Verified Carbon Standard,,,2025-12-08T12:00:12,,Pipeline Listing (under development) approved,Pipeline listing (under development) approved,3217,REDD+ Project in the Alto Predio Putumayo Indigenous Reservation in Colombia,"The Project is located in the Amazon biome in southwestern Colombia, in the municipalities of Puerto Leguizamo (Putumayo), Solano (Caquetá) and Puerto Alegría (Amazonas), in the territory of the communities grouped in the Association of Traditional Authorities and Councils of the Indigenous Peoples of the Municipality of Leguízamo and Alto Resguardo Predio Putumayo - ACILAPP. Prior to the development of the Project, according to monitoring of the country's forests led by IDEAM, an annual average of deforestation at the national level of 145,943 ha for the period 2000 - 2017 was found, where the Amazon biome presents 56% of the total deforested, with an annual average for the same period, of 82,332 ha. The data does not show a trend of decreasing change or stabilization, confirming the problem of deforestation is recognized as one of the most critical environmental liabilities for the country. Based on data obtained from the Instituto Amazónico de Investigaciones Científicas SINCHI and through field visits conducted by WWC, the main driver of unplanned deforestation affecting the project area is the clearing and burning of forest for extensive cattle ranching, accompanied by the construction of unplanned road accesses. Other identified causes of deforestation are illicit crops (coca, etc.), illegal mining, and illegal timber extraction. As a result of the work with the community, activities aimed at reducing deforestation and forest degradation were identified, such as: protection and monitoring of the forest, intensification of Eco-Friendly agriculture, substitution of firewood, generating alternatives to meet the demand for construction materials, creation of jobs (Alternative Income), in addition the community is interested in strengthening the governance of the territory, as well as developing initiatives to generate wellbeing in the community associated with educational, health, cultural and sports projects.",Carbon,No,2018-06-01T00:00:00,,True,True,,,2028-05-31T00:00:00,,,,3217,,,,PIPELINE_LISTING_UNDER_DEVELOPMENT_APPROVED,False,100000000000011,Colombia,Municipality of Puerto Leguizamo (Putumayo),Department of Putumayo,,0.24841,74.430295,,,,,,3217,2018-06-01T00:00:00,2018-06-01T00:00:00,0.248410/74.430295,Agriculture Forestry and Other Land Use,,,,,,,,,,,,,,,False,,VM0009 (Version NA),,,2018-06-01T00:00:00,,150000000000045.0,Latin America,209395.0,www.wildlifeworks.com,"Asociación de Autoridades Tradicionales y Cabildos De Los Pueblos Indígenas Murui, Muinane, Coreguaje y Nasa Del Municipio De Leguizamo y Puerto Asis, Alto Resguardo Predio Putumayo - ACILAPP",REDD,451387,,,False,,2018-06-01T00:00:00,2028-05-31T00:00:00,,"5,000 - 1,000,000 tCO2-e per year",150000000000062,1.0,,,,,,,,False,,,,,verra_platts,3217
110200000672750,110200000672750,2026-08-21T17:27:39.687867539,150000000000001,Verified Carbon Standard,,,2021-07-07T13:13:25,,Withdrawn,Withdrawn,2262,REDD+ Yaguara Llanos del Yari,"The YAGUARA II LLANOS DEL YARÍ Project aims at reducing deforestation through the actions of the indigenous communities from the ethnicities Piapoco, Piratapuyo and Pijao, that were recently displaced by the armed conflict in Colombia, and that now are returning to their territory wishing to restore their sovereignty over the land and to protect the remnants of highly threatened amazon forest and its biodiversity",Carbon,No,,,True,True,,,,,,,2262,,,,WITHDRAWN,False,100000000000011,Colombia,"Caqueta, San Jose del Guaviare, Meta",,,-73.574749,1.761024,,,,,,2262,2018-04-05T00:00:00,2018-04-05T00:00:00,-73.574749/1.761024,Agriculture Forestry and Other Land Use,,,,,,,,,,,,,,,False,,VM0015 (Version NA),,,2018-04-05T00:00:00,,150000000000045.0,Latin America,124923.0,,CUESTA Y ASOCIADOS SAS (PP),,3478764,,,False,,,,,"> 1,000,000 tCO2-e per year",150000000000063,,,,,,,,,False,,,,,verra_platts,2262
110200000677708,110200000677708,2026-08-21T17:27:52.627602649,150000000000001,Verified Carbon Standard,,,2024-01-18T13:18:52,,Rejected by Administrator,Rejected by Administrator,3849,THE FOREST CARBON PROJECT AGROREFORESTADORA RANCHO VICTORIA S. A,"The Rancho Victoria forestry project is projected in the next 20 years to have a growth in the forest cover of regional commercial species in 3,618 hectares, distributed as follows: -	P. caribeae -	 Eucalitus sp. -	A. mangium y mezcla con otras especies nativas The plant material needed for planting will be produced in a transitory nursery installed on the project premises, using high-quality seeds. The planting density has several proposals that vary between 1,040 trees per ha (3.1 x 3.1) up to 1,200 trees per ha. It is noteworthy that all the lots within the property will be surrounded by firebreak corridors that mitigate the mobility risk of the fire to other lots or land.",Carbon,No,2018-08-08T00:00:00,,True,True,,,2048-08-07T00:00:00,,,,3849,Colombian Institute for Technical Standards and Certification (ICONTEC),110100000042585.0,,REJECTED,False,100000000000011,Colombia,PUERTO LOPEZ,META,,3.937164,72.561914,,,,,,3849,2018-08-08T00:00:00,2018-08-08T00:00:00,3.937164/72.561914,Agriculture Forestry and Other Land Use,,,,,,,,,,,,,,,False,,AR-ACM0003 (Version NA),,,2018-08-08T00:00:00,,150000000000045.0,Latin America,3618.0,www.ranchovictoria.co,AGROREFORESTADORA RANCHO VICTORIA S.A (PP),ARR,120048,,,False,,2018-08-08T00:00:00,2048-08-07T00:00:00,,"5,000 - 1,000,000 tCO2-e per year",150000000000062,1.0,30.0,,,,,,,False,,,,,verra_platts,3849
